X,Y,Z
0.2,0.4,0.2
0.592,0.8752,0.5792
0.8936832000000001,0.21010401280000013,0.7695112192000001
0.35155009073971183,0.5626590387487596,0.3847132746140028
0.8434617104302652,0.8435741730671669,0.8264589772934283
0.4885259978327716,0.21992487779488712,0.2547046734223024
0.9245128849147859,0.6260826023138957,0.6563964123694832
0.2582185990029051,0.7205266609460812,0.5962706270374205
0.7087044902879635,0.5893194554814551,0.833935648519663
0.7638370122144731,0.7182614909011632,0.2787659999628018
0.667443114647238,0.6848373105103591,0.6627538086790259
0.8212623724217579,0.6343055231251666,0.6545214691453327
0.5431248058439916,0.7107498268583716,0.6261644481116768
0.9181189291473968,0.599090940379152,0.734752841438729
0.27815327602794654,0.731810617031938,0.45515870799567476
0.7429009149326099,0.608641317023899,0.8718784874400863
0.7066968384421337,0.6881203944573461,0.15646004254317755
0.766922742818698,0.7681631724985735,0.44673878022258634
0.66138332265473,0.5359072673430213,0.7824016097195838
0.8286350657250015,0.7724084421625553,0.42634056016467187
0.5253962762309187,0.5327763424507913,0.7685040521167873
0.9226136078683307,0.7771628777814154,0.5003010683681273
0.2641716322446974,0.49909702688007723,0.7453658333281571
0.7192244295589182,0.7961929693966492,0.6272778576229747
0.7471804030928977,0.4136058720073416,0.6892758669575999
0.6989368388092806,0.8027508681682614,0.5907243157710758
0.7785692964089101,0.4088506437589828,0.7342294521745525
0.6378768442635055,0.7935189108835374,0.4972486138976173
0.8546629105189669,0.46150986162979046,0.8030984884742324
0.4595926136381964,0.7911448160420205,0.31369706274173625
0.9189587995714094,0.5253152292289301,0.7432141807340297
0.2755520397682294,0.7864088549717524,0.4367570431776172
0.7386055186468508,0.4975386357699862,0.8669815040416944
0.7143494039436893,0.7724343816700746,0.17286449219164365
0.755001032207245,0.6110359481901811,0.4825001186711524
0.6844055522209865,0.780466481826297,0.7831455303961964
0.7991799915472703,0.4031721939755586,0.41736676437388026
0.5938179308337685,0.8422518715722251,0.7711784370464727
0.89243332466006,0.24241402844465446,0.4732637561292177
0.35518551707613205,0.6483046767787665,0.758398305611495
0.8474064324813232,0.6651923650005527,0.573867936513131
0.47844245148121944,0.6891563760672187,0.715182171675282
0.9232805067768837,0.6126021497221336,0.6208820701455737
0.2620843665560068,0.744930980860624,0.6463422684873584
0.7155657600428909,0.5256411672289993,0.7825737768828301
0.753066191459384,0.7779735680436495,0.40897246572168267
0.688042760138897,0.5256541215174896,0.775982700502828
0.7941677053295774,0.7793528517676136,0.43309709073657837
0.6048218362221847,0.5150021192080368,0.7757685936293024
0.8843458158087351,0.7843402717711808,0.45941954578295546
0.37842968732017623,0.49525280467100563,0.7613597022506402
0.8703164385772406,0.794088603274757,0.5606424688424221
0.41760322068203437,0.4399950391345153,0.7211451236991934
0.899879851804698,0.804469638888913,0.6276117729679639
0.33335558524641534,0.3926294968557643,0.643510599988181
0.8222496644163105,0.8003580564683288,0.7675783715421074
0.5407740689992283,0.3582524298632415,0.41119832874280465
0.918848658599811,0.810125707470902,0.8117189016768043
0.27589346439981416,0.3184095924428724,0.2701938043888161
0.7391721645947458,0.7859412926242203,0.7037256164455387
0.7133477000273363,0.4147032334548411,0.5675348934429251
0.7565862079042694,0.8233550427483436,0.7510933376145602
0.6814050162792359,0.30240233688458695,0.4681552011615749
0.8032412142543017,0.740782027406045,0.7986262596999328
0.5847656341170336,0.4892075858316375,0.34166335747487897
0.8984147129091276,0.8777019974394951,0.756820572442663
0.33768315118888853,0.14004456901772427,0.4126651851553106
0.8275169901905141,0.43211668432857847,0.8458861519880063
0.528110698205223,0.7813726058874496,0.20495543887531842
0.922076217991735,0.5816767200141552,0.562873525886607
0.2658511649614357,0.7888191221530071,0.7076896246595422
0.7221449952853078,0.4063900420934445,0.6942818292299118
0.7424109239578551,0.7990168357289872,0.5890381441732516
0.7075766925998263,0.4187656051409635,0.7255852758968881
0.765574091750474,0.7985156154303963,0.5353310819832116
0.6640404866263702,0.43717016400558256,0.7614221357326935
0.8254356593653196,0.7969297002774002,0.4735234468341095
0.5331390369698009,0.4607818472682636,0.7710469953077472
0.9209366756462425,0.7970723364246333,0.492274616950136
0.2694055658547933,0.45445615016197727,0.7484364849634121
0.7282569656826322,0.8011067388256077,0.6197458622379944
0.7322254031842232,0.40369225169253375,0.6961249574828675
0.7254640398289225,0.7975317099700235,0.5830220528509203
0.7369140769528816,0.4243836224013749,0.7351746866061266
0.7173253645237871,0.7985881391590175,0.5075532341887307
0.7502478379580314,0.44586416839447096,0.7841554454983762
0.6932912725101241,0.7940712721238563,0.3943067689489944
0.7867623906942428,0.4928704174747567,0.7790958835435939
0.6207391257482933,0.7912105336704013,0.3950470786084363
0.87106163500009,0.4994163228438468,0.7909352982819926
0.41555907321492197,0.7869963129231369,0.33954538859415434
0.8986180005696053,0.526764792315563,0.7777855949649537
0.3370836516009937,0.7784081545138118,0.36337395272777695
0.8267955746700344,0.5388667409343199,0.8115649947763116
0.5298572137915033,0.7643596894611702,0.3004900464964719
0.9217016231030514,0.5889577568921296,0.7182415683217547
0.2670206419673324,0.7458814589131783,0.4880169307051374
0.7241662893035385,0.5708688127556364,0.8773415928558961
0.7390730565375643,0.7256765896132191,0.1461850766595836
0.7135230724598105,0.710051655530997,0.42109521950961815
0.7563092208510934,0.6586202384932411,0.7866549505615882
0.6819306582348101,0.6426510149142078,0.3863418971697883
0.8025345716987203,0.7687663955000995,0.776561074962786
0.5863494818301658,0.43315265778263234,0.3961851312761303
0.8974119378543488,0.8594653590949455,0.796986421105436
0.34063588110814963,0.18257310996493253,0.31580247288269025
0.8310313871563495,0.5410650248009508,0.7607556666917776
0.5195474166541693,0.7739783354635876,0.4241793793206622
0.9235862244579488,0.5299353350353214,0.8204620682552485
0.2611264286630029,0.767695913797854,0.24486412807926494
0.7138758425918217,0.5989285572169724,0.6622729570071887
0.7557513586358618,0.7493439966934864,0.6429307871340987
0.68298759745687,0.5172776893114907,0.6596450127777566
0.8011074949547613,0.8073837406985596,0.6549783630295121
0.5895368229836532,0.3763200395789729,0.63076871975036
0.8953376821209778,0.7922299869025036,0.7176417411660114
0.346720033252287,0.39477925649190304,0.4967786324567484
0.838069431637134,0.8247029299476446,0.861064155197311
0.5021235197524173,0.26241821486566236,0.15638093523401808
0.9249833154562861,0.7152226221623482,0.45935547233643714
0.2567399718599964,0.6384908924265121,0.7538961841102435
0.7060508672245014,0.6799582919065565,0.6127745129851083
0.7679092484293144,0.6559203053287113,0.7096287117795317
0.6594311480423475,0.6669199321796612,0.5485554076046799
0.8309523234254267,0.6933436288968992,0.7765358164188807
0.5197410705914537,0.588334487233904,0.38741824877312864
0.9235580734880421,0.8243321227253676,0.8023074292077651
0.26121466601746407,0.2828296738779,0.2936390104086398
0.7140317878169404,0.7335041167079563,0.7409032017330967
0.7555044570743715,0.5215164084547195,0.5025008332153323
0.6834546479359834,0.8384250550384669,0.7781200868285046
0.8004742509575322,0.2511127117716659,0.4295311723672018
0.590946330692587,0.6677040501331121,0.7739955595298408
0.894396430254152,0.6319688409773857,0.46777039774089163
0.34947038647029266,0.7609218441003662,0.7587869906189699
0.8411610911672087,0.456705772532917,0.5747995386252264
0.49435370653231825,0.8329090983653883,0.7157871051148448
0.9248820416692842,0.2875941548754465,0.6152408385894719
0.25705842746768015,0.7036847336895734,0.6529866415656652
0.7066237516414373,0.6043786682204388,0.7757914378138379
0.7670345134531854,0.7162685354844953,0.42777632561057527
0.6611625039118361,0.6456404508104902,0.7793478336780085
0.8288985951316095,0.6635504926819517,0.4335987846350547
0.5247551422456784,0.728803798510041,0.7698342990108683
0.9227325768498661,0.5226892818193093,0.49755495517438547
0.2637995233385267,0.8390273858598852,0.7463336945665866
0.7185745388521034,0.26005066809536603,0.6255163354755144
0.7482331325726844,0.6622975461100158,0.6916017713236189
0.6970071540046628,0.6622144722576131,0.5864424478193087
0.7813962707026373,0.6901945672260451,0.738701223342997
0.6320197136881981,0.6043233520774682,0.4871534681918733
0.8605119422314389,0.7861016056892411,0.8062298376327343
0.4441152161815079,0.3820799652522361,0.3036424645550441
0.9134444964689735,0.8460323103087078,0.7326297364641167
0.2925354988562129,0.24445762862410192,0.4609996289619397
0.7657463788310905,0.6530808540743315,0.8703982697667203
0.6637017899112014,0.6290442548363726,0.1530333236383248
0.8258463787255147,0.8435479602970004,0.4415371505137345
0.5321493086444333,0.3498816350439289,0.77142865152558
0.9211757612286344,0.7518522340148206,0.49172844269620136
0.2686606191678771,0.5573534581302855,0.7485581535765666
0.726983736241977,0.7656814053740724,0.6197308619518443
0.7343700188820406,0.48837605843618115,0.6964583139956334
0.7217615687221582,0.8084358349522108,0.5818401247268034
0.7430406845601837,0.3972463661946323,0.7371042251557633
0.706445534899514,0.7879648010164804,0.5017881302366437
0.7673068921441981,0.4733917596817974,0.7881937120072543
0.660623994025177,0.7930740025294012,0.37911852279011055
0.8295397504105796,0.5000592200556042,0.7754602096054933
0.5231931457275318,0.7898895757036919,0.3904225957858527
0.9230096885676675,0.5039877527235321,0.803626617625841
0.26293237249817414,0.782932700572232,0.2903544010732138
0.7170560779654256,0.5514763665171822,0.7359638203885537
0.7506806383675884,0.7726370329265198,0.511783468510708
0.692489104926188,0.5058598582427675,0.7758091011768299
0.7879073945934455,0.7878899298140922,0.4321214036868553
0.6183045289121323,0.49552564684918676,0.7766714259939236
0.8732149422238503,0.7909800807175054,0.4531570859157038
0.4096292455331379,0.4815743487667716,0.7635559425698555
0.8947825689272335,0.7966330902076361,0.5464924084354545
0.3483428761034922,0.4382517265780428,0.7263623037156368
0.8399004320543254,0.8032556162673262,0.6381783461505799
0.49753047627034663,0.3923280616545265,0.6445705826531021
0.9249774353744301,0.8000242780425417,0.7239721658776933
0.2567584638635168,0.37306681143981635,0.4755284974424366
0.7060841538624667,0.8131349500107049,0.8789338748821212
0.7678584896491272,0.2884810406831831,0.14760140815769313
0.6595317692346873,0.7588496956985723,0.42269786704410006
0.8308335740379469,0.5634223773273993,0.7962576256532129
0.5200318412703299,0.7503435900004114,0.33887785199086184
0.9235152837406853,0.6063902390409879,0.7629366013912107
0.2613487764207735,0.7171596991628153,0.3909819136097
0.7142686958913107,0.6545829053079949,0.8449149535542261
0.7551290260558369,0.6334468399468411,0.24604674950493452
0.6841639662360606,0.8153425222517672,0.6157700002871787
0.7995094440987516,0.3682879879699504,0.7116269238903823
0.5930881437139301,0.7745908962589115,0.5358152691849414
0.8929380107496104,0.49397234219986125,0.7981139580049512
0.35371896292011434,0.7871641740794169,0.3143298971135787
0.8458268753060826,0.5343171727936312,0.7572852218775016
0.48249395756931535,0.7786962141416949,0.4275391731503665
0.9238660923701358,0.5182321742314827,0.8279538472211416
0.26024888223382464,0.7721145530066637,0.22393274542740324
0.7123217856605172,0.5959441801030045,0.6231758612670132
0.7582019995355387,0.7616528089893876,0.695998373876902
0.6783273915126438,0.4741692659251449,0.5760119077691296
0.8073375633142962,0.8332270252212304,0.7522166843926442
0.5755114020513147,0.27456094561984784,0.45044157407924384
0.9039027041929055,0.7034204740232151,0.8171698354671371
0.3213916405189357,0.5586584214193778,0.2603234495220204
0.8069664995168868,0.8738209817277299,0.6828388500786605
0.5763548022450916,0.1781031965490114,0.5852290016022715
0.9034287934442179,0.5116331908085542,0.7680581661088457
0.3228072718945275,0.7873028282335583,0.3851443839253113
0.8088301272941985,0.5116976757833465,0.8311954941925345
0.572108624159162,0.774354440361228,0.25303312306116904
0.905761281390929,0.5821031142240584,0.6452024127452103
0.3158237953387677,0.769289583733663,0.6178087390687986
0.7994927648553605,0.4807766628677387,0.8003230154098869
0.5931251100573796,0.7896924998839032,0.3385376573172476
0.8929125413441636,0.5208395462669567,0.7527011981489345
0.3537930189615422,0.7865437761096499,0.4236100926844409
0.8459070191737942,0.5013591185699988,0.8483441278430286
0.48228883611931156,0.7748629918998078,0.19155359021496515
0.9238393642937682,0.6000511536758427,0.5391285584897868
0.2603327151177013,0.7777594325293861,0.7250772420879741
0.7124704924614441,0.42779759134427797,0.6660411437088191
0.7579682723828084,0.8113218312507713,0.6376269949135042
0.678773770642168,0.3717092712543384,0.6662183615047189
0.8067477740424116,0.7837310114492173,0.6463371977072722
0.5768514715440948,0.4380757733982262,0.641765341177459
0.9031472498895767,0.8180484355333419,0.7071563149342337
0.32364749115394353,0.33123958139133075,0.514894379170311
0.8099292327076958,0.7691239423528319,0.862517036174072
0.56959232163891,0.40587030652286227,0.16169169783655454
0.9070805624449539,0.8852573474610524,0.4673973329725231
0.3118560380141499,0.2184534448600448,0.7564590716308321
0.7940268434025879,0.5792647749144006,0.5909683982316349
0.6051283968272274,0.7843197503570997,0.7115181632267756
0.884107674667987,0.41621031746236636,0.5913435096748876
0.3791067887662619,0.820012404842479,0.6898371371463499
0.8709238764671007,0.33162798571099616,0.6913293475253843
0.41593726810649045,0.7461346053670197,0.5529841663799883
0.8988537912944197,0.550958868731848,0.8275540731923311
0.33638791672925,0.7528047697846236,0.2333349379065937
0.8259550189688791,0.633156987168869,0.6340734286654184
0.5318873047532914,0.717390430688402,0.653644002179941
0.9212378392436117,0.5787953135422161,0.7031179179751075
0.2684671263206806,0.758746566254482,0.5174288418030002
0.7266523551014464,0.5348908678271024,0.8733049422673544
0.734926226729781,0.7535491959749536,0.1577578854848914
0.720795771579678,0.6544430726269789,0.44790148338777347
0.7446221408343784,0.7375865258513019,0.7907647716644476
0.7035920303903406,0.49832601325514353,0.379967370049913
0.7716360550976931,0.869250357690863,0.7694660586696291
0.6519912582125633,0.1620693165529201,0.4223844191798473
0.8395250324797591,0.4859525633836282,0.7974336768397148
0.49847418358258877,0.7892481150471675,0.3331173199398561
0.9249913859717633,0.5235834088786384,0.7599784828392145
0.2567145908442587,0.7837328003932572,0.397380201013442
0.7060051758601171,0.5161177792637399,0.8500200196190555
0.7679789098197161,0.7685338430420652,0.2342004540467501
0.6592930243997952,0.6004262040369067,0.5952398333490496
0.831115209796995,0.7639180656598158,0.7392822838255905
0.5193420560120401,0.4558121855628342,0.4712361375992567
0.9236157740161404,0.8517012425507853,0.8290291237904346
0.2610338012174133,0.19500351809828265,0.22099043845478974
0.7137120766057848,0.5761360467983285,0.6173372425137976
0.7560104487575197,0.7808203876112356,0.702542515923396
0.6824970054698017,0.42748505159041755,0.5649408956917323
0.8017709190798542,0.8285216657559212,0.7600833820175166
0.5880569558714902,0.28513966727443024,0.43460157925078635
0.8963100983337917,0.7209275815697926,0.811861540531789
0.3438717320470432,0.526384643198468,0.2771297729871696
0.834808666600236,0.8840178126110249,0.7071045282942872
0.5102416800466764,0.1375274087223112,0.5343219020542661
0.9246118995623397,0.41896592311857406,0.816564544190522
0.2579075185752279,0.7833334610743541,0.2552051106968811
0.7081475526191067,0.5615854453202513,0.6807529925453749
0.764696006453102,0.7777429514667147,0.6156320569078609
0.6657632894207838,0.4618850668190921,0.6919521758399767
0.8233333679574854,0.8116676612739788,0.6086636846642746
0.5381854727114969,0.3802101047289699,0.6856217489436611
0.9196049177930583,0.7864863133576806,0.6542291206844278
0.27354733796635905,0.42894183905064653,0.6008608407004873
0.7352610098741472,0.8228200471328002,0.8264112244403317
0.7202133517620867,0.2790805918414601,0.2906040701395005
0.7455724949111177,0.7280748627193405,0.6831716691988776
0.7018683540495777,0.5494113717369076,0.6014454769798967
0.7742219202432631,0.8035947979638381,0.7228625737538177
0.6467686522949606,0.36424270932981245,0.5213736364082788
0.8452981620030275,0.7993718229935897,0.7934173340553125
0.4838459634741247,0.3525290295511268,0.34146163157092907
0.9240344742845066,0.8146436876243417,0.7704140460906023
0.2597206290875699,0.31973236658629345,0.37322397125381207
0.7113835484815293,0.7744308202598468,0.8314379735096458
0.7596728830960207,0.40276312336179493,0.28476527696781473
0.6755089770030215,0.8633828805752063,0.671135948500771
0.8110274162680058,0.21408297896672326,0.639707108925675
0.5670692014197002,0.5812103463574673,0.6498647547340356
0.9083563722174177,0.768987197382419,0.6990435506741118
0.3080067710968901,0.45647923894319253,0.5286275280734299
0.7886128202048249,0.8413174692098448,0.8618229852334953
0.6167997680496445,0.2146123229646581,0.17113509180607392
0.8745239124791322,0.6224425631129752,0.48545165045753774
0.4060078042308964,0.7674632469995832,0.7593970146841649
0.8923122283976593,0.441467976026263,0.5563646164467824
0.3555371271637523,0.8338028637386974,0.7196012913663475
0.847782769976023,0.28381370304768255,0.648266024594178
0.4774744361588773,0.6947412609379383,0.6283884253331449
0.9231226162024663,0.6270197332798789,0.7486652899046855
0.26257883113452746,0.6962422680546061,0.4235319893487052
0.7164353977258453,0.6814759658816754,0.8637636193664588
0.7516761588616441,0.5850576122711594,0.1902224958457704
0.6906387109243995,0.8731360181201611,0.5158266942597423
0.7905304630192082,0.23855400894339365,0.7865682453119911
0.6126905852140246,0.6115662531237227,0.37578608003208225
0.8780130784152466,0.8060229970231596,0.7805075184446217
0.3962926164240062,0.3393599139210638,0.36317545579894656
0.8852056807897403,0.7981573266071369,0.802788543427709
0.37598135890305723,0.35266572541079455,0.30469385279835437
0.8680916936437304,0.8199640401380738,0.7422788094489136
0.4236814687608136,0.31455821660816546,0.45389321245015984
0.9034492826211252,0.7579005482203338,0.8451694334430432
0.32274610250424796,0.43736027054230114,0.18136490411081593
0.8087499065434922,0.8984395576177886,0.5289007071106796
0.5722919322747239,0.15483544660968687,0.7557935077794105
0.905663343153551,0.44784675936454144,0.5135854039386974
0.31611783247949193,0.8427155257524614,0.7432592353249444
0.7998931893314514,0.25048169967615536,0.6158857938998245
0.592237077472658,0.6479522871122582,0.6829850551340262
0.8935215896954207,0.6852395649755586,0.6436456376990312
0.352020806241279,0.6388736447756564,0.6231967531055995
0.8439779853937199,0.7128417463462481,0.7857886339000931
0.48721283858856806,0.5497027412070661,0.36089314377497544
0.9243950074612406,0.8563084496460069,0.787682621888125
0.25858884727530207,0.19530769742219772,0.3308760444615505
0.7093664247584905,0.5682255754840038,0.7893728241351367
0.7628130906802353,0.7479883929062846,0.39451790016234367
0.6694383336582789,0.5944987173525286,0.7682321515028745
0.8187754090222913,0.7285593598638148,0.45663800744259764
0.5490142828298823,0.6144599821337244,0.7734518353498258
0.9161111202910874,0.7053758088398613,0.48197918685176366
0.28435068160935584,0.6495719540941324,0.7521733339622294
0.7529328744673072,0.6649984305294517,0.6078876277745342
0.6882923557507102,0.6803937303849161,0.7036207347828861
0.7938201584336376,0.6304959710968963,0.5820448692437931
0.6055779436427186,0.7338388517515343,0.7201437585550229
0.8837572019198474,0.5269195119859398,0.5752753485445204
0.38010251690620295,0.8210112623603306,0.7055595805283156
0.8718109961267588,0.323768743722995,0.6655383739788062
0.413499357689141,0.7414106081986629,0.5959715447628662
0.8973152638552928,0.5479612207931002,0.7971632604723046
0.34092015009811655,0.7615791251622094,0.3153789628841653
0.8313663250142187,0.5902842317768758,0.7601964529281946
0.5187265269923135,0.7346955116350061,0.425347145343036
0.9237024735911828,0.6117898481453701,0.8210127198166711
0.26076199132903805,0.6968465539663573,0.24330850936536702
0.7132311482664652,0.7307109427233555,0.6595090159612997
0.7567701664131695,0.5510357203160549,0.6471986215381895
0.6810556020685669,0.7925026194091432,0.6534849014306635
0.8037098151504786,0.41443618422337514,0.664341851127457
0.5837132882706701,0.8071950696439688,0.6159541056544127
0.8990707158575731,0.3894078482402515,0.7361670422464704
0.3357474858562191,0.7841005516167469,0.4577709848770657
0.8251781129105542,0.4963290007361078,0.8618879793399388
0.5337590210705443,0.7738370600165471,0.15833353778962406
0.9207832154365267,0.6125403962883909,0.4619374047411119
0.2698834967455208,0.7839428834040717,0.7544729249456579
0.7290716612407457,0.403657467191726,0.607658016873256
0.7308468438606985,0.8118002014825654,0.7096737792876372
0.7278260183143507,0.3470654710584927,0.5589921546535446
0.732952629902408,0.7789869426719868,0.7543145098881365
0.7242123672197415,0.415748098845721,0.4682550423061053
0.7389966132271635,0.8402976553886682,0.7906047614385339
0.713658289803999,0.2415292407353993,0.38214010973908225
0.7560955002327123,0.6555498315436545,0.7692386692430239
0.6823358506140602,0.6518303526318282,0.42769204645353365
0.8019884590491345,0.7463486534113918,0.793818356129494
0.5875709912241782,0.4786145443776521,0.35420201371818216
0.8966258895352551,0.8754607692826271,0.767676232252144
0.3429452438763602,0.14330224661927757,0.3881325431894816
0.8337350732420931,0.44181006796124667,0.8302034163649107
0.5128973332859507,0.7854837711169134,0.24752453575436825
0.9243845375382111,0.5591556797857912,0.6420909709042008
0.258621727904371,0.788160763647423,0.6174781941948095
0.7094251601124755,0.43645272080294123,0.8147824998556901
0.7627220785538971,0.7874897741292858,0.3301816751919349
0.6696153049291839,0.5285757234073181,0.7219869185597829
0.818553398834986,0.7892634548526661,0.5533037294660798
0.5495378087355098,0.45403378569521907,0.7382669508840128
0.915920220371031,0.8029340095731867,0.5565291186528812
0.28493837006009787,0.41937066381631316,0.7142180773291249
0.7538694327120927,0.8006170366744145,0.6778882351562894
0.686536151197429,0.3863075736360232,0.6078677982380989
0.7962557778968647,0.8022102679771105,0.7197867942884492
0.600260302032077,0.36880050299937855,0.5210470484874181
0.8878071257948157,0.8030687302826427,0.8032465774306902
0.3685408427762268,0.3397796394435392,0.30266321530354384
0.8610584129334565,0.8068297490512719,0.7405189768909397
0.44265624306490214,0.35014471315011614,0.45974827493432074
0.9128332661001033,0.7957226544126101,0.8425686732455631
0.2944041692841487,0.3462514696219165,0.18579585372713064
0.7686023112513585,0.8299132169957995,0.5408661770203769
0.658055354044585,0.35402568219652386,0.7575030372475307
0.8325684687140114,0.7571836526770425,0.4839433594605553
0.5157733903837055,0.5484042298056679,0.7678745328837084
0.9240794405764721,0.767701318712167,0.5046451323463923
0.25957952389728206,0.5191434015343178,0.7433868559778848
0.711132580281007,0.7892449916443859,0.6324505561558906
0.7600652241123713,0.4290917520131587,0.6848370042875438
0.6747544930673137,0.8084510729836364,0.5946989320094416
0.812005208465309,0.39304900060031767,0.7361291471094472
0.5648151745949207,0.7860284782559536,0.4834877756711592
0.9094562746262509,0.4837354781620229,0.81975323581341
0.30467856892601114,0.7853825695446376,0.2514473800728249
0.7838432926838733,0.5581517066336334,0.6695400827053813
0.6269020452339951,0.782735496750299,0.6131471153206115
0.8654147223870876,0.45085641019983047,0.728622284446476
0.4309466984522405,0.8044693396354138,0.4833383051149284
0.9073570737178104,0.43905569336454314,0.8456500643457193
0.31102279362063096,0.7824453016893422,0.17863421571661234
0.7928641772354826,0.5875405817493006,0.5235896764905896
0.6076531226610802,0.7929804506983539,0.7618757218227363
0.8821199791708784,0.37887306051561725,0.4897040509316334
0.3847419896182556,0.8153265709183889,0.7568145646868647
0.8758476868585143,0.32233099134448023,0.5681808226807906
0.4023325102474854,0.7524225591784705,0.7136511728521475
0.889705927348137,0.4893622823800002,0.6453437888548482
0.36307837370199547,0.8182494875097982,0.6217492032651152
0.8556341325320655,0.35865287001253554,0.7845614533672282
0.45704014597921144,0.7569252510509347,0.3602531554100287
0.9181714684872964,0.5864061060674746,0.7914913863737562
0.277990704889759,0.7311243099257364,0.3232319872033136
0.7426339296732195,0.6485491662699324,0.7778192239188804
0.7071764718339252,0.6598056851853938,0.4118233224808323
0.7661882652182532,0.7397775526876568,0.7845838238906843
0.6628320876023583,0.49550842091203634,0.3882692479306495
0.8268971316141143,0.8679674684390529,0.7806174827732363
0.5296115817671184,0.1621675492679156,0.3788680985494784
0.9217556706334223,0.4890096647632716,0.7951554991360938
0.26685197086764306,0.7890079337417475,0.31274998440095303
0.7238753870932813,0.5305683982177671,0.7661840658778553
0.7395553008991839,0.778862645025796,0.4445745653217546
0.7126690539010756,0.5125456545477614,0.7870572482580449
0.7576559319974393,0.783043943776448,0.39910052895495357
0.6793696566141646,0.5171642550073137,0.7711754305929125
0.8059581472586318,0.7843566211461548,0.44688038034654953
0.5786415648664419,0.4991487253250423,0.7754365449931516
0.9021173658188217,0.7901739955512824,0.4683011936781306
0.32671600919564786,0.4787046475839071,0.7572770350210092
0.8138988365643938,0.798280985640246,0.5848019090779394
0.560429825493024,0.42195305687551304,0.7128602893585927
0.9114884739062659,0.8016573589605209,0.6016453826102783
0.2985057726164818,0.4081053474455025,0.6722086315904402
0.7747802824251405,0.8033465344441044,0.7394171136324338
0.645634446644332,0.3595644562559305,0.4876132179516334
0.8465252494172171,0.8003189508111092,0.803501275525943
0.4807049306104414,0.34685331590071705,0.315265902736687
0.9236224910998329,0.8126038226028498,0.7424287759473578
0.2610127446271765,0.33429386881757395,0.4370796673628374
0.7136748395466499,0.7827615659810404,0.8696392926362401
0.7560693328954395,0.37048540410189496,0.17346859816824145
0.682385437976793,0.855887131042005,0.4809016313400185
0.8019215424518495,0.3016026358194398,0.797379030479757
0.5877205141529352,0.7000168297139217,0.3452502806825867
0.8965289121679554,0.6971021496253997,0.7597511216711104
0.34322984071512247,0.58630015103842,0.4065536611689584
0.8340655334838383,0.8215026440787863,0.8416996087976875
0.5120808115511867,0.2777008867753681,0.21484487043473502
0.9244599997713795,0.7343390896855239,0.5835067995034037
0.25838472179809807,0.5660252813624036,0.6882875274103119
0.7090016121558449,0.7726864466511764,0.7269806496059593
0.7633778066301538,0.43923590688093733,0.5321726180698876
0.6683388846063507,0.8375434714463876,0.7636500058727616
0.8201494737391121,0.25848741970573313,0.4672670715183953
0.5457659635189076,0.6762058622032103,0.7727226889414565
0.9172502633577884,0.6186288029454876,0.4846247888187128
0.280838205593068,0.771883701688452,0.7513117166483358
0.7472819991276347,0.4336094678310095,0.610654992662165
0.6987509677575298,0.8224245690022067,0.7019177645905011
0.7788427954171477,0.32113049580080766,0.5821463978775969
0.6373127731426176,0.749283563215648,0.723537114708532
0.8552372486279709,0.49324833834669674,0.5596681310351576
0.45808403959274785,0.8344055386819178,0.7252961235837225
0.9184992933736095,0.28021725586056384,0.6082803316402337
0.2769758633494212,0.6942289034004058,0.6629023536673097
0.7409628675436767,0.618317613437849,0.7578385215017545
0.7101665169209755,0.7046495996899118,0.4580797025960161
0.7615711301116297,0.6575738146666056,0.7933376550899652
0.6718480124008621,0.6424732360102786,0.3682320129767227
0.8157325643453306,0.7736395199465771,0.7664519966481884
0.5561579069041102,0.42477591970687784,0.41580445948439065
0.9133312711209526,0.8529607679942426,0.8111281576138045
0.292881863160089,0.19733847334712631,0.2735697981940383
0.7662776863502665,0.5771425425422967,0.7072237801218548
0.6626559168822118,0.759237754089455,0.5534849736360082
0.8271092950018659,0.522877398988331,0.7726503731798601
0.5290981837565143,0.7814210740644391,0.39783527712067596
0.9218671940976669,0.5212814890743931,0.8069744451407185
0.2665038610133971,0.7750236951189208,0.2818827799334804
0.7232743463898914,0.5717019022476741,0.722971407632702
0.7405496951034172,0.7602367530634477,0.5358928862015953
0.7109026234869161,0.5260442391835976,0.7664654012849713
0.7604243086034435,0.7811581333964124,0.44791292066093064
0.6740629641071483,0.5062350648036196,0.783665853333988
0.8128977127470642,0.7861653949760957,0.4193692519994114
0.5627515790233261,0.5035759687391231,0.7694533765152324
0.9104302855212932,0.7899603712605414,0.48670450468297977
0.3017238286895659,0.47339796762671926,0.7520982064066934
0.7795402715947589,0.7999083095347975,0.6028105787396516
0.635871775259895,0.41213064579235364,0.7027134949167299
0.8566937845445811,0.7999706249276622,0.5984006579958446
0.4542473130488766,0.41338544006869526,0.6889219453332925
0.9172547590559843,0.8027260094520522,0.6720512376587008
0.28082432436699006,0.3828001176394395,0.5733050639980433
0.7472594858800103,0.8052941306555607,0.8456108845417735
0.698792162576706,0.32030077365988463,0.23290129139397037
0.778782201562883,0.7930975653114979,0.5995089622508475
0.6374377911394827,0.4300869897105969,0.7064096713347873
0.8551101581967898,0.8049969627320627,0.5913926887815241
0.45841806951816844,0.4029447759971094,0.696645882082537
0.9186024893123954,0.7971095440443476,0.658407052902306
0.2766562369834239,0.40139495491291616,0.59472906168704
0.7404349850299035,0.8127587324546461,0.8308040244310343
0.7111067665025795,0.30515057620739783,0.27685300824631137
0.7601055526062539,0.7676946517438263,0.6660153436689402
0.6746768755625625,0.4696050206313118,0.6249759447418298
0.812105559831694,0.8241110923964647,0.7032346421574287
0.564583442231936,0.3161011715256976,0.5479076253400479
0.9095672222610546,0.7478873180451041,0.7977262478396686
0.30434235466264653,0.47408235953569494,0.3100215236630971
0.7833569175378569,0.8836705887722232,0.7579973519237055
0.6279227719487437,0.1206442172913611,0.4448740153673982
0.8644523283427139,0.3795485477235444,0.8069567780850387
0.4335456513526261,0.7676459628170437,0.3004621690870478
0.9086601323196573,0.5819626854300788,0.7297812862870745
0.3070885161341769,0.7497242159273028,0.4683368208919888
0.7873050897529393,0.5688215620692342,0.8687421445387519
0.6195864059876054,0.7294326745298813,0.1506026938970822
0.8720866385609801,0.7020814385831862,0.43854351091795124
0.41274067359624483,0.6674791848303282,0.7629707572932471
0.8968274968355827,0.6352668919605998,0.5467849108882711
0.34235336969426056,0.7368951004462492,0.7257088630852587
0.8330458978270083,0.5189605668104644,0.6411069440664154
0.5145975907802272,0.8105573890740013,0.6423018449216289
0.9242115682706282,0.3721855260191831,0.7224598951665245
0.25916481777788425,0.7756922332668799,0.47882081646830116
0.7103941355149491,0.5091295003273038,0.8786939610686358
0.7612169386413937,0.7657373384700671,0.1468304731803213
0.6725331305772279,0.6330968307481941,0.42130124409515046
0.8148595797569186,0.7713483902065287,0.7936245838038307
0.5581947466305974,0.4218143752220256,0.3506016881467615
0.9124694744190222,0.8627373577201687,0.7686885290319609
0.295515050888234,0.18236315902890482,0.3808781574128151
0.7702878506710064,0.5358405872385102,0.8321910589932923
0.6546945677846967,0.7617757114199458,0.2630839883368553
0.8364574855822519,0.6058053457705952,0.6523035254994701
0.5061465334639744,0.744616179763025,0.6254598596577179
0.9248602144675921,0.532524842463603,0.7448168079319094
0.2571270532014408,0.7823478875505998,0.4315002245718046
0.7067471073395216,0.5086238384272541,0.8681647919706237
0.7668458443449394,0.7680911556209519,0.18034224957830375
0.6615351928165946,0.6179128452558168,0.49456851019509085
0.8284536114823107,0.7702049061680706,0.7990204660756467
0.5258374328856411,0.4228557935805572,0.3326021941211397
0.922529980128956,0.8662472500554648,0.7558001918919127
0.26443313880122876,0.17607802277823636,0.40768715959738255
0.7196805394483476,0.5196679095133764,0.8551770248235819
0.746439704174427,0.7657745725061366,0.2145376204398362
0.7002896471637576,0.6122804717511817,0.5628060158895996
0.7765710117843647,0.7595078484420803,0.7576752137336532
0.6419813591301194,0.46025434897622136,0.4476495183923847
0.8504127865403869,0.8566156155264686,0.8048520102280822
0.47068025240730454,0.18850012438322486,0.3105001606105399
0.9218193038840724,0.5548066603565338,0.737955578854021
0.2666533570217992,0.7698766812483412,0.4472582908725292
0.7235325735799751,0.5319561692963818,0.8719469511933284
0.7401227976302382,0.7556048522673608,0.1630055230036659
0.7116618556154423,0.6487709772489192,0.45927952611729683
0.7592372578464824,0.7421511113255422,0.7930909680640505
0.6763453633336747,0.48791419516038825,0.36958570138780844
0.809938557473643,0.8723174239406438,0.7667436216738361
0.5695709351872821,0.15347787308559097,0.41690787674608115
0.9070915744155179,0.46551227713369236,0.8093325567796549
0.31182286514761093,0.7898023599662856,0.28039023659412377
0.7939806538993595,0.5389540101277145,0.7156173379848737
0.6052288879917485,0.784990238049439,0.5297795596623989
0.8840294601884742,0.4716418196772157,0.798445864003794
0.37932908271719196,0.7913279913561917,0.31631998002559003
0.8711225599718652,0.5240587037221537,0.7564975918280944
0.4153917682757385,0.7842323968333476,0.421656578115028
0.8985133543606267,0.5073504509933218,0.8371067180448348
0.3373922936660939,0.7749131815175015,0.20639507953911784
0.8271673152110569,0.5953426600394712,0.5814672368190722
0.5289577270730791,0.7721700571300728,0.712922415024113
0.921897365158216,0.4447917420314612,0.6105079199784714
0.2664096691084534,0.8248591898923683,0.6594411014594078
0.7231115620617178,0.3285049743939371,0.7651595565608025
0.7408185542352069,0.7332846561930675,0.447130034711407
0.7104237685634395,0.6081364200080756,0.7871048420378076
0.7611707992071722,0.7093317771212664,0.39969221674980526
0.6726223104735016,0.6659554266263432,0.7708770392401527
0.814745690329123,0.6355463512735033,0.4496437040685847
0.558460056551202,0.7612429993637865,0.7740288776420509
0.9123549606157121,0.45133329440713194,0.47775272377974787
0.29586452988577366,0.8497969813840686,0.7538067913716525
0.7708162264126022,0.22625393711738734,0.6011555822899395
0.6536367145930615,0.6073329648274178,0.7065830882272492
0.8376643117374857,0.7298005382719395,0.5865036915392408
0.5031364065417453,0.5741723897519967,0.7056463697804269
0.9249636029298182,0.7621391009595867,0.6306650511053901
0.25680196388415916,0.4929882887853789,0.6331502300760643
0.7061624463487732,0.8199599003363784,0.799010491371275
0.7677390691473102,0.2959623778790527,0.3717124596076302
0.6597684261528879,0.7436283309367893,0.7546261108740354
0.830553985017128,0.4961744513352955,0.48966442981743313
0.5207160330603964,0.8477610884493948,0.766925517276681
0.9234121301046901,0.22778736734822266,0.5052126925992215
0.26167202189677297,0.6188706406424671,0.7432911080978324
0.7148391669569426,0.7075873158975409,0.6320117097548263
0.7542232896626136,0.6032289860040648,0.6844565299306306
0.6858709202745397,0.7395658675700383,0.5969367112112004
0.7971724036862942,0.5514693707761414,0.7312755667671164
0.5982476812030477,0.7736759859682012,0.49784211691884284
0.88928535461143,0.5078161025169055,0.8108495211502963
0.3642905769346969,0.7800640968633659,0.2821153381652893
0.8568569242177455,0.5604850856389616,0.7122889560693422
0.45381660186004597,0.7714801410727508,0.5182203551465406
0.9171082468241122,0.5064897696737015,0.8346942291740785
0.2812766285958675,0.7757351621696823,0.2070827709413409
0.7479923211659567,0.5933505001380276,0.5875231110843527
0.6974492919780677,0.7726170332668245,0.7257185924577
0.7807509752602312,0.4397892046366679,0.5380093879163858
0.6333618925945875,0.8366519269405593,0.7566051237944735
0.8591940407332819,0.26338946082734876,0.49337023358452137
0.44762467207628076,0.681399003479339,0.7602761860254642
0.9148502525920668,0.6133962635980068,0.5418661106126798
0.2882272913199041,0.7634426073315219,0.7251891518036245
0.7590635834756924,0.4612042934435594,0.6577505048174918
0.6766784209519121,0.8179677533829348,0.6377171929270702
0.8095035216087741,0.35417595967965176,0.6868346009034014
0.5705680094135384,0.7673154986539139,0.577747323409968
0.9065745773754198,0.4975645731748537,0.7756562596688091
0.3133793182183953,0.790601949362552,0.36605459228095577
0.7961390681860655,0.5100195268686932,0.8173725198097544
0.6005161134873886,0.777870143995881,0.2950049447380445
0.8876170904387445,0.561349116489026,0.702812452474049
0.3690860674392682,0.7729639010232229,0.5274543082561838
0.8615877063674916,0.5002736231418541,0.8493256762091392
0.4412410232344177,0.7750416236870016,0.1833468230910023
0.9122253158030086,0.6022103900192338,0.5246383919278117
0.29626006934110644,0.7791334004818343,0.7363064035692547
0.7714131504239042,0.42100721429620774,0.6350172606405606
0.6524391365747932,0.8144745892966164,0.6662413960626054
0.8390205456692268,0.3541249945836203,0.6533205449557917
0.49974075757231706,0.7720205711867,0.6232935109890978
0.9249997513354458,0.4728200125094616,0.7488571332018498
0.2566882820497943,0.8005776628631343,0.422543808587957
0.7059578092600425,0.4681769453669883,0.8642971851655326
0.7680511089777748,0.779314361856622,0.1922467875197149
0.6591498310104048,0.5901693088312092,0.5186090686332273
0.8312839257706304,0.7918398316801819,0.7919753415603042
0.5189285539461981,0.3722085093352719,0.34952893928685236
0.9236743264283718,0.8312310277891364,0.7732212519722501
0.26085024096422227,0.27319090515434546,0.36662070095283616
0.713387353186579,0.7104848819355641,0.8255678215443489
0.756523598750097,0.5429099302335457,0.30012095086349194
0.6815238801519071,0.8728645714162219,0.6905604877415616
0.8030815994580054,0.17836788935841125,0.6066611406694282
0.5851237130589156,0.5106859819412263,0.6927996923133498
0.8981896278577347,0.8030471245429687,0.6295717852062401
0.3383465749861192,0.3956236996362793,0.6413555482342519
0.8283122296707421,0.8023249404367299,0.7688690441808643
0.5261809954399159,0.352753478843504,0.406333653018213
0.9224638552677679,0.8057095425182846,0.8118409910379412
0.2646398766714895,0.33008432042341873,0.2686917420846201
0.7200407656831169,0.8003899692968734,0.7025243223357972
0.7458536273190745,0.3789976064733501,0.5750816433819532
0.7013571775559985,0.8024730039284979,0.7374587263082649
0.7749845620727237,0.3624518218115493,0.5133528859371679
0.6452189153001879,0.7990580095031471,0.7702005010274803
0.8469724265644364,0.360759128570881,0.4596299112548901
0.4795575002547513,0.8053870088556628,0.7682198075742681
0.9234537855554125,0.3449868676415182,0.5150140333217392
0.2615414985455258,0.7831008795916002,0.7389247696746505
0.7146089094111201,0.41058665682977175,0.6403398338723585
0.7545891592050676,0.8096138637087716,0.6736965792922757
0.6851821320564497,0.3644727491981722,0.6144200797018481
0.7981180384780022,0.7859945867719751,0.7129020646676422
0.596164849995905,0.41168795866340846,0.5337904854083665
0.890783590013481,0.8276176709650764,0.7984616656515371
0.35996628737184966,0.27495158748539533,0.3141221393809296
0.8524450695120335,0.7190077890983627,0.7562424937481376
0.46539515001363413,0.5461968264470215,0.42788192389914287
0.9205692661224582,0.8434498256240227,0.8309985482657152
0.27054952185490294,0.21875734906255798,0.21643996560076
0.7302041688922496,0.6270725862477055,0.607465497954956
0.7289223503111258,0.7315926842323816,0.7096088046814053
0.7310998628537119,0.5346012080772322,0.5596587471961856
0.7273935575392835,0.8207967222456448,0.7530933287166871
0.7336810289616257,0.30874355582429597,0.47259271887414517
0.7229547538027128,0.7483672936888345,0.7885127633962506
0.7410773577000556,0.47578687335630365,0.39232501323717445
0.7099623181361301,0.868118642047921,0.7705734080115484
0.7618885523627392,0.16518749889979398,0.4388276816441254
0.6712332287229907,0.4922686879530375,0.7823444497353033
0.8165129711100698,0.7907245870376272,0.4233933591499124
0.5543322947405818,0.4915964151516932,0.7698864241378093
0.9140776064684234,0.7933436930271746,0.488330939933143
0.2905970225391117,0.46476331741485927,0.7509445082027956
0.7627564542129045,0.800702077706769,0.6084510008762964
0.6695484693470086,0.40833063231574035,0.7006068039249393
0.81863727120572,0.7988039404666788,0.5926596207419406
0.549340070774718,0.41813971934913313,0.7039915023531307
0.9159925624389995,0.8019230973404128,0.6205090804289035
0.2847156955831098,0.40138421016300574,0.6486238478676543
0.7535148726054223,0.8041002719127421,0.7739593848564732
0.6872017746610692,0.34650065234841054,0.41752410735775497
0.7953353335858612,0.7980665017943679,0.7899262219182461
0.6022750507221941,0.3570055800797227,0.3660046692534413
0.8862973117991588,0.8154425286914029,0.7750341426821372
0.37286523151795076,0.3160766014783256,0.37384086885116125
0.8651959773791583,0.7698659130121054,0.8150351050492809
0.4315380229925007,0.4187245322835867,0.2787346854975345
0.9076579435056311,0.8733452274270006,0.6997611313774083
0.3101155040580107,0.1736652118043278,0.5274977244733655
0.7915923493431697,0.505807989111433,0.8617531264676827
0.6104034366767643,0.7705198438485364,0.17031812005223756
0.879901000328851,0.6158824767312474,0.4840875655636015
0.3909983508118121,0.7749829114638241,0.7586784220062748
0.8810389697547443,0.42398790102240014,0.5624211585162537
0.38779442305449924,0.8277758612621368,0.717299404939526
0.8784166614586111,0.30138282936255395,0.6430793196817483
0.39516307222292,0.718358383867655,0.6278886711802317
0.8843341087247742,0.5843485127848516,0.7699101280285481
0.37846298362171377,0.7381482060013278,0.3866493900225984
0.8703463885044975,0.6164571114394842,0.8236711051846465
0.41752114433020027,0.6906314976064304,0.25353002960181803
0.8998297819593813,0.7375950798020032,0.6616778405013716
0.3335037381957601,0.5363934972165347,0.5946012555355433
0.8224322807792919,0.8124173417397023,0.8173875445352893
0.5403384699524166,0.31043070287252583,0.2863679842416613
0.9189793890150226,0.7736009945459997,0.6983300106766689
0.2754882048482139,0.4459471177490865,0.526974214920772
0.7384994791995732,0.8399548678701918,0.8692232250454697
0.7145365941596697,0.21610468826983473,0.16609970192202256
0.754703984135566,0.6259870787532216,0.46778567218866934
0.6849657577222364,0.7678699130653287,0.7849236377423016
0.7984143733398842,0.4326810843786899,0.4129465711270807
0.5955107886014075,0.8563999903320874,0.7699277348161467
0.8912474502647278,0.20111435538788724,0.4755570378639457
0.35862410084699264,0.5690661252132786,0.7582418557788222
0.8510475640131111,0.7543730079784977,0.5731479338956511
0.4690327488617045,0.5274657968654416,0.71498523154807
0.9214518086206697,0.7912963794474148,0.6239260273849431
0.2677999801383557,0.426769302427643,0.642902397268355
0.7255076578721324,0.8149804584024792,0.7851658263726943
0.7368412960917934,0.3140181128771802,0.3996337515721874
0.7174529417225701,0.7640556937589568,0.7747403515884883
0.7500426071039421,0.4446600417169392,0.4268700921302702
0.6936711701408554,0.8574988792953822,0.7820371989404341
0.786218468068206,0.193656995260134,0.41710200494638716
0.6218922575857507,0.5579520934315148,0.7732625516450089
0.8700264269004012,0.75972769361189,0.45986419209105395
0.4183976405626914,0.5502583403337494,0.7639699149936381
0.9003619032567779,0.7672997680819447,0.5429326844414082
0.33192828175625855,0.5082853033146199,0.7276088766951635
0.8204820208484066,0.796807357736998,0.6406768355155742
0.5449777149578094,0.4078039766580405,0.6461157740856536
0.917514919081544,0.8074741637766839,0.7097311924319049
0.28002078167402766,0.3584015934990811,0.5058921331089369
0.7459538309673686,0.796685570366837,0.8732067276724647
0.7011748382201579,0.3340071214769169,0.15131750542893843
0.7752561325282451,0.8206308072100122,0.43528431592888456
0.6446660275706947,0.41351735924986405,0.7794374603480803
0.8475654397275857,0.7878040776473539,0.43853196488472485
0.47803358089578885,0.49370720467656404,0.7672708369908808
0.9232146627974311,0.7933274586838793,0.5175541445729378
0.2622905920150496,0.4555290617940327,0.737728259446395
0.7159286782151444,0.8031017640223819,0.6423655489708147
0.7524867819197644,0.39137486983358005,0.6706480603721591
0.689126572336465,0.7954082776112025,0.6198092506072671
0.7926552166541614,0.41793376579179187,0.7057513559550337
0.6081058194108918,0.8015592747441195,0.5487519342409116
0.8817585876951487,0.4253114934538952,0.7876787880869512
0.38576340866772035,0.7899102133325829,0.344319189075151
0.8767150044428924,0.5185063201778828,0.7867098669894526
0.39991748008208894,0.7805397956367975,0.3483183842625422
0.8879389100654597,0.5387537149946316,0.7886933531036439
0.3681625876117259,0.7693584157996899,0.3398362635581535
0.8606899177706273,0.5661636899622369,0.7845269891454827
0.44364029790888715,0.750784265953768,0.35875135199525454
0.9132472607267438,0.5995274641840409,0.7921189856352571
0.29313879555681777,0.7175975583243208,0.32319917590049574
0.7666712357563691,0.6732511480792391,0.7758213763242076
0.6618798724746329,0.622610617099397,0.409071980983871
0.8280411554841075,0.7862968628442528,0.7909407904884054
0.526839301142011,0.3864032170079032,0.3531422474893194
0.9223347120825713,0.8416398937822298,0.7753503320139468
0.26504354658948687,0.24278034321895042,0.36190475403800676
0.7207432205027876,0.6597624779061928,0.8206902875036997
0.7447079932276136,0.631934830398578,0.31082400660264525
0.7034365927869025,0.8006340916362004,0.7042810410206923
0.7718701450464474,0.37781179572248996,0.576594811015745
0.6515205096599676,0.8014270331583023,0.7301531057580193
0.8400536800638198,0.36749001619604243,0.5426660287876601
0.49714493029769746,0.7988576347635113,0.7408807113419877
0.9249698397348816,0.3706426663808281,0.5668224805609579
0.25678235066812377,0.7977126130793032,0.7036718130600124
0.7061271476978631,0.38543686375246267,0.7034099874386521
0.7677929162331903,0.7869405321374192,0.5774039272410736
0.6596617298566969,0.4520211737385756,0.7303814531609216
0.8306800884709183,0.8042394091377031,0.5398368389278462
0.5204075126288027,0.42145385953806735,0.7447237724547834
0.9234590736847295,0.7961326211577326,0.5521862853197648
0.2615249277820621,0.43766927331443756,0.715900346626109
0.7145796677434024,0.8049832145416507,0.681709475435202
0.7546355949071849,0.3738983288771081,0.6123175073362707
0.6850946410831769,0.7933140359871617,0.6982407379019361
0.7982379032164729,0.39822512123698983,0.5924618735012449
0.5959003664146545,0.8114730033581571,0.7090267737932051
0.8909715429696796,0.34813923348028025,0.5984613194354192
0.3594226345752593,0.7744876566915855,0.6806511690251169
0.8518806160218841,0.44933929793551686,0.7107418025239791
0.4668661186518197,0.8075529155229219,0.5226000949018196
0.9209379398551775,0.41864345958345683,0.8305062456772409
0.2694016279247723,0.7809062052344907,0.21771022786186475
0.728250245946143,0.5787221334415278,0.6101018465911191
0.7322367533344435,0.7803429042599148,0.7071818822304081
0.7254445344825045,0.4271839502697513,0.5631916575681969
0.7369466189262773,0.8287231957527771,0.7517196256796792
0.7172683091838004,0.2873502127686897,0.47269960116731136
0.7503395827503264,0.7197365246155679,0.7916064627192496
0.6931213452410521,0.5345867161182053,0.37608283057367536
0.7870053402454598,0.8600586551237117,0.768609255671772
0.6202233582811751,0.19053273411102453,0.41963869658462993
0.8715214732573059,0.5510074795976817,0.8018685779336024
0.4142956411622675,0.7584311023165395,0.3114780716018283
0.8978226226419889,0.5980526581666703,0.7461716719955823
0.339427495382724,0.7301578753817306,0.43659424641677325
0.8296009418154592,0.6172503011240986,0.8557676861107593
0.5230439108711405,0.6817448020525891,0.1751789237430651
0.9230352192355229,0.7723712375071499,0.5008570107690377
0.26285245215950626,0.5098375562512283,0.7450738034847164
0.7169158500469908,0.7926875381226924,0.6282346602310817
0.7509058017940482,0.42198502453185194,0.6886712893379396
0.6920712309165177,0.805750060047961,0.5907287911588225
0.7885019763405908,0.40124198137161365,0.7358474649580294
0.6170364556960206,0.7900319492691148,0.4909917484132323
0.8743191317410196,0.471872283334353,0.808514203933703
0.40657519416680193,0.7894032058711881,0.2931668530992525
0.8927056809236082,0.5358383236743026,0.7231808354676182
0.35439431823020334,0.7851418203863559,0.48647291454670094
0.8465562461145051,0.48488376588999327,0.8603580120527025
0.48062544263238344,0.7772668148236358,0.15559204411670916
0.9236111181491931,0.6060307556257631,0.4588327568889024
0.2610483961474447,0.7912765651509107,0.754182345858576
0.7137378847602786,0.3855903721535219,0.6109045296846127
0.755969631487347,0.80129789009125,0.7098344065759905
0.6825743266980577,0.37433449287099435,0.5515613192563587
0.8016664763537784,0.8027195509096429,0.7695174824767026
0.5882901470638925,0.35152141063857534,0.4130218676307521
0.8961579447463142,0.8035921183210364,0.8046667946015149
0.34431786641319223,0.3379547435142754,0.2962592803318474
0.8353233711428796,0.8056933540954888,0.7347788099110764
0.5089654760318864,0.3549623853795745,0.47943838173455844
0.9247025948862303,0.7974112248557111,0.8308202241830246
0.25762251181853935,0.345643860346468,0.21557103601555416
0.7076366669245299,0.8251340865048388,0.6068382310323928
0.765481953829346,0.34511881772861974,0.7157700104222567
0.6642215291065261,0.7555143973446572,0.5376454752526585
0.8252157706982834,0.5357332857052376,0.7818818038021553
0.5336683992097498,0.7726213969528091,0.37633017498128096
0.9208058239102158,0.5477569312270129,0.7927712718703686
0.2698130966840044,0.7626804778469026,0.3191447727399752
0.7289517613046322,0.5868138984794383,0.773880183025142
0.7310500366833749,0.7348619929136447,0.42531295170557515
0.7274787580298613,0.6114760820749682,0.7848792431409763
0.7335376341872099,0.7060523004141883,0.39970580779657305
0.7232026416474916,0.6716251770539271,0.7753010979893806
0.7406681488178514,0.625374643829678,0.4237786954032818
0.7106917159349776,0.7795747507475445,0.7828362106060194
0.7607533030945863,0.405435746550279,0.40987159812385127
0.6734285452234725,0.8447270964946587,0.7750574919249847
0.8137133968961789,0.2339121794940394,0.4397790235250472
0.5608604470490838,0.6362178193669037,0.7733675412052395
0.9112952221444469,0.6780489032426822,0.4785045912278456
0.29909408889225514,0.6953888575329632,0.7538575852303441
0.7756562150632776,0.5910020086760668,0.6000797952425951
0.6438505090588559,0.771837092354243,0.7065583595676977
0.8484360148609797,0.4475361900021508,0.5893139722298695
0.4757916711268566,0.8291000019224104,0.7003275341957804
0.9228316402087281,0.30334362943783505,0.6474282269076386
0.2634895949420677,0.7202560165871902,0.6101585936065939
0.7180324647075313,0.5858337862069909,0.8205499371552469
0.7491088240341686,0.7248687305472816,0.3120889870614573
0.6953957370167607,0.663371305055754,0.7051293128883993
0.7837358720360045,0.6570060860574174,0.5773321424861713
0.6271276332038821,0.7000952636807256,0.7267630677688888
0.865202690041123,0.5901345743853751,0.5564027802413194
0.4315198821908916,0.7829493599695682,0.7256051892530443
0.9076487518199475,0.41512706623232093,0.6154153244119756
0.3101432320166635,0.8155808684746398,0.6570146263327087
0.7916313083084097,0.3542055205935655,0.7567811786002528
0.6103193660530035,0.7574297772114076,0.44507927609059456
0.8799696586525546,0.5596525402901801,0.8101232157464162
0.3908053164628063,0.750194145115377,0.287070218874225
0.8808831280226849,0.6222395642803726,0.7164631518185186
0.38823375831432383,0.7101926203705798,0.5032464576110747
0.8787807367119984,0.6350352874826038,0.8518098876695968
0.3941430679348884,0.6597017461296594,0.17015321867906827
0.8835389467549207,0.8036922814413956,0.49844221051859816
0.3807221423918666,0.43613671023388445,0.7538337303660669
0.8723593329323314,0.7980733699424644,0.5755141097289336
0.4119895505593001,0.42543457197539675,0.7079651015999585
0.8963403949202102,0.8035060564573804,0.652442231833516
0.34378287801161966,0.38710528465542593,0.6096281502497427
0.8347059799513697,0.8024269692201165,0.8014599194589873
0.5104960558437353,0.34202814728075565,0.32434017610488086
0.9245923814033833,0.8062963105603921,0.7489845374599032
0.2579688457205544,0.3488087274299264,0.4223827655441208
0.708257405325189,0.7996614146177546,0.8640044636934976
0.7645267565707138,0.32920306563822305,0.192327767671723
0.66609470171526,0.8094054229737443,0.519040716762762
0.8229264352298398,0.41508836604939364,0.7903592095471296
0.5391585144900679,0.7865186893537851,0.3562094947384607
0.9193264597488453,0.5226224436859116,0.7762650082072899
0.27441168457165,0.7807880844426786,0.36062445556479417
0.7367066741861373,0.5343489240348945,0.8181531565821029
0.7176888164642301,0.7656684687925386,0.312360720135263
0.7496628429896903,0.582542698807277,0.7093532642073391
0.6943733198721294,0.753954310886612,0.5542465901566469
0.7852103463309814,0.534066603795237,0.7651115658037704
0.6240237158793183,0.7771649692028342,0.42823358353206487
0.8680870362280987,0.521495555917947,0.8039492782345472
0.4236941549150131,0.7755510269533393,0.3071680124016571
0.9034564466217042,0.5627009802538203,0.7396167507864281
0.3227247140137356,0.7636660308724263,0.44912717479134534
0.8087218500204063,0.5450219805679056,0.862394699421544
0.5723560314839178,0.7493283935405116,0.1624777297063547
0.9056290374192237,0.6613179607448503,0.46901478401596486
0.3162208108087097,0.7225640685355951,0.7565271260188671
0.8000332755947102,0.539102862546724,0.5895092125779936
0.5919261240828623,0.8120978104122799,0.7115449406800309
0.8937334745310782,0.34567130112707756,0.5950524900913776
0.3514036188246337,0.7726933998263237,0.6836625579549396
0.8433007273558655,0.4526081921365222,0.7084206023081595
0.48893505920865465,0.808255395316105,0.5294417277444944
0.9245469982155509,0.4146494973751876,0.8232303979618844
0.2581114313328105,0.7809229743368469,0.23689617127007367
0.7085127052881119,0.5726919627403194,0.6480298722069588
0.764133071413702,0.7765774211587642,0.6648292646499914
0.6668647661665876,0.44933207745642634,0.625725275090504
0.8219777543050291,0.8228324638335835,0.7042888816536105
0.5414222052109544,0.3192406748189659,0.5431857992082536
0.918651543387208,0.7521297304046384,0.8054250093992463
0.2765042753121823,0.4623940263219553,0.2870199255295998
0.7401837458711887,0.8865677694111813,0.7295140003048406
0.7115535424113516,0.12143161948451678,0.518053001865894
0.7594068651648714,0.3781098032171263,0.7813386320860992
0.6760198897297365,0.7706669895591126,0.3982151271469464
0.8103628941522661,0.5453183579900727,0.7837796649917937
0.5685970335536882,0.7662730355262023,0.37636667538200325
0.9075894538542466,0.5616331207589325,0.7875386698230435
0.31032209729514876,0.7537180145080244,0.33653131319227014
0.7918824849343093,0.600210813971698,0.7888208758059593
0.6097770754577188,0.7176569286664853,0.36982553219857217
0.8804112767046163,0.6597611018730957,0.7767586889278719
0.3895628640570665,0.643530688042331,0.37151837293872597
0.8798734643174716,0.771494609547509,0.8107000894438656
0.39107575909753794,0.41619845942327,0.2855660919522318
0.8811013860521429,0.8709133337789169,0.7142761381021295
0.38761841413180126,0.17613102448923462,0.5074590621786348
0.8782704028836702,0.5127598779289277,0.8511128373286674
0.3955725585182358,0.7698179554186465,0.1723946789063625
0.8846511650226191,0.6167244564330908,0.5034722416750532
0.3775608806129449,0.7692975589716313,0.751796227898676
0.8695320495617732,0.4395279563000476,0.5806074754327472
0.419750438082698,0.8290997518624447,0.7038863346026464
0.9011720289047003,0.3021640814216445,0.6571783098077932
0.32952571193059943,0.7176241163052561,0.6012050372839309
0.8174725132967547,0.5934025388892472,0.8126530432225922
0.5520814522138551,0.7191309988220373,0.3006342271042135
0.914963832640595,0.6770123114358508,0.7157524013093627
0.2878785651208445,0.6327306301980341,0.49488232881529703
0.7585166383997903,0.75315526855727,0.8729161652337166
0.6777258463807465,0.43977234626458006,0.14782417128828518
0.8081300370545149,0.9052849473056631,0.42854282605617267
0.573706756979698,0.16893139354075257,0.7724778729660087
0.9048990617094822,0.47848941872494105,0.47654129839221937
0.31840997435908946,0.8520429871498816,0.7554641347538479
0.8029927315746139,0.2190533118265561,0.5910067158681466
0.5853229970679297,0.5948558713994709,0.7093604940592855
0.8980639488339804,0.7422020327067594,0.6008636385676299
0.33871684276318326,0.5448734172634685,0.6763090894783028
0.8287546498093799,0.7899873649951576,0.7227332786704209
0.5251054068462345,0.3987496370167016,0.5058629519424998
0.9226679586242147,0.8255637485170286,0.8236195794803328
0.2640016479840248,0.2723709816077037,0.23643480969751687
0.7189276780292524,0.7233802208647541,0.6466165407538615
0.7476614856330639,0.5692829803557112,0.6640851434280286
0.6980560175758875,0.7756345555685905,0.6312386104581779
0.7798631114373251,0.4619725452830058,0.6896723446823956
0.6352035637694917,0.8120899145659936,0.5810307659466637
0.8573639864729073,0.3880878761238652,0.7579454104131456
0.45247663033710933,0.7799982874636059,0.42255265527780983
0.9166436585427717,0.5168154860939969,0.8312090200791534
0.2827098286455487,0.7720984875324884,0.21714918539608707
0.7503044313011868,0.5980736984066796,0.6078268664442594
0.6931864591826609,0.7632321529914543,0.7043268482240431
0.7869122703573245,0.46805343241511926,0.5794000718216803
0.6204209917381005,0.8326661186347971,0.7241729279873707
0.8713455035706056,0.285481993810039,0.5633401394214338
0.4147793128182054,0.7067226680985705,0.7187299004793511
0.898128507562172,0.5802874063445123,0.6327791802779215
0.3385266584253749,0.7737563486808283,0.6370884358194007
0.8285275318546805,0.4645367159306761,0.7738205823245187
0.525657745009846,0.7964588749127717,0.3946302510784428
0.922564216447736,0.48706116582282194,0.8057214644075882
0.26432608701827026,0.7873929229219795,0.2849760000712612
0.7194938849375564,0.5430368294259955,0.7278739711741002
0.7467430075575694,0.7798938529517436,0.5273528976262124
0.6997361864193475,0.48436093620375953,0.7696979311211551
0.7773901865882261,0.7949508421991456,0.4439842585231319
0.6403023322228317,0.4749768584986849,0.7802679183190707
0.8521664456194863,0.7943894423797512,0.4379506583919302
0.46612153994502825,0.478244404770058,0.7663948082789127
0.9207533247939237,0.796601292046317,0.5231125074776573
0.26997656679697835,0.4457797663064852,0.7353497884323786
0.7292301146567316,0.8027658057197103,0.6445400902452415
0.7305781517775083,0.391532338886711,0.6642751462360995
0.7282847489146131,0.7964933366740231,0.6354889125007208
0.7321784716280706,0.41024155720906047,0.6765842938410208
0.7255446820560768,0.8035209372470653,0.6158507305906147
0.7367795066660261,0.39882807116768215,0.7013415335762814
0.7175612213250754,0.7944229538593919,0.5725034754635118
0.7498683254095039,0.4354072088008889,0.7461223580634694
0.6939935338410862,0.7992821542695674,0.48085907040729425
0.7857560826630352,0.4526892967951174,0.7951518500886976
0.6228708065179835,0.7925565232845453,0.3560154725087105
0.8691402301507949,0.5086074189334289,0.7641779979386171
0.4208213147916074,0.7892533089876608,0.40471000930531853
0.9018037224920801,0.500969452236164,0.8280974824550009
0.3276489437885777,0.7790558305402763,0.23083703935919225
0.8150919196643864,0.5787092716418077,0.6302374334496303
0.557653204000184,0.7756926366785738,0.6614215688639197
0.9127015998534989,0.45247175862374295,0.6855307040037831
0.29480634106994147,0.8123879172144857,0.5516775031661423
0.7692135806391109,0.3968536679858435,0.8550102902158251
0.6568389775980349,0.7690583653107396,0.19808561035997743
0.8339856798922116,0.6104209548148518,0.5388693090269566
0.5122781928196676,0.7673364168941331,0.744616022929896
0.9244422101300074,0.44629969156554533,0.5548261447041353
0.25844059796183205,0.8350520316823055,0.7136561461683173
0.7091015045617621,0.2822817084156473,0.6864108220187991
0.7632232749230272,0.6883187702204708,0.6060397615591027
0.6686399778935469,0.6440868168059877,0.7031532559424943
0.8197740640674369,0.6853666823231662,0.5884084161081977
0.5466548274142408,0.653805940259777,0.7079795178540118
0.9169463101921054,0.6704268240181641,0.6142814465118308
0.28177636534359796,0.6704764534409247,0.6561106313379713
0.7488002475261919,0.6591821122821845,0.7653910437290445
0.695964216274351,0.647405954418193,0.4387414481398235
0.7829126959779239,0.7492486814054798,0.7939009509045755
0.6288535038816604,0.47223616215791586,0.36005264600862186
0.86356806578845,0.8740743080949268,0.7665746785624663
0.4359275676937275,0.14804130474104904,0.4008533746080254
0.9098104766479251,0.453015647788782,0.8235349869871068
0.30360488094952154,0.7874258448040884,0.2409051137475469
0.7822871416886491,0.556842565448005,0.6510198171425395
0.6301616876578343,0.7877803099533763,0.6414442423944287
0.8623143597444384,0.4298229666713474,0.6938904832814244
0.4392947274750176,0.8070841690666402,0.5508114163041399
0.9113650185843701,0.4107229338546031,0.8236082834940004
0.2988816394947991,0.7795619844231343,0.24018985390002753
0.7753401987504902,0.5746773144933658,0.6501797843691982
0.6444947673225502,0.7744626401185561,0.6444550311100287
0.8477486702006877,0.4606110417647305,0.6862346495016005
0.4775621907825174,0.8127004649625551,0.5682761531848128
0.9231372154548235,0.39065030705395093,0.8041038430176161
0.2625331185194117,0.7741518315156085,0.28905829887040974
0.7163550767395717,0.5713881183915637,0.7341184366007973
0.7518047788453519,0.7579495033021414,0.5157456468393468
0.6903991073973805,0.5371229004197051,0.7739817007478681
0.7908682656384389,0.7735014268085517,0.4370120727424432
0.6119639125646,0.5270327601177978,0.7769933861804937
0.8786171044479384,0.7784373013831715,0.4543849850680886
0.39460162641199814,0.5104626009439929,0.7625675179814153
0.8838973765265149,0.7888813390003405,0.5531727172862436
0.3797043758954191,0.45499476850996834,0.7239031377172559
0.8714571624387708,0.8055948639159172,0.6335589962575008
0.41447243294986547,0.3878357758311348,0.6427948095630759
0.8979346305155937,0.797724996699886,0.7475795781432016
0.339097710394746,0.3713949769625247,0.433469154337128
0.8292086768392118,0.8180863209916239,0.8547386061554383
0.5240000942469689,0.2828437445768069,0.178374471785359
0.9228687832617055,0.7465663061469084,0.5078048169037173
0.26337337092822966,0.5635511276644348,0.7423185101749833
0.7178290021322841,0.7623997673742293,0.6333653000799819
0.7494369455711976,0.4915822256922174,0.6819757593159729
0.6947904776812124,0.8106332886130838,0.602372409633371
0.7846096782774828,0.38493505786413496,0.723604944162128
0.6252901248139145,0.7835366589442715,0.5169041067044389
0.8669188231092207,0.4791089935665333,0.7996510010174553
0.42687113581813424,0.7901022843929666,0.31868551075189633
0.90521302612684,0.5261600521309282,0.7532901499005837
0.317468892791377,0.7838726895055145,0.41858482940640473
0.8017248611344184,0.5091467130527815,0.8521871754572751
0.5881598002416388,0.7711284365645255,0.19529894164794045
0.8962430435990111,0.6068895949350943,0.538678231342759
0.34406836647775096,0.7710447573416473,0.7313202122114625
0.8350357049682072,0.44174906915110457,0.6302967087363874
0.5096789826668886,0.820800620079475,0.6563165932084379
0.9246533739897761,0.3405066902824664,0.7052979469847229
0.25777719424866774,0.7527804542708966,0.5123497904865569
0.7079140157836238,0.5491909553166773,0.876603798964563
0.7650555195506902,0.7432841935637926,0.15416678618183396
0.6650586147561407,0.6754364942558226,0.43790726389921775
0.8241959186707006,0.7103478790516983,0.799163911371303
0.5361189233738636,0.5506754939796432,0.3335964957343893
0.9201730664849581,0.8618115724601293,0.7554537727636587
0.2717819985423197,0.18974569767769595,0.40918605045999773
0.7322912120994503,0.5500892555762861,0.8548367538086161
0.7253509332910626,0.7474216258618429,0.21122228966774811
0.7371027403999341,0.6504491547665429,0.5584955405598243
0.7169944748309135,0.7141307149983157,0.7526037334736483
0.7507795722035675,0.5566966025421168,0.4767867488117582
0.6923055428119641,0.8266789468032419,0.7848107587636016
0.7881687393540445,0.2820870598068641,0.41091259855590373
0.6177474773386729,0.7191374821706336,0.7709285919272505
0.8737014668474012,0.5417182689591538,0.4664477596953749
0.4082846906015723,0.8373479260356739,0.7627977627329982
0.8938767174812176,0.2593314544581921,0.5485114301378092
0.35098618627701833,0.6691587947002366,0.7251248663940568
0.8428410682830103,0.6427469695822621,0.6396623910834229
0.49010200702468776,0.7035196587419595,0.6417857362262364
0.9246375100197245,0.6078278964968672,0.729399923648639
0.2578270448117191,0.7237106385875588,0.4644652994271729
0.7080033611688872,0.621369028310702,0.877402014177783
0.7649180264470484,0.6712427580999418,0.15167048721004667
0.6653282252745836,0.7934318828147743,0.43223337203380263
0.8238663383319593,0.4823543246833319,0.7978857600509391
0.5369092011131609,0.7898775631535717,0.3369618673108604
0.9199595302307966,0.5209069264260839,0.7587498995225782
0.2724457739828159,0.7852525323810635,0.4017327004780649
0.7334105746203652,0.5112405045150459,0.8502978101757774
0.7234221635249464,0.7706397284152533,0.22407721014834261
0.740305386329579,0.5990575192354352,0.5819428361657194
0.7113372888136696,0.768462265089335,0.7326954158964019
0.7597452363204841,0.447348374635203,0.520095149257398
0.6753699251726188,0.8414556201191823,0.7704418832792415
0.8112079405763154,0.24496540380430337,0.44979030767430195
0.5666535855723197,0.6550655751909874,0.7746724432113355
0.9085620082623078,0.6511241428980651,0.47375641502206506
0.3073852159972785,0.7352807493084884,0.7552631082568825
0.7877283164392644,0.5136182531726095,0.5947448880279637
0.6186859389003982,0.8221102410334861,0.7092081152935047
0.8728804972571246,0.3195871702659622,0.591672072448206
0.41055249863153437,0.7463292557349619,0.6921543746902518
0.8953968346460719,0.5090067498405362,0.6789790270019896
0.34654696966190734,0.8064513974709628,0.567653140736066
0.8378730196762088,0.4068970374848424,0.8342863651841322
0.5026147435270572,0.776446888879038,0.23468935448476252
0.9249747035302646,0.5832319769809116,0.6209668404346356
0.2567670550296459,0.773946728475156,0.6458138798235117
0.7060996175798803,0.4613928422430276,0.7845770311092087
0.7678349062436802,0.794566571721499,0.4071433810667865
0.6595785130905243,0.48761041343830386,0.7728772918198258
0.8307783831913242,0.7936745566669215,0.4490919970497882
0.5201669464893337,0.4764217063528598,0.7711207865912365
0.9234951887963965,0.7959470897988628,0.4961112729964684
0.26141175274532663,0.45597858016644766,0.7466811959365687
0.7143798986061886,0.8014865405482114,0.6255555056965497
0.7549526585723211,0.4008704457094211,0.6926035202673176
0.6844968249815502,0.796797480194262,0.5828493008230257
0.7990554098153908,0.4262594050447627,0.7448824969312341
0.5940936888825502,0.7974403192102819,0.4688401776919342
0.8922415975361532,0.46103176521765893,0.8149741272977341
0.3557421579004598,0.7889683976367265,0.27008210585856973
0.8480017974733014,0.5441251638164176,0.6949206380079095
0.4769105711347998,0.7863907038925134,0.5529445348955527
0.9230274496163118,0.4610336018525206,0.8140903419786986
0.26287677442313967,0.7891313218639419,0.262440703476072
0.7169585308004941,0.5461635658530621,0.6924681337195583
0.7508372848776969,0.7856641911488637,0.5936080107982442
0.692198429106185,0.449986143138788,0.7191224391257908
0.7883211262417246,0.8061067082499451,0.5522753577390663
0.6174224342020032,0.4127318740915276,0.745686174737135
0.8739842962004822,0.7931051755242389,0.5212931399172935
0.40750226092309083,0.4548816510923465,0.7460725529540586
0.8933434225829422,0.8015552988682128,0.5831371702429634
0.3525395220697268,0.4142967630085161,0.6959114424371798
0.8445450075597289,0.8019101873625819,0.6890870740786598
0.48576832973296546,0.37941952466467005,0.5642093924340726
0.9242506003772185,0.8044112953032128,0.8050329909215395
0.25904228389440753,0.3356905728474744,0.28625124287891107
0.7101757024819538,0.8045123804423684,0.7303781937553995
0.7615568441190038,0.35944963468213653,0.525085564041142
0.6718756639896764,0.7948316227094963,0.7677060558360167
0.8156973976739991,0.37234208781721473,0.45707929332216385
0.5562400664768999,0.8153231258385235,0.7740117080929597
0.9132971032138935,0.31673175534599096,0.4784788822546698
0.2929863665575158,0.757420414386433,0.7534796995016043
0.766437815605081,0.46623691788059435,0.6026790042462147
0.6623402945376938,0.828294524635877,0.706013730353456
0.8274888264468349,0.3036869023879041,0.5850684987657896
0.5281789536441571,0.7282521578984975,0.7094246057520878
0.9220620023146257,0.5414096001253884,0.6169645059785449
0.26589556494802513,0.8049060235766207,0.6515560010533927
0.7222219199092841,0.383805617475552,0.775256155788152
0.7422844477537774,0.7749466444461035,0.42418786546478626
0.7078035115935943,0.527759230252913,0.7826721531726856
0.7652254921066725,0.7768622457736718,0.4111675688362118
0.6647251218460618,0.5274845577841407,0.774790370845137
0.8246028466613602,0.7786686020790277,0.4430946883116709
0.5351420701755634,0.5134500339993952,0.7718029855372205
0.9204306291439703,0.7858032774269008,0.48996837085813155
0.27098091848713957,0.48222881873118306,0.7492328847305088
0.7309359631211214,0.7992855441563951,0.6177135192023242
0.7276737494680842,0.40892666183170323,0.6978503114804198
0.733209256071633,0.7994995066102971,0.5812586047102444
0.7237697386653072,0.42004778507038093,0.7349633100192913
0.7397302850133426,0.7973490075866256,0.511849462626075
0.7123587446554598,0.44753682143434115,0.7780254561270354
0.7581439252029217,0.7953179684502591,0.4207575712780578
0.6784383413590649,0.48148156186978447,0.7790428528046843
0.8071911058321957,0.7936658071452848,0.4289295046691009
0.5758444106410933,0.4828436156251659,0.7727189905803618
0.9037162138856693,0.7946464165265714,0.47533622540903075
0.3219489089895361,0.4657438980154086,0.7559094958095425
0.8077018932629388,0.7997401495723049,0.5890327324424764
0.5746823160648911,0.4169598353173155,0.710207060625182
0.9043634411685797,0.8004832437512183,0.6023669535932672
0.32001376755132704,0.41082925927318853,0.6731146849416295
0.8051383376770495,0.8043295456451259,0.7323540712612063
0.5804952010548418,0.3592881275517363,0.49330456250372656
0.9010259336464204,0.7992612496090744,0.8152888640775
0.3299593420091622,0.3458219044255515,0.2663671437632539
0.8180188461311589,0.8182998169411955,0.6917902301747817
0.5507968499700031,0.335593428817569,0.5668064299664023
0.9154528161225625,0.7667418066273888,0.7885191929370412
0.28637614303057946,0.4342122442760854,0.3315939858455235
0.7561499366139817,0.8710471836109689,0.7865143788679294
0.6822326768988166,0.15054821904693452,0.3867342607203716
0.8021276304400787,0.46011058986304826,0.7767385450003365
0.5872599112212538,0.7960311441009522,0.39588931365624225
0.896827119206538,0.48768573399537557,0.7966828204827148
0.3423544786102884,0.789014458036013,0.31676830746722606
0.8330471914673341,0.5292851209387504,0.7617264467905767
0.5145944025461673,0.7804900129895406,0.421355642561299
0.9242119126329856,0.5160642845032676,0.8202611399028451
0.2591637367669775,0.774701537217726,0.24521197765019612
0.7103922089542309,0.583771228989903,0.663088975870384
0.761219938122029,0.7636364943621061,0.6426340908116193
0.6725273325318363,0.4859785819109501,0.6586441668975442
0.8148669822589619,0.8162220680903234,0.6591926634504053
0.5581774988875979,0.351794582194543,0.6208648942040338
0.9124769009057792,0.7746061202008486,0.7370359142208892
0.2954923830109068,0.43159077768300486,0.4519766896286042
0.7702535479957369,0.8492826855929394,0.8679985257453232
0.654763173244149,0.1889756213457589,0.1587951787391177
0.8363789327673857,0.5673339326091953,0.45532559015694657
0.5063420902840159,0.8245333518707203,0.7702457207683918
0.9248511781960688,0.29284591695534246,0.5023150401972308
0.2571554626260254,0.7239491991997574,0.7441534002898471
0.706798163470195,0.5399290350633917,0.6317022709455831
0.7667677224658118,0.8025436817210656,0.6868803820136118
0.6616894343264934,0.37850586778623385,0.5894106064354117
0.8282691492605607,0.7999659354377199,0.744258657356176
0.5262856528818667,0.36672462482513857,0.46147768091711355
0.9224435384745239,0.8101643173663583,0.8273320020320627
0.26470339016415695,0.31324685709479905,0.22614916507886867
0.7201513699791086,0.7848297303865844,0.6270762989206893
0.7456734848963903,0.44147700427478637,0.6892920627200798
0.7016847936297934,0.8103310849436705,0.5911121499592187
0.7744960028684783,0.3893670350529112,0.7332089404204098
0.6462121943141448,0.7845391554310085,0.5005355977525059
0.8459013786652184,0.4818857228710172,0.8006180500799812
0.4823032740787545,0.7894371166817263,0.3229215262951628
0.9238412557991728,0.5263643722875755,0.7510543128782926
0.2603267825655466,0.7842413043424509,0.41799285915182843
0.7124599707250837,0.5084791037967303,0.8614564688583107
0.7579848151061374,0.7695151908414921,0.1984778023346989
0.678742190146213,0.6093340304268936,0.5316165711299883
0.8067895490084198,0.7702413166371657,0.7819492215168191
0.5767566386910784,0.4280293651869495,0.38192986381812616
0.9032011481423349,0.8600295819366085,0.7900288939556234
0.3234866863058008,0.18325219873888404,0.3316636536611303
0.809719285328165,0.5414445013877501,0.7816703826283966
0.5700736678944999,0.769214843263123,0.381688446012275
0.906831819950902,0.5535981644006789,0.7908926264735281
0.3126051200191162,0.7590062724999672,0.3283364651513013
0.7950676881407156,0.5917377634293212,0.7793218025499786
0.6028597198365856,0.7287265546634741,0.3919176763588318
0.8858535487300148,0.6330058096630418,0.7920351938692555
0.37413304405008047,0.6775845867016885,0.3320905825320383
0.8663827847796338,0.7357850570144462,0.7754214861778893
0.4283255235633458,0.5066350210722148,0.37908724779070846
0.9059922468818666,0.8680100408434419,0.8106648980793519
0.31513009324570995,0.15160323667230202,0.27719038950533803
0.7985455350336423,0.46937326415513736,0.7103834508762745
0.595221084992462,0.8080803718787933,0.5384389362386757
0.8914518963995759,0.4121861369383237,0.7963074241006526
0.35803202737914996,0.7845606298346776,0.3194432014403148
0.8504268505747247,0.5386664135164186,0.7629768232595585
0.47064378286623454,0.7749525584080874,0.41319427764686284
0.9218113863077023,0.5311537375291157,0.82418200447215
0.26667807121034504,0.7662243598996668,0.23515428162734522
0.7235752469197382,0.6050185753738965,0.6439828970054876
0.7400522031696791,0.7474621075993666,0.6664923688909211
0.7117872770875175,0.5142511537433313,0.6295870244986508
0.7590407522762637,0.8147259579600944,0.6882779819204895
0.6767221880425455,0.3462786445742568,0.589158798800239
0.8094462925377843,0.7740723915543358,0.7409499034075283
0.5706990705280941,0.4316431999284084,0.47412483495041724
0.9065060732779153,0.8454762706320051,0.819276329053008
0.3135854058362294,0.21677095538423516,0.2537213804361847
0.7964235166061998,0.6197735749058118,0.6725449217287947
0.5998924655704118,0.7240429908813438,0.604996853290892
0.8880795326923773,0.5800444180834256,0.7438162365791149
0.3677588223294846,0.7482025460423176,0.4446323608270038
0.8602954024347662,0.5790649496326321,0.853189069905634
0.4446927250421684,0.7237494592188403,0.1723599752460341
0.9136820897459337,0.7058605829571494,0.5000066019145568
0.2918083759067179,0.6436349884496382,0.7472611690682407
0.7646281163323856,0.6746294089829733,0.615343493838562
0.6658962521715815,0.6636757457510823,0.6923050931198353
0.8231702040070651,0.6599483063702544,0.6080284075687195
0.5385757711955182,0.6877875913935142,0.6863827436282063
0.9194940665436829,0.6228671879547467,0.6529050329108125
0.2738914940981835,0.7252665638488076,0.6028896678760214
0.7358372911677383,0.5782815191802627,0.8245684836646583
0.7192088567502547,0.7311030880325524,0.29541841805040625
0.7472056653523115,0.6567228239335359,0.6893175028528455
0.6988906283655678,0.6710792605882325,0.590646267839192
0.7786373164088934,0.6758183470587964,0.7343148488430266
0.6377366098464657,0.629646916459468,0.49705319467447634
0.8548059173396093,0.7562773347214009,0.8031720890647269
0.45921721577695396,0.4537685480004026,0.3134599642633033
0.918846028690761,0.8800255186219068,0.7429759872319343
0.2759016157249191,0.13755955624648755,0.4373089169063768
0.7391856824116032,0.424385167265132,0.8671180658358868
0.7133237745183941,0.7761906427630542,0.17224998805080124
0.7566239787333338,0.6031772634770634,0.481249333707498
0.6813332940945718,0.7886483672368946,0.7830421802975313
0.8033374748754029,0.3830404391580683,0.4185750186745568
0.5845495924439932,0.8291588794730846,0.7708334979689053
0.8985500557449522,0.27979637742752195,0.4768989220939279
0.3372840563430733,0.7083353418901314,0.756607764329546
0.8270370302153927,0.5665615287385547,0.5829704393376535
0.5292730892112164,0.7961374984034981,0.7115359147082843
0.921829419117719,0.3869115908445831,0.6129007865883768
0.2666217823171889,0.8018022569340326,0.6565867036513173
0.7234780477914194,0.3901191229978001,0.7687637209020531
0.7402129799747433,0.7793972376093458,0.43881628145157203
0.711501579731118,0.5131176750369442,0.786147372672781
0.7594882025535936,0.7829951177132393,0.4016671747151076
0.675863729121369,0.516472650765736,0.7720054461342829
0.8105662104842452,0.7844864240478923,0.4460603067661088
0.5681299269501855,0.49910375174677346,0.7745521303159236
0.9078257582989209,0.7903642140080259,0.4735720971028372
0.3096091582112675,0.4765852204637085,0.755433446063627
0.790879911243018,0.7989162416400716,0.5937283219031053
0.6119388457704398,0.4175178444326286,0.7094926852127302
0.8786378707880522,0.8007931607406938,0.5930732172649198
0.3945434423788339,0.4130271429454445,0.6893364040323727
0.8838519834823666,0.8025211714788913,0.6878551580005036
0.3798333226736161,0.37825062536806336,0.5555379770599652
0.871571887743246,0.8049163644605919,0.8341210488679764
0.41415702928400616,0.32499924751608505,0.2239122410292159
0.8977346422010162,0.8001279805239859,0.6093511121429499
0.3396864712549497,0.40948612834333176,0.6667032424421551
0.8299084182548468,0.8048290717619488,0.7360332790087285
0.5222936115889648,0.3568071236008703,0.4784163575194175
0.9231610810645854,0.799213178797451,0.8283175016386243
0.26245838804733007,0.3417812649209678,0.22314414728714002
0.7162237355864306,0.8198680289007622,0.6214386916856515
0.7520149958254827,0.35444811255540004,0.697104179802623
0.6900072349526032,0.7660844653575608,0.5757846666264489
0.7914198274629651,0.5009325611790983,0.7497166313132542
0.6107755913973857,0.7947737237331408,0.460690524249464
0.8795964428970701,0.4700920584122345,0.8117003152724758
0.39185419999759813,0.7889892980052158,0.282988154062786
0.8817265979848098,0.540004151706235,0.7104537557616453
0.38585377624649053,0.7854915533762494,0.5146678968339435
0.8767913665304109,0.47520257145129235,0.8497650318226975
0.3997045846001387,0.7811514195906512,0.1768849943596986
0.8877810697041463,0.5909360778316256,0.5133390011668364
0.36861561532269993,0.792401566070696,0.7470450452673799
0.8611311308129789,0.3850311398044584,0.5928147460508743
0.44246193352363467,0.8037357143346342,0.6937572801939443
0.9127506723527972,0.37323564659762615,0.6675597178669805
0.2946564651475615,0.7845955859342425,0.581830083800325
0.7689859209689298,0.4562397061189026,0.836514276749417
0.6572923249858376,0.7851010275329151,0.2514332059390749
0.8334587606520336,0.5587916001613101,0.634052075267683
0.5135794432943163,0.7902134210070154,0.651769250216529
0.9243177152633208,0.42061920004247794,0.7104197567689875
0.25883156310074706,0.8016545669862154,0.5026300899941084
0.709799804661213,0.43986281111844894,0.8779356546291796
0.7621409552672325,0.7768612019702223,0.149389041906888
0.6707438424148565,0.6088331466460362,0.427165473719763
0.8171321990264194,0.7961982088011035,0.795658445751402
0.5528805228604697,0.3599670960395131,0.34475697627550445
0.9146535061174124,0.821236703320023,0.7641027584145396
0.28883113849878717,0.3039266939362789,0.39097329994479474
0.7600085341494419,0.7521479887063046,0.8406109193329958
0.6748635800269964,0.4517673360670124,0.24287264103089506
0.8118640950065263,0.8923174758742909,0.6184917791161232
0.5651409091093131,0.14245244363134396,0.6769175702002176
0.9092996492535252,0.4231924110487492,0.6605431204725509
0.30515304934748233,0.8108855120747164,0.593867720959434
0.7845282635392369,0.38704025747818216,0.8247343071942761
0.6254615688151823,0.7690854135893243,0.2789062330377745
0.8667597605766032,0.5855006056958885,0.67837921987563
0.4273029286806329,0.7584902858374306,0.5764360524897918
0.9054460025398714,0.5175424201546505,0.809740885782377
0.31677009439042275,0.7762066529211521,0.27983471202016513
0.80077916625413,0.5697395387789852,0.714224047747636
0.5902680046456404,0.7638469078233417,0.5305076784142203
0.8948512431479902,0.5197639190038937,0.80128104388022
0.34814223440260084,0.7769326945349108,0.3055236699753615
0.8396751104027318,0.5601567773337948,0.7467594430125081
0.49809703167970026,0.7639998476756837,0.45267424439473924
0.9249866012328162,0.5432122025091611,0.8314779360454269
0.2567296384585436,0.7572740426044781,0.21361286581894326
0.7060322654233097,0.6300966618869525,0.6029582613523722
0.7679376107367938,0.7290541702848798,0.7202833037924574
0.6593749159848361,0.5366290085773129,0.5282349340342478
0.8310186537728579,0.8265419578831508,0.7877124271206688
0.519578608161298,0.28150897331966745,0.36022271222445446
0.9235817089791255,0.7239867470095657,0.7824541863599901
0.2611405825277967,0.528762578053481,0.3441528834462113
0.7139008611339069,0.8690827929538286,0.8036985219094498
0.7557117599428405,0.15068820910804526,0.35738958622557576
0.6830625345596599,0.46222745229089396,0.7463102386883761
0.8010060012301952,0.8016207948385344,0.5004016854177411
0.5897629327266085,0.44066114861602435,0.7696694985555038
0.8951876788607781,0.7960248665928318,0.4779064886822972
0.3471587843635331,0.46158569263700155,0.7570577814120708
0.838566382370238,0.7996431927817946,0.5790595212624879
0.5008793774963004,0.4203923557766185,0.7125165434347654
0.9249971387723104,0.8012301115792075,0.6192386567189584
0.2566964985307932,0.4035433239319217,0.6479919767342551
0.7059726028394476,0.8052341599773506,0.781991045737418
0.7680285614543098,0.3409510055337699,0.4133638048784185
0.6591945539055133,0.7930041956482577,0.7750882278976409
0.831231247825251,0.3746221995487552,0.4441208813137844
0.5190576837172706,0.819028922472829,0.7707175278889661
0.9236561773579302,0.3077776876864919,0.49734997281797627
0.2609071405299242,0.7441019125707035,0.7462217258832275
0.7134880368365636,0.49765988336323885,0.6265966548548763
0.7563645750723793,0.8202464929002482,0.6915529406996406
0.6818256571974459,0.33043390500215164,0.5842773333297352
0.8026758924234525,0.7590889266921875,0.7442279609297557
0.5860330253389665,0.4652855864569598,0.4691625184500374
0.8976137786387917,0.8531269348648711,0.8164845729765896
0.3400421472353532,0.19501317811652888,0.2642404349523928
0.8303298957540173,0.572783738641863,0.6872916763024085
0.5212639918932184,0.7675077551756322,0.571237669740029
0.923327017800431,0.4991299548514079,0.7920154719858524
0.26193867320071634,0.7868696799114749,0.32026859300947386
0.7153091773254894,0.533124015798679,0.7762751392609811
0.7534752451898575,0.775312214559457,0.4239493239287298
0.687276110280984,0.5270108017858418,0.7807104878509525
0.7952323365166915,0.7776650306324504,0.42224456694067763
0.6025001096571119,0.5222241206537447,0.7731962111628117
0.8861267918250363,0.7816203297962917,0.466013127562555
0.373352572349149,0.4995100278337793,0.7605243130370023
0.8656535875568633,0.793043284215753,0.563935262775171
0.4303005794551427,0.44150486576693365,0.7195246563383362
0.907025365870131,0.8049965921195276,0.6268844513436124
0.312022300691658,0.3915174190531626,0.6426692104116029
0.7942582228821475,0.7998687057794928,0.7740703963634432
0.6046247635850893,0.35743583568324033,0.40464904339380564
0.8844985377256275,0.8103188076255141,0.7983141527975702
0.3779952356013605,0.32223886929386336,0.31650915809723507
0.8699248986169201,0.7847590846595244,0.756896151174689
0.4186756067180669,0.4008959044893614,0.4211191241135974
0.9005294693121043,0.8403442969326935,0.836328521684609
0.3314317335864871,0.2260250096576514,0.20794983494409017
0.819863536365869,0.6424637782603018,0.5851404583400174
0.5464430769830255,0.7179087718495253,0.7111399705774277
0.9170192502212905,0.5612961506747597,0.608723070232195
0.28155129629602904,0.7941281491697871,0.6627426642946492
0.7484366062452024,0.4074659863044463,0.7568367273148612
0.6966332349062554,0.7892794954227866,0.45803208659884886
0.7819408724421152,0.4840735382563312,0.7958157929191956
0.630884574452342,0.7899478480742526,0.3555616638062861
0.8616161442305886,0.5148662591284859,0.7626644017950428
0.44116492765766785,0.787096531594332,0.4104979882636773
0.9121922067711484,0.5041950811302713,0.8277616042915771
0.29636106330538414,0.7779921451995673,0.22833799659856346
0.7715653788089791,0.5818249209220402,0.628394895391466
0.6521333066196421,0.7734453750272837,0.6747357749134439
0.8393651909628037,0.4536119238030896,0.6404116925557333
0.49887568850228525,0.8206666413874341,0.6416428374815772
0.9249953229175276,0.3456836323204006,0.7273267755869505
0.2567022093434378,0.7544148290906276,0.4686502917563676
0.7059828847280518,0.5589096062091526,0.878222542228783
0.7680128894367074,0.735543302263512,0.1498414422876349
0.659225637054413,0.6911972057177934,0.4278549585746862
0.8311946270670807,0.6885240550994451,0.7978165628982772
0.5191474403070201,0.5909274548078067,0.33479936070558863
0.9236434894598496,0.8346108546598049,0.7589524529986971
0.2609469172016443,0.26840249489033685,0.4001496959510308
0.7135584073370294,0.6992901407808362,0.851144158595503
0.7562533846259843,0.5567927150013415,0.2283793130807841
0.6820365506105913,0.8819439657239383,0.5864615416692638
0.8023919686946511,0.1866786035161825,0.7421954919629382
0.5866686598952006,0.518495468280268,0.4735771176819541
0.8972076105502893,0.845487892968964,0.8162696712038234
0.3412366222474399,0.2177536280086162,0.26495605717886533
0.8317385025730122,0.6207957480958888,0.6883210791900278
0.5178133938692775,0.7189209840602111,0.5690695791356748
0.9238259270957746,0.6001917936176714,0.7943846027974352
0.2603748590292066,0.7163416171484256,0.31406702810518267
0.7125452297144913,0.6780903186043565,0.7686855561925398
0.7578507437047723,0.6166176157432609,0.44235673695767075
0.6789980776923147,0.7844872712394668,0.7835432328856234
0.8064508462750873,0.39320135459445216,0.418114294948077
0.5775251516239462,0.836124263643906,0.7701809496660809
0.9027624482030314,0.26035062032875605,0.4805288386141177
0.32479491817475165,0.6778653083440336,0.7550682945005639
0.8114217634196498,0.6206818223824662,0.5898804763514699
0.5661609954938043,0.7434964578617023,0.7084912373603252
0.9088040738984947,0.5101775253718973,0.6078487809745098
0.30665314790677806,0.8205641452030507,0.665765163059854
0.7866828807068744,0.3380408081298262,0.7461179146549635
0.6209078258655497,0.7449603311058718,0.46988133998040976
0.8709108012845239,0.5781617853325056,0.8099242622164716
0.41597315671474794,0.7346000765146664,0.290533945010532
0.898876111547808,0.6515888962014639,0.7184394462270668
0.33632203625505236,0.67088778245116,0.4941820326722275
0.8258752394819381,0.7019977675470656,0.8633923596693698
0.5320797146825812,0.5483244856026501,0.1535373449906835
0.9211923000517714,0.9024974183797592,0.4507870560177852
0.26860907159526465,0.16989056886901266,0.7548858544712885
0.7268954815323803,0.4817857510493418,0.6072158330164686
0.7345182297027002,0.8267267770273613,0.7106847482263385
0.7215044397673127,0.3064666932416577,0.5560720438795043
0.7434623977044651,0.735252543485433,0.7578206649342325
0.7056864253447735,0.5129247616026515,0.4573615701734787
0.7684644493868891,0.8505317232928269,0.7941353665848572
0.6583293058369597,0.21036706270138492,0.36405599749273404
0.8322477743787899,0.5972720826275676,0.7653840359921031
0.5165622407552606,0.726377169663339,0.4132096217990232
0.9239850610703098,0.6312293510447026,0.8165994452811861
0.259875671560061,0.673719465900857,0.25531474811399313
0.7116591354976927,0.7621212419973289,0.680740317685146
0.7592415183333666,0.47776281542973575,0.6146965013417355
0.6763371901371799,0.8256591663662923,0.6943810888003078
0.809949222885739,0.3147874414591394,0.6015891896250832
0.5695464731603479,0.7395829561154458,0.6967055693175872
0.907104165862541,0.5219194011861625,0.6273392587435298
0.3117849331082495,0.8122156485336016,0.6420543110333022
0.7939278278012554,0.3679362262527235,0.7748593863397438
0.6053437985629317,0.7650340881339759,0.4028896502170442
0.8839399311860302,0.556191476971064,0.7973641369642883
0.37958347819120575,0.7556698629129931,0.3191286004332719
0.8713494867192471,0.6014500958322235,0.7598478193087345
0.4147683672394016,0.7232915615538337,0.41398508924208055
0.8981216044747613,0.6367597522136919,0.8337941708630242
0.3385469957866345,0.6619311634050355,0.21598357615718133
0.8285518314927722,0.7886954637063011,0.6006767397347283
0.5255986678841564,0.440455224596758,0.6932180768272285
0.9225754203494596,0.8094650970604429,0.6453786031148931
0.26429105223096666,0.37402993554672903,0.6132138553123603
0.7194327801839759,0.7932730965054571,0.8174925834057161
0.7468422434287044,0.36048761827046194,0.31976588445065346
0.6995549553786116,0.8253185395649878,0.7136324003567428
0.7776579332002095,0.3093648445623737,0.5605336219709597
0.6397524668846558,0.7382643790593961,0.7420073646927408
0.8527362175987167,0.5112906812970905,0.5222482430127406
0.4646354949383582,0.8377098635594266,0.7500226617824833
0.9203726015924569,0.262578188979353,0.5580629869052355
0.27116144057244107,0.6733106728281418,0.7120083718879385
0.7312417807607425,0.6397005580109235,0.6855674285995544
0.7271507836732224,0.6958054438139308,0.6013745745994907
0.7340893294635714,0.6326997813822506,0.7168542904436848
0.7222480875757933,0.6970156819811099,0.5445700520261819
0.7422414140049394,0.6464490771024914,0.7652843874692824
0.707880660161284,0.6660421299436463,0.44099169445753555
0.7651068351843625,0.7232978229110963,0.7921792372231693
0.6649579539725657,0.5273293439748058,0.36998771157252297
0.8243188316583842,0.8641345934119761,0.7687096053983014
0.5358239930974406,0.17808724706393,0.4079332289134815
0.9202515736186518,0.5242277562098756,0.8110360352881122
0.2715378750228735,0.7727141594399753,0.27157162018425135
0.7318787125684627,0.5799311172834118,0.7063953758319376
0.7260593718330914,0.7569853785115196,0.5647332343756412
0.735919493503784,0.5243652671015283,0.7503998001646189
0.7190653725641968,0.7853625049507875,0.4758622407433755
0.7474383414102457,0.48769820554315557,0.7909621873386701
0.6984647886405427,0.7901276211578516,0.3785903544363854
0.7792633923784995,0.5071682633504097,0.7693932636694139
0.6364442434058334,0.7887210303345499,0.420205440613018
0.856116983233216,0.49732988267986816,0.7993391877567363
0.45576856873563143,0.7859589446024261,0.3229421669031166
0.9177612478067302,0.5343721681003382,0.7545051926316879
0.27925949737456585,0.7792595040952868,0.4120625869289215
0.7447124328524817,0.5217719341692971,0.85520432597735
0.7034285532674529,0.7647195691858942,0.20589466124812908
0.771882247747391,0.6171303471693924,0.5502947514747423
0.6514961604313573,0.7572987846888343,0.750684929386863
0.8400809794858589,0.4673568139195548,0.5005969465075987
0.4970762313501736,0.8473891590904563,0.7617818851362121
0.9249683708344645,0.23062223429112194,0.5236038425363198
0.256786970024114,0.6224047658919416,0.7342006367797826
0.7061354615848106,0.7055765468435753,0.6505449668794507
0.7677802344657034,0.6016470026872451,0.6619415639761876
0.6596868603091238,0.7466425491048105,0.6291524793909476
0.8306503945850732,0.5271521678354589,0.7019316003758296
0.5204801712747209,0.7942033260512038,0.5450879946935553
0.923448081562865,0.44465556376426507,0.8089545134372335
0.26155937221669817,0.789539384875058,0.2761042466894621
0.7146404479825282,0.5409129797742983,0.7146319115639811
0.7545390689324804,0.7840512934746838,0.5543493424737383
0.6852764908318484,0.46615485331150713,0.7517003794849542
0.7979887011966333,0.8005065207992929,0.48827749927355674
0.5964501156488311,0.44730251216663225,0.7736328376858547
0.8905802882079105,0.7960836799368833,0.4668919027177661
0.3605540423146748,0.4649502282963084,0.7596004463732514
0.8530528520753232,0.7990857606612137,0.5697494980696853
0.4638086294734757,0.4247588509489344,0.7174916542520486
0.9201536833878238,0.8016961764199965,0.6209227265033115
0.27184226464188427,0.401825646488842,0.647067288923327
0.7323929768461473,0.8045642973845188,0.779180815728282
0.7251759659565682,0.3436089992910205,0.41178940546790443
0.7373944021154479,0.7959503932989939,0.7816063626133872
0.7164824220237214,0.3650745618984772,0.40445516373307433
0.7516008355325506,0.8171230601757923,0.7801267993327525
0.6907789723694929,0.3098727675455501,0.4035502101396542
0.790332519696069,0.7583394939275946,0.7838888697096248
0.6131160036256474,0.4549439127155172,0.3823813016928445
0.8776576479779215,0.8677415889981992,0.7847592933056969
0.3972863934180023,0.16142863720400477,0.35285318070227173
0.885964685584799,0.488912210835522,0.7933803594555789
0.373815667481281,0.7893779520908953,0.32864923634517423
0.8660868026391798,0.5246929307321523,0.7716350732964241
0.4291276758536623,0.7807465924441719,0.3881963380992966
0.9064153205793569,0.5258323188729948,0.8168654642730253
0.31385837263400074,0.7706638686058338,0.2603304038221735
0.7967997898776888,0.5878303510242785,0.6836348122084904
0.599066573495671,0.7550959186260651,0.5866670814836479
0.8886875118585591,0.5218245857669978,0.7614773438771913
0.36601146706324933,0.7842564987681864,0.40497594451006186
0.858574170253392,0.5125273516617166,0.8371196595968908
0.4492708883802384,0.7727880985772382,0.2197315197649074
0.9154782617667984,0.5957951880354008,0.5983048437945989
0.28629791179718717,0.7677251470037733,0.6749564752323585
0.7560262447417017,0.46678944493406976,0.7388362104350756
0.6824670794128105,0.8028785053152923,0.49436919799447787
0.8018113302430686,0.43947286854405315,0.7949257728530637
0.5879667074665649,0.7914125189620271,0.35147769669580015
0.8963688759967198,0.5127321118141416,0.7652781129372562
0.34369934232205873,0.7874341715940991,0.3938257920354042
0.8346093863149393,0.5086576821385373,0.8339215134498846
0.5107352667827771,0.7750444347144031,0.23680720399176572
0.9245735899742796,0.5856306705437195,0.6239356177185218
0.25802788677650357,0.7711243939589973,0.6421109035031765
0.708363136761975,0.4690791556140446,0.7885996991096701
0.7643637719832289,0.7934196748353557,0.39671601226221503
0.6664136454323576,0.49365558512533697,0.769022455486813
0.8225340448714803,0.7929949568564685,0.45577731341898187
0.540095622625715,0.47593030647389867,0.7727680539817235
0.9190516618711482,0.7956965617405511,0.48627557276031935
0.2752641073272068,0.4597190734352848,0.7505343518515406
0.7381269806148822,0.8008527667644157,0.6138669760251345
0.7151935020819863,0.4062163496501273,0.700522928782668
0.7536594996482537,0.797927942993735,0.5800170860306838
0.686930375481331,0.4243584600186386,0.731327674570419
0.7957110284729119,0.7992341567826717,0.5299850483205549
0.6014534542661232,0.43710185410628893,0.7579693572334701
0.8869166274846451,0.7975217272980437,0.5000874206558295
0.371093436490861,0.45086527294094025,0.7525856321401544
0.8635174621717779,0.8001483525175035,0.5809540187894393
0.43606370237590303,0.41852369288917035,0.7049552062742207
0.9098749544306548,0.8018907085142855,0.6507731610236189
0.30340933040273393,0.391758779956043,0.6085860484711751
0.7820028019210047,0.8053453375723011,0.812277466504352
0.6307553529221998,0.33090322164467284,0.3131546542611997
0.8617412394241066,0.7954661831112088,0.7211208086186822
0.4408301200896713,0.3855541100528933,0.49954497158702
0.9120460236521699,0.8184494358958792,0.8419134418448544
0.29680687525201116,0.2860446039988827,0.18796861486563116
0.7722364500040485,0.7504563114117959,0.5454913117615064
0.650783066570015,0.5441398252670215,0.753802301220586
0.8408785272922471,0.7735657936311805,0.4941492285795551
0.4950667696349544,0.5092086637063302,0.7636648684862524
0.924909953981212,0.7891335510576292,0.5201626742991168
0.2569706647284319,0.46480763756868626,0.7360462415627047
0.7064659461306011,0.8034704951553531,0.6470727624740382
0.7672757084270643,0.3889218402485998,0.6666809728996838
0.6606856740338005,0.7946462920356475,0.6220376798657797
0.8294664223931218,0.4191138922641343,0.7102087599392584
0.523371943107265,0.8012057709555017,0.5299839436470245
0.9229788834189459,0.43220933812742435,0.8157040922580662
0.2630287974721488,0.7866067605666032,0.25807998430017304
0.7172252019382653,0.5532948307676419,0.685132919165277
0.7504088830786555,0.7826313176056778,0.6059421458166485
0.6929929477186109,0.45336013481673054,0.7063659461309001
0.7871887718842616,0.8086821886209539,0.5757740704813751
0.6198336544233555,0.39857656411128284,0.7273436863327687
0.8718676124899121,0.7901553645759333,0.557398397570257
0.4133435714898944,0.4505887538430443,0.7233531330795712
0.8972154545721299,0.8053973239580449,0.6248244189597606
0.34121356580150797,0.3911559876932889,0.647797325650753
0.8317114127637536,0.7988623470272146,0.7603252418126157
0.5178798929764163,0.3644172217896902,0.42494998631659053
0.9238171448804621,0.813569795390262,0.8210178616859805
0.26040240250988156,0.30614552382603166,0.24325667006880403
0.7125940677247639,0.7731604947414996,0.6594504001083408
0.7577739207624827,0.4590046417034514,0.6474529428173086
0.6791446413665279,0.8197736962458786,0.6528692003196459
0.806256630637735,0.3443932814509086,0.6657103006841758
0.5779654419045612,0.7617666937788932,0.6131558204352525
0.9025091425139181,0.49915491570439513,0.7406150784363588
0.3255496437130284,0.7971246376284541,0.44726355683913116
0.8123981708079901,0.468680149651602,0.8614115907034741
0.5639073166405406,0.7798014678652903,0.1641761027911653
0.909888663055281,0.59785819745604,0.47343495120352147
0.3033677504253909,0.7955830760449845,0.7550655513209937
0.7819423061807459,0.37445688911464386,0.5963576049578782
0.6308815831462855,0.7960990598079241,0.7089336921447512
0.8616190414145514,0.38783723251862495,0.5887084856883469
0.44115717487975753,0.8061165334338342,0.6978296165442327
0.9121888311479137,0.3657734883165103,0.6612709904099868
0.29637135966459194,0.7801465019077363,0.5919673989404733
0.7715808942900662,0.46360928542155333,0.8283593576590607
0.6521021260694493,0.786380170122907,0.2732515903339031
0.8394002900070675,0.5490367322089651,0.6674616132122542
0.49878753962953837,0.7893262306231342,0.6015715934537192
0.9249945607774452,0.43864296066917513,0.7715989804162526
0.2567046062454696,0.7953869013911795,0.370100513078507
0.7059872000979636,0.4974328265587166,0.8292265760743966
0.7680063115644656,0.779981280527857,0.2926193456997122
0.659238682757959,0.5573925792676157,0.6801215411524852
0.8311792550799874,0.7809111471587598,0.6299642055739444
0.5191851137172592,0.4499377174018873,0.6577213439562619
0.9236381462231267,0.8171529864403592,0.7008695445950655
0.26096366793914116,0.3356977998772329,0.5209633661559029
0.7135880382330961,0.773003592657543,0.8739841943218319
0.7562065547178287,0.39303579628248736,0.16023939264937512
0.682125344882595,0.8765598045709287,0.45210372283878786
0.8022723273801647,0.25048787696314195,0.7981095583331932
0.5869363283706605,0.6297044801895294,0.34328568622971484
0.8970356767948863,0.7949406929134123,0.7580443846542234
0.3417418840024984,0.3751376220105387,0.41029957238858866
0.832331164267409,0.8244999588483295,0.8439816402757491
0.516357189849673,0.2686200248836543,0.20884817938151043
0.9240100366588205,0.720190979638355,0.5715217929397418
0.25979730860656697,0.5970882888199311,0.6997340861228009
0.7115198680751993,0.7422479953329699,0.7088798038813735
0.7594595780149662,0.5127082897568634,0.5659407005978424
0.675918691292294,0.8283245321411739,0.7419011510343437
0.8104946719998244,0.29171337649616735,0.5117339172069736
0.5682943170409694,0.721299208191806,0.7635847671444246
0.907742779161658,0.53957154134347,0.4979694688705491
0.30985955635365137,0.8316048104331653,0.7491733863851134
0.7912324632528879,0.28013810707032366,0.6061795462297334
0.6111795136863248,0.6943520313310765,0.6962087885255585
0.8792647282249476,0.6088535537107825,0.616584434537759
0.3927855839204896,0.7500465668799103,0.6625816408948307
0.8824687552434998,0.5098751463878065,0.7275690146779241
0.383755309671205,0.7962436368623818,0.4805271489430628
0.8750025362903414,0.46021942092390195,0.8548274680875508
0.40468046177050143,0.7816548899560004,0.16245209948604744
0.8913824868373462,0.594341985624686,0.4798519870198364
0.35823307128895354,0.7972779761403919,0.7573972311699447
0.8506379103181972,0.36940308988847426,0.5750077007129878
0.470096306636445,0.7955661613808196,0.7134213632010065
0.9216913457559085,0.387752077104617,0.6264082176669252
0.2670527129839122,0.8002170913791402,0.6396159672697338
0.7242215774458244,0.39957480703445236,0.7891629881311277
0.738981331568513,0.7807460112549159,0.3903397849672131
0.7136853156984397,0.5251642476227372,0.7698841249052468
0.7560527676629752,0.780880108340157,0.43926272204807326
0.6824168266368826,0.5095774499196691,0.7834345383149571
0.8018791750309993,0.7849650401870653,0.4173017238576463
0.5878151656256323,0.507017914017857,0.7707086770314754
0.8964674377387282,0.7885085884795432,0.4761728418537628
0.3434102120076847,0.4801768125710259,0.7571386525260235
0.8342746616971305,0.7980904459500817,0.5800288756895459
0.5115636670248951,0.4239508835806061,0.7126134524716409
0.9245052419382682,0.802293249420404,0.616020473393427
0.25824260839764984,0.40188740439802256,0.6521203463658556
0.7087474453408232,0.8037818309059926,0.7765548651302207
0.7637706650356161,0.346496468501773,0.4253322417196239
0.6675726341866746,0.7969801489121084,0.7793174646012713
0.8211018254054342,0.363174330960005,0.43167171967900886
0.5435063855688029,0.8115247879873326,0.7708536607214241
0.9179966193345331,0.32793297702002605,0.489508900666077
0.278531657032135,0.7688748672693276,0.7498435586470796
0.7435215603333521,0.4411154890873941,0.6142488223115977
0.7055798237153953,0.8235114144657899,0.6987607114343192
0.768626663500244,0.3192116098665407,0.5858257642380303
0.6580069479298889,0.7466518550918717,0.7224857290543008
0.832625076301761,0.499257495845092,0.5557001215667274
0.5156340668764166,0.8340229355853652,0.7333827443735629
0.9240956310257438,0.2785971929930579,0.5761180291953
0.2595287142560419,0.6955054665403074,0.69549122825508
0.7110421747107964,0.607032194976902,0.7156334506940325
0.7602064418253494,0.7279317151717747,0.553490013552527
0.6744826482405871,0.5874569896089683,0.7510497351191074
0.8123564802129208,0.7396040528051955,0.49291538772603793
0.5640036882952821,0.5821649266029602,0.7696440829940463
0.9098430531730213,0.7402570194466753,0.4858936542501227
0.3035060855335196,0.5829309389076479,0.7524249745955247
0.7821435238372662,0.7435581776663538,0.6016214483068109
0.630461618239753,0.5418319661679717,0.7033621343898698
0.8620251348151802,0.785943692090826,0.5987779615601936
0.44006986651958746,0.44769054998360974,0.6872389800179342
0.9117110026737739,0.8115887082655933,0.6786093529446384
0.2978279860262162,0.3577084873422968,0.5638489149926122
0.7737679640334014,0.7877893971200616,0.8476627410117434
0.6476890769153232,0.36481816590081395,0.21800819154553744
0.8442953652716291,0.8441104557014142,0.5777072965314006
0.48640459537415925,0.3023431106320671,0.7124348257866795
0.9243161104003208,0.7111621259024006,0.6235091453630055
0.2588366022825481,0.599085468154574,0.6427254073471396
0.7098087977250843,0.7538692439800658,0.7876772398676862
0.7621269930694722,0.4638582801847986,0.39849942321269
0.6707709261661203,0.866123570773233,0.7701923275708548
0.8170979758725523,0.1714716553185665,0.4517764664169625
0.552960832680862,0.5060345556683202,0.7736908513061466
0.914622055746474,0.7882566255750687,0.4802188476797737
0.2889276382877007,0.4794984099657997,0.7528568864986976
0.7601592950484114,0.7990137365637717,0.6051473643408071
0.6745734224396803,0.4136247459070609,0.7048684406414306
0.8122392446574785,0.8001782006525499,0.5836733833991485
0.5642746201541909,0.4175786338054838,0.7143224342436856
0.9097144608549276,0.800007081056465,0.597895518248894
0.30389602409551725,0.41345568064198684,0.6767835795126753
0.78270995334748,0.8047600991684307,0.7314722099798165
0.6292778044295831,0.3584545864924031,0.50167245980695
0.863162822342906,0.7973365889046709,0.8037130570868399
0.4370172285313591,0.35448187099815515,0.30936707742890446
0.9103227308430772,0.8210905040453216,0.7407323133443197
0.30205044924787455,0.3120020500304447,0.4446962013973151
0.7800191088210173,0.755904143060699,0.86489406731527
0.6348804051718082,0.43594859943642333,0.16483706920906682
0.8576869223125486,0.9007480445817322,0.4702560824291973
0.45162224274433427,0.16850289932730403,0.7653759168322718
0.9163404926307739,0.4780273366637421,0.5297570014464874
0.28364419852506867,0.8418796924169715,0.7325309009454488
0.7518036185221183,0.25650592712112236,0.6457460378750447
0.6904012694869198,0.6546311314154232,0.656790420722349
0.7908652193377466,0.6826350433972502,0.6571707858658934
0.611970469464537,0.6394728635184277,0.6302127128590311
0.8786116716811974,0.7102672996455741,0.7126574679044521
0.39461684764704613,0.5754064468847873,0.5113100333167689
0.8839092474405703,0.8058219843529026,0.848815527897402
0.37967065199957545,0.31786992927485586,0.17726878849941802
0.8714271376362333,0.7970728822311524,0.5156202796554243
0.41455496128121205,0.44701153901335794,0.749362143769241
0.8979868378258758,0.8003971928827147,0.5744241812695415
0.3389439645942319,0.4199915693161026,0.703064931777992
0.8290255277996911,0.8026903632422868,0.6812845904154358
0.5244461476076984,0.3799266661801788,0.5818246110134354
0.9227888277084277,0.802081177324823,0.7830393365491626
0.26362354651025344,0.34883907233646433,0.3429541097832982
0.7182668372717559,0.8107740961187462,0.8020877972371464
0.7487304746653238,0.31980075974122885,0.3600785953344025
0.6960926585992221,0.7761953604606125,0.7493291148804107
0.7827263762009091,0.4239966314396293,0.4901051737022149
0.6292434459411176,0.8400436074367116,0.7761884851469357
0.863195687220682,0.24710703421112892,0.4508734980632665
0.43692890330189726,0.6586850537257192,0.765345279319626
0.9102815360168048,0.6481674245060185,0.5343212143870142
0.3021755264536576,0.7234836039563938,0.7310649474805321
0.7802022673646161,0.5446427965510986,0.6430214688197482
0.6345007506457945,0.7973797338986943,0.6532321540037902
0.858065327880156,0.4023671783613264,0.6768635371386648
0.4506201175892828,0.8000293368552716,0.5813185027685724
0.915978020688484,0.418704718250327,0.800619235290057
0.2847604593251375,0.7859290511494458,0.3004765914034259
0.7535861784812746,0.5415031907894535,0.7476827821760604
0.6870679853080734,0.776539848984563,0.47641268640379547
0.7955206048292801,0.507945816849456,0.7969991738817441
0.6018700168489448,0.7828283873372869,0.34825263951251223
0.8866032487686241,0.5335818096649833,0.7604974587320652
0.37199033375371804,0.7784221064750315,0.4078609882213332
0.8643700437858073,0.524983469926208,0.8377305592780067
0.433767543408657,0.7667227448018904,0.2160459378251895
0.9087690682673407,0.6098280008111554,0.592571250651316
0.3067590406630456,0.7548583062498347,0.6827175270820429
0.7868343470477742,0.4933365828639687,0.7220333062443116
0.6205864122086049,0.8023499861298123,0.5193602625895819
0.8711979936054289,0.4327658768599518,0.7996825016630852
0.41518458331022473,0.7894826651348117,0.31723556490457233
0.8983834768394373,0.528054401594204,0.7530569135725717
0.33777523991088976,0.7829629459383254,0.4211658230851003
0.8276275706919135,0.5104399578054186,0.8499770871126243
0.5278426472133062,0.7710431001297233,0.19297387450540066
0.9221317118857749,0.6077882413793446,0.5385901084364657
0.26567782593542505,0.770143313244552,0.7257997816559006
0.7218445393441089,0.4455574519303279,0.6632022227855308
0.7429045013438405,0.8155982368680555,0.6394263670582024
0.7066903919395308,0.35989749887638184,0.6676711814423082
0.7669326029555678,0.7746861977870965,0.6366825911190371
0.6613638462736515,0.46249783629261604,0.665185418994781
0.8286583237283615,0.8166250347638666,0.6525234168710338
0.5253397131030352,0.3529028770291314,0.6271725948511222
0.9226242260774667,0.7746776043970455,0.7380454593439865
0.26413842506996227,0.43110845221712013,0.4468283682479495
0.7191664746446321,0.8500073540577892,0.8722729159995488
0.747274408649822,0.18535518362063985,0.16353212359812203
0.6987648572594592,0.5586502466878019,0.4599751011337369
0.778822366618919,0.8292112800824352,0.7954748134365246
0.6373549251301928,0.27147667166209644,0.3574106100891507
0.855194410807173,0.7087859370347974,0.763246984038006
0.4581966429659775,0.5638323833286315,0.4111179925431113
0.9185341735605383,0.8368774584239115,0.8252628045331467
0.2768678385793896,0.23976378950630148,0.2332264464596606
0.7407845425971367,0.6666397911004814,0.6394253997566948
0.7104843749712645,0.6695272945158562,0.6682146944844897
0.7610764132039378,0.6574094858238512,0.6348357577783312
0.6728046939336969,0.6844012996192365,0.6691044559371423
0.8145125896915808,0.6332911037514634,0.6435510532192109
0.5590027744243329,0.7148204979520645,0.6436701398625883
0.912119088657856,0.58651769687601,0.7092897165932212
0.2965840700261275,0.7503011327234462,0.5082731940880252
0.7719012499015991,0.5556373350759359,0.869447088810522
0.6514579281172082,0.7400600552880657,0.1538019988478212
0.8401238352386378,0.6816339357439499,0.44406841906956324
0.49696837379947206,0.6992176069077027,0.7691335833723619
0.9249659941975471,0.5798639670471316,0.5076556387350357
0.25679444397005446,0.8031417177528326,0.7419562942104608
0.7061489128098105,0.3592788530088321,0.6360085026852772
0.7677597152651325,0.7787450100848201,0.6815395912903877
0.6597275190602001,0.43900038679658043,0.5980979046537136
0.8306023427230318,0.8259087137804636,0.7363690413845699
0.5205977366483593,0.3002322257307501,0.47751045538967996
0.92343021300637,0.7368053107215288,0.8286821549048622
0.26161536243950645,0.4887989003435979,0.22202905716784796
0.714739228928063,0.9011147200901342,0.6193291314753092
0.7543821351697098,0.11358975063489465,0.6999657468252761
0.6855719984340481,0.34879373666761665,0.5700343025051027
0.7975832235696166,0.7790468394520497,0.7554343085004077
0.5973436326846875,0.4152547318807323,0.44627363584468116
0.8899396035502699,0.8437260498294182,0.8126306514733523
0.36240429065731583,0.22414702227238378,0.2771380419027748
0.8549494568507893,0.632513542345529,0.7050626709990498
0.4588402674009199,0.7002391338955661,0.5324542205348141
0.9187317427257773,0.6443001004999934,0.8283572369068799
0.2762557922451837,0.6528066177681151,0.22450003774648364
0.7397725591358276,0.7981154758684591,0.6228433730550257
0.7122837435761873,0.4102203022894585,0.6895583867805622
0.7582617651891346,0.8013833702740928,0.5998670473041146
0.6782131843731517,0.40936589194804984,0.7109563525824142
0.8074882253876497,0.7975325204054187,0.5715784036409657
0.5751686676174295,0.42803228341249866,0.7263235672014452
0.9040937842118956,0.8010660745812861,0.5723494083341146
0.320820390176847,0.41898196929364206,0.7035448777940856
0.8062102694674038,0.8022793301339043,0.6855938588521735
0.5780705022289899,0.37959572811942077,0.5807711768734943
0.9024484877223392,0.8020173236603636,0.771440108831518
0.32573029450100816,0.35272599429041235,0.37743741058788116
0.8126312580575902,0.8097603938029102,0.8249425718743433
0.5633682769957155,0.31510099532312774,0.26906420093631206
0.9101425074411988,0.7818577544943758,0.6709745088511477
0.3025975572824306,0.43485981042931743,0.5769829396760006
0.780819419753806,0.8285978598488067,0.8381164411798518
0.6332196779098023,0.259064031994234,0.24295241528313236
0.8593343144451515,0.7003943753194563,0.6226698257301587
0.44725174671026185,0.6187573391574085,0.6599892444140337
0.9147052005670621,0.7283402293193789,0.71670826606953
0.2886725075037415,0.5391106108234612,0.49306889068647236
0.7597605563864023,0.8328904929230272,0.8728871169534833
0.6753404773795589,0.23530746410491526,0.14747925594200337
0.8112461528715411,0.6662839283590856,0.42787286058814084
0.5665655795938616,0.726447772384236,0.7718032690000673
0.908605387369333,0.526897009931193,0.4802666300410784
0.3072540584272021,0.8410449417032078,0.7540022711178241
0.7875413074266977,0.2516820359895675,0.5973280849674812
0.6190839871363777,0.6517836540425712,0.7065931308216231
0.8725303148285012,0.6736969694502143,0.5962515181811389
0.411518308774978,0.6702778550669176,0.6874375903716878
0.8960326641764517,0.6510909314123188,0.6861485351109966
0.34468507694961703,0.6800103495568943,0.5551726491243215
0.8357459163080585,0.6715046570399069,0.8421323501801131
0.5079163148251102,0.6076173388835353,0.21303362339048965
0.924768128250482,0.8494447923098489,0.5803778099771292
0.25741653772355355,0.2862183510391432,0.691280636103138
0.707267076170896,0.693101315317149,0.7227127647209594
0.7660493288016017,0.6036856469162988,0.5410239932746584
0.6631056921836036,0.7737189356861132,0.7579589321845333
0.8265671727560381,0.4272157579316964,0.4814179912699332
0.5304093622090734,0.8427075357137951,0.7695457941166354
0.9215785015531384,0.2416440240560383,0.49645392379216874
0.26740479800437905,0.6447072274820631,0.7469447170064999
0.7248280464318803,0.6732218501951839,0.6232534606137718
0.73797369328921,0.6637429013665566,0.6927872988263977
0.7154635288184841,0.6597185706116215,0.587235452938234
0.7532292306716192,0.6936080641527782,0.7336324900298556
0.6877373399138016,0.5997688036474756,0.5059096232967547
0.794592357447732,0.7860030585875045,0.7906969086061032
0.6038967688535344,0.3872084313770466,0.3643298550015174
0.8850602072606424,0.8404824378762423,0.7735211868397401
0.3763959561022472,0.24673867275628014,0.3778473877232301
0.8684715492288528,0.6652540612834899,0.8176048187428069
0.42264625441288983,0.6242063694893599,0.270726496858001
0.9028606727614852,0.8190894185105482,0.6886846020690814
0.3245021298660053,0.3344900364212161,0.5488465126465341
0.8110418410401968,0.7680189123923269,0.84988340278312
0.5670360005526021,0.4123763499618166,0.19888716871459522
0.9083728461306727,0.883170976830561,0.5476010798636071
0.3079569886095956,0.1965702572589729,0.722600609784471
0.7885420825715886,0.5401601637077017,0.6566581998050506
0.616950826365427,0.7970232292459883,0.631583485609094
0.8743932655860419,0.41016313717427844,0.7097287437455412
0.4063698259301321,0.7980510707024784,0.5181387234849547
0.8925635448634912,0.4438053487569081,0.8445536934143546
0.3548072940035761,0.7831363906490253,0.1868447033902522
0.8470005890641132,0.5834417499671448,0.538676042520052
0.47948518739988605,0.7929672159246394,0.7419319189624684
0.9234428271167342,0.38523232001280494,0.5699663352234817
0.261575837004534,0.8073834935438133,0.7012569988156164
0.7146694984496725,0.3613748360195848,0.7059509534229661
0.7544929238108543,0.7703148175726657,0.5704045962719734
0.6853634014017501,0.4930385747265394,0.7394141846659069
0.7978695148568625,0.7989929294537464,0.5140657869734925
0.5967128828400681,0.44278623073024265,0.765201043506136
0.8903924876832242,0.7970982954885072,0.4857243440174046
0.36109671057386333,0.45648121997395474,0.7562477622049282
0.853611741890416,0.7997559572299174,0.5765025221132579
0.4623473231897354,0.42092873331030467,0.7113844656482284
0.9197544209373806,0.8015895726750745,0.6322150991988328
0.2730830365830401,0.39847448560864857,0.6323782502744988
0.7344821593404166,0.8052432751309289,0.7957340065962433
0.7215670327189052,0.3365005494503146,0.3708730255440593
0.7433597850449165,0.7940331834036641,0.7609296555974963
0.7058712555847004,0.37651680236524376,0.45046865707904904
0.7681829966587223,0.8195185742974982,0.7936843727450467
0.658888157121647,0.29891615472852995,0.3652701639013013
0.8315918480480013,0.7484827243735984,0.7662052070473421
0.5181733313400114,0.4822124045801521,0.4115134087510799
0.9237780011036228,0.8644292653375664,0.8155787486277727
0.2605251613882859,0.16097909853717687,0.25815991624206486
0.712811666186006,0.49392171100561316,0.6855268893260121
0.7574314205200032,0.8094216999964607,0.6064961311353768
0.6797975357974969,0.38673158793756557,0.7040582050195896
0.8053895306482469,0.7875909895619909,0.5836533130146311
0.5799277679106407,0.44848954174868216,0.7159405912525759
0.9013627420922443,0.8065336756949348,0.590457607487403
0.3289594122627201,0.3993306816099798,0.6866742117716479
0.8167569341819978,0.7970082694935723,0.7100130097649473
0.5537606651961997,0.3851969159899255,0.5339644532796411
0.9143062262473498,0.8129079679280867,0.8074332628622005
0.28989629830291525,0.3123473484545541,0.2831069108499031
0.761668807772775,0.7765218261776511,0.7221728247178685
0.6716589096434659,0.4316516848007678,0.5263553519961033
0.8159729093380609,0.836460889722424,0.7860035662440386
0.5555961460884337,0.25409708647940177,0.3691682448766779
0.9135635535984202,0.6789082117439156,0.7842815712423408
0.29217119239967226,0.611027120078508,0.34276801259902545
0.765186590906276,0.8146276384973676,0.7979757643701267
0.6648014664129772,0.31079447257090626,0.3554627092090211
0.8245097636720896,0.7654904564243552,0.7577605221084762
0.5353656291414927,0.4465426311582108,0.43292900966012116
0.9203723074190777,0.856869427097079,0.8205553893358422
0.2711623556740936,0.18235159082821242,0.24566199878874212
0.7312433303956689,0.5456773226953251,0.6627155993238226
0.7271481319458222,0.7924617911044629,0.6376653727185984
0.7340937867680364,0.41955168345625454,0.6740285981422616
0.722240366287424,0.8074201652014501,0.6194161725464563
0.742254112491997,0.38771129951763583,0.6980050278340778
0.7078578964286449,0.7890891419076942,0.576914872323051
0.7651418511013572,0.4470009245353828,0.7446433618093687
0.664889255539819,0.8012398419684366,0.4794534868380471
0.8244026736078398,0.4483193333588093,0.800916178992527
0.5356227498175159,0.7912775478921877,0.32904099026151357
0.9203047728731231,0.5201498353829369,0.7507788871973382
0.2713724222302682,0.7872582541928013,0.41967085571412777
0.7315988935276374,0.5009288505227919,0.8604408516494373
0.7265392243120641,0.7725888800509079,0.19490746995440703
0.7351159254379268,0.6038949057761445,0.5270938301572891
0.7204658559402287,0.7768743959740265,0.7722792111472789
0.7451607835488068,0.4152417719948519,0.4316538748248701
0.7026159037760201,0.846148353780626,0.7839625468510378
0.7731031434869983,0.22674593154388947,0.4097089904345274
0.6490342901648241,0.6255958305136593,0.7729739015930025
0.842818487313748,0.691945398238685,0.4521304994480894
0.4901592935968805,0.6805934768804865,0.7690500831656083
0.9246416938407043,0.6123548772902975,0.5099340180226841
0.2578138978527612,0.772378489042559,0.7410303911950447
0.7079798001288908,0.43561927035771564,0.6374650105032128
0.7649542901318824,0.818255542738155,0.6791795994108578
0.6652571293206281,0.3398396992791064,0.6027516373607125
0.8239533004722094,0.7661024290436518,0.7303306862076983
0.5367007587187012,0.4535330545481842,0.49194237123207146
0.9200163009450453,0.8475934603512056,0.8241481400268825
0.27226933567963235,0.20887878275470476,0.23584020865234992
0.7331133547543549,0.6049342850839872,0.6447321064682889
0.7239352061901302,0.7473694258177542,0.6630110495726533
0.7394561866857605,0.5154899529328715,0.6391591031565803
0.7128447182342827,0.8123009935326387,0.6689091864699391
0.7573793659031446,0.3589871393765749,0.6331358823995606
0.6798966894269922,0.7789210547609455,0.6722527717048853
0.8052575701928707,0.44147477569680177,0.6367988418446344
0.580225918607795,0.8196004865476466,0.6552693707220983
0.9011860673390811,0.3440702615889178,0.6882343827327841
0.3294840356801084,0.758372371406272,0.5501013851118137
0.8174199318746126,0.5257885761064915,0.8481623967408021
0.5522049713402504,0.7641044689585046,0.20175061781901554
0.9149161715792455,0.6196771559435732,0.5545329007743683
0.2880249110794816,0.7534079418134739,0.7159968779307669
0.7587462782054119,0.48648999513907015,0.673954722414202
0.6772863450049361,0.8131611816730304,0.6128876320009535
0.8087073419367259,0.37494510839983947,0.716553573382666
0.5723891750271372,0.7784183131498741,0.5237560711871144
0.9056112871538949,0.4889061311983116,0.8079836923832215
0.31627408981343413,0.7865235081177782,0.2844556275772992
0.8001057227266364,0.5451857604960555,0.7211847416011554
0.5917652541908761,0.780010313119735,0.517197977948842
0.8938428110561504,0.48725826609619427,0.8064758167874713
0.3510850086637409,0.7872015070061809,0.29224492980451555
0.842950003814691,0.5411855530685594,0.7283956051210769
0.48982559106896284,0.7809093044616281,0.49034743368215644
0.924616981190745,0.49355330952831195,0.8335795114111396
0.25789155135249636,0.7802765332430328,0.20775921101877434
0.7081189466459468,0.5832184906029347,0.5908628569759855
0.7647400649738318,0.780981443626739,0.7319269877888214
0.6656769825913097,0.41791828089442545,0.5060071682078688
0.823439208525924,0.8349447371061105,0.7951308298591803
0.5379321900360583,0.25537332658029716,0.34408303046634764
0.919676251148553,0.6836485974190776,0.7655290875813623
0.27332582362101754,0.6081715134740993,0.38610324100653876
0.7348896257227668,0.8068431345068113,0.8395296107013792
0.7208593957929285,0.3181552782029781,0.25437243310332136
0.7445181709729356,0.7876328663557887,0.6322149026018588
0.7037801970369859,0.4330892288899234,0.6766933034727419
0.7713524357935986,0.8108493137233458,0.623362314028687
0.6525610656788596,0.3775676599037371,0.6810552551330691
0.8388829485840437,0.785481241954236,0.6302826026396321
0.5000858844882424,0.4389016760593587,0.6553650383745068
0.9249999727082624,0.815832914878705,0.709110020094029
0.256687585832512,0.33653725627825065,0.5049648584324892
0.7059565557143586,0.776022345559018,0.878061018495856
0.7680530194856298,0.3844501043160929,0.1503507296834682
0.6591460413551555,0.8714093361917923,0.4290219097275726
0.8312883888276376,0.27402681783360716,0.7981438144281351
0.5189176126835557,0.6644934133026986,0.3339351149963756
0.9236758585423134,0.7539613724302758,0.7580976036976357
0.2608454374872044,0.47257316467640126,0.40209995033008855
0.7133788523484593,0.8661479072841342,0.8523915836386453
0.7565370218706814,0.14291810922558887,0.22481978714896036
0.6814983987159698,0.45016941044374087,0.5802723668026444
0.8031158256750935,0.8311255809579817,0.7478477357977432
0.5850469460336335,0.2819229580679994,0.46124263875316596
0.8982379627903034,0.7132183306549195,0.816472626177745
0.33820414247272684,0.5402241289397456,0.26406900262942135
0.828141771801953,0.8818214547547397,0.6872083276294086
0.5265950171150974,0.15152476500842768,0.5719829476702339
0.9223830087391964,0.45130790736498466,0.79024330546312
0.26489259753516853,0.7933807018349316,0.32506002482626006
0.7204806844330871,0.516488406875331,0.7817107411882762
0.7451365908300945,0.7824745264768703,0.4094943009368358
0.7026597917939357,0.5152192326622937,0.7774767576401965
0.7730373325231431,0.7838960659444462,0.4250640715072452
0.6491672756799923,0.5070610083704448,0.7776745782340999
0.842671758304974,0.7870801550384184,0.44123984747422784
0.4905314444226568,0.4945547907005272,0.7684276062054202
0.9246682818845314,0.7928761002675175,0.511186265801324
0.2577303463365888,0.4586422206165565,0.7404634164930185
0.7078300351811,0.8026913245890261,0.6385637675091115
0.7651847029635043,0.39364085787950526,0.677778460672753
0.6648051712623847,0.7955191124297539,0.6049784423434975
0.8245052454431514,0.42237799143650756,0.7281267203235668
0.5353764790155563,0.7992069532566232,0.496266781943177
0.9203694675101091,0.4479483075648097,0.8236723297208901
0.2711711899054893,0.7871734981347356,0.23704560405654052
0.7312582899817023,0.5586302168979836,0.6470685712273675
0.727122532264534,0.7874174186623075,0.6602698047699124
0.7341368147496592,0.42477566164205816,0.6424077326370894
0.72216582232187,0.8144584420423876,0.6659124735453101
0.742376685350575,0.3542748432067546,0.6352400585532297
0.707638106874333,0.7747087665442295,0.6733267071843099
0.7654797413224793,0.45108981262494985,0.6276545570331842
0.6642258757051931,0.8227060290880257,0.6771973091523661
0.8252104884707911,0.32850017137836524,0.6332713524217057
0.533681111297781,0.7506100180789788,0.6548952726135352
0.9208026561444621,0.5109672782428425,0.7009456360729385
0.26982296095253266,0.8012812235498736,0.5216165255933284
0.7289685635727605,0.43470336885067784,0.8719640938881897
0.7310215685130789,0.7772651111988664,0.16105712662805027
0.7275274290625001,0.6043353054877388,0.45554345702502447
0.7334556953895731,0.7937310667231257,0.7900797066803129
0.7233442216736321,0.3680250651177422,0.3851806169622611
0.740434226986498,0.8224598419516227,0.7695101450851244
0.7111081152255992,0.2987978013191077,0.4318864681360973
0.7601034456378118,0.7403581215903682,0.789894045071453
0.6746809309991503,0.4926999508115708,0.3772160924524103
0.8121003176774996,0.8704568210067256,0.7721174950386618
0.5645955493107343,0.15740141537904154,0.40372695108314716
0.9095614355342045,0.4759081956925453,0.8043442043070471
0.30435989293569793,0.7896884315734896,0.2927933440802686
0.7833823094791132,0.5352985090104567,0.7346374741397085
0.6278695266948513,0.7829900398609165,0.49499555086454927
0.8645027213284885,0.48725425470240985,0.8055897855235719
0.4334097347332673,0.7873751035758728,0.304033539955381
0.9085932253153128,0.537075402408016,0.7344329467589693
0.3072908320377912,0.7820257187782408,0.4586329197735068
0.7875937533582589,0.5008793516254951,0.8672607279787008
0.6189723822084431,0.7712398806318261,0.15502510183095908
0.8726286174050982,0.6190767282328495,0.44890892640276053
0.4112472799158301,0.7802387421861242,0.7635973818640359
0.8958549323073457,0.40982711078372414,0.5459101449238898
0.34520582850140297,0.8247727422137985,0.726536683595537
0.8363434285392328,0.3066046160192299,0.6387719281472888
0.5064304628903535,0.7252811235182521,0.6446684675082875
0.9248470018439585,0.5661326619959378,0.7215523482083344
0.257168592589538,0.7650703197812696,0.48047194168696894
0.7068217580277006,0.5323706738296389,0.879156479162345
0.7667316135034256,0.753824236333241,0.14665138395708827
0.6617607115240792,0.6572471646409557,0.42056158971330787
0.8281838471667273,0.7409680194644113,0.7952006302332276
0.5264928410977308,0.48982478896630216,0.34239758013846305
0.9224030786711105,0.8775227090304284,0.7654927454832557
0.26482986477792014,0.1375666566448715,0.38535345374257673
0.7203715277486261,0.4272623162371528,0.840283709065689
0.7453146421036252,0.7813922614511839,0.2571234464247578
0.7023366875674101,0.5653278253289832,0.6339056967916871
0.7735214999977186,0.7855221887864711,0.685211572518332
0.6481881594442929,0.4215438036154348,0.590381271711596
0.8437489967818974,0.8221840566964659,0.7465408997400681
0.48779552068232457,0.30710868887285253,0.4519321612049955
0.9244488875329625,0.7488404037115807,0.8332246827344766
0.2584196249265132,0.4613556310363497,0.2088266238298506
0.7090640128036079,0.9008176606594921,0.5930252427140852
0.7632812826366756,0.12404182223355759,0.7296111083738331
0.6685269749887918,0.374516679034812,0.5111175076999658
0.8199150371941706,0.8089110660509534,0.7928618752892659
0.5463211652150942,0.3277476454568166,0.3509110002605873
0.9170610937165291,0.7868399959792437,0.770629546363266
0.28142216319949853,0.3914473874862683,0.37486014306772436
0.7482277982605694,0.8417625191255211,0.8295472793461699
0.6970169526316273,0.22417715533083446,0.2777266235617072
0.7813819853902644,0.632520260823663,0.6687796456635412
0.6320494597019825,0.7094104078177789,0.6150010171731747
0.8604828787119336,0.6047214735884276,0.7253177054545931
0.44419274837556216,0.7281002243596784,0.49149339871615844
0.9134765374646687,0.6051851057552892,0.8424036909390331
0.2924374659750453,0.699254366817166,0.18605972754595884
0.7655958395358162,0.7428840650200875,0.5415980657356956
0.6639977450786803,0.5610698819539215,0.7577048251174637
0.8254875365537004,0.760852232064718,0.4817024718482874
0.5330140951283532,0.5411923468827653,0.7696987909892103
0.9209672572345675,0.7719640222750248,0.49531260931672416
0.2693103028447004,0.5124690511539309,0.7474515874206783
0.7280943754176659,0.7911939737297623,0.6216973228567034
0.7324999368404522,0.4277256731966585,0.6938441835937076
0.7249919836659874,0.8065448857612861,0.5869225605874248
0.737700846958363,0.4004425249595256,0.7316877620912038
0.7159437372145244,0.7903342506647625,0.5144066322159714
0.7524627187239505,0.463747494443961,0.7819134274006247
0.6891715299216924,0.7949879999469855,0.3990080470031308
0.7925922893882191,0.48918961827399926,0.782064332117461
0.6082420831050742,0.7915271519077258,0.38609246689858734
0.8816495103467746,0.5015039881892468,0.7877982003832027
0.3860715096326486,0.7869578739616155,0.34405580953705805
0.8769751066056805,0.5254336036410333,0.7864027848800487
0.3991921452986526,0.7772738585568931,0.3489989482621098
0.8873997727928945,0.5458835001652792,0.7894520428859798
0.3697092393480508,0.7646624449262716,0.3381053299180124
0.862189975448325,0.576810747841466,0.7824989650350411
0.4396281602335446,0.7421568867977971,0.36325781990460515
0.9115143915638897,0.615503242336645,0.7965625165778181
0.2984268504824661,0.6984562991457562,0.31239722733462455
0.7746625819562531,0.7088467433980042,0.7617842545791693
0.6458737244705608,0.564132567566214,0.4390143920641072
0.8462671690836218,0.8303879856009815,0.8027452667243955
0.4813664761748136,0.26575347451418946,0.3173097431841732
0.9237153296224679,0.7038555101264208,0.74474537546719
0.26072168193881645,0.5782370246808448,0.4319978004234244
0.713159780071501,0.8219436498089518,0.8677451299241152
0.7568827601915163,0.26791660271676376,0.17938392182567656
0.6808416158106354,0.7221750091796644,0.49329478999379306
0.8039963469666945,0.6159145750221215,0.7954905006344976
0.5830690178143489,0.6982295292513544,0.3493609715866222
0.8994682916336297,0.6988914444180436,0.7641047017751942
0.33457281072344447,0.5818609953308963,0.39561000788689377
0.823745226677817,0.8275933655554114,0.8365180129978305
0.537199404352317,0.2624214751807769,0.23309984407734036
0.9198799559685815,0.7071751984001745,0.6149147822214851
0.2726930435305414,0.608815499247795,0.6546167721986659
0.7338267259001893,0.7408253925338084,0.7696646159853037
0.7227027303427517,0.49769699607266393,0.4335651148981663
0.7414929274221694,0.8586663294189156,0.7882459535470933
0.7092203142187621,0.18799889060895383,0.38712956553133876
0.763039382437349,0.5479250917157722,0.7727841250412195
0.6689980481618186,0.7669469164717705,0.4173245259753107
0.8193267409547339,0.5476084161659641,0.7928972121696143
0.5477126002915446,0.762753523708992,0.3510089944405472
0.9165769787616516,0.57693767529753,0.7705214309477643
0.2829153968335137,0.7448075085177168,0.37526665598078074
0.750634817751782,0.6066613234349271,0.8296552395919177
0.692574096082965,0.7006684104159338,0.2766307697685386
0.7877863048159672,0.7152570979607749,0.6677600934587202
0.6185624582133734,0.5788033044864505,0.6148854672671599
0.8729888909588879,0.7791672520496487,0.7287629189472183
0.4102533627186577,0.4232768591672071,0.4808424271693867
0.8951985020577573,0.8413374665870025,0.8497278240664351
0.3471271326938278,0.21862427224157874,0.17073844044994646
0.8385305798338811,0.6307976784366103,0.5029958123883174
0.5009690721141442,0.7534162001657868,0.7612556653158625
0.924996525327179,0.472832327198776,0.5235469579881923
0.2566984278013507,0.8431900777388993,0.7342257648686716
0.7059760763729622,0.2521570047441207,0.6505246029894581
0.7680232670593986,0.6471954177149339,0.6620115965678711
0.6592050547647832,0.6917203153249352,0.6289822186975033
0.8312188769881668,0.6320278407541683,0.7022612414376894
0.5190880054487813,0.7015700317962118,0.5443231314048942
0.923651897777553,0.6386644755818702,0.8096712678433274
0.26092055718506774,0.6654754666715199,0.27412402459720037
0.7135117740862158,0.7685264230569264,0.7115959254030161
0.7563270726082599,0.45368554876980915,0.5603522229258382
0.6818967978378954,0.8352023103703943,0.746926483621013
0.8025801532643835,0.27074308412364073,0.4994508885134142
0.5862474281468583,0.6922388378866448,0.7696591300724088
0.8974771102107943,0.5921920096981429,0.47901203305328205
0.34044420337636133,0.7994055546453837,0.7564004254332669
0.8308052067260455,0.36427858569251875,0.5824379611279521
0.5201012862508718,0.7905033866065353,0.7111618188620444
0.9235049716769239,0.4011270868648222,0.6161772821790646
0.2613810941702332,0.8091811165649495,0.6521734480617115
0.7143257657882381,0.3725680249048457,0.775670535365378
0.7550385246413557,0.76802091097907,0.4256688323949825
0.6843347985104141,0.5426938852580921,0.7808879975046797
0.7992765236150625,0.7685966810438397,0.4227436580584306
0.5936041809276669,0.5423272616774271,0.7726413898255804
0.8925815520575843,0.7706179673523073,0.4700227581574995
0.35475498244101555,0.523291968520016,0.7588436205025975
0.8469443740348741,0.7841105814966445,0.5730785039586488
0.47962952490453264,0.46014008328769634,0.7159872140808565
0.9234646618542244,0.8072125204819851,0.6190967839444275
0.26150741659454363,0.3883482960833914,0.6485497556251197
0.7145487643441883,0.7971328536983918,0.780070420335209
0.7546846625580133,0.36254371011752573,0.4152459399293348
0.6850021738335303,0.8133618829759087,0.7779264105800595
0.7983645240044125,0.3207260924752223,0.4295031933918107
0.5956208600177954,0.7684129214165404,0.7743522999396858
0.8911696091789916,0.4346590984699837,0.4655104805874999
0.3588494463625934,0.8479261953715883,0.75963544252703
0.8512831284690585,0.22977511427012723,0.5701948023844198
0.46842060551606646,0.6165721417303627,0.7175115196675074
0.921310144822904,0.7166742914606168,0.6195632361774227
0.26824171891642373,0.5899274930467496,0.6484972751639613
0.7262659668519885,0.7614047651445057,0.7783870309591897
0.7355737353047789,0.4496362965122347,0.41557605504681505
0.7196685563678499,0.8606687887382009,0.7812113303233708
0.7464591837700795,0.18434445009066033,0.41093780611085645
0.700254121720929,0.5380651074516271,0.7777933635731967
0.7766236609149835,0.7721215720094814,0.4250695479397195
0.6418735958213713,0.5338082861505647,0.7770661623712675
0.8505259663922425,0.7747577166525815,0.4449204502752098
0.4703867234737026,0.5217587643297655,0.7673478663366676
0.9217552992574951,0.7830621925205409,0.5197333408744037
0.2668531299284168,0.4793370939530004,0.7369246298988033
0.7238773868105499,0.802091983282526,0.6425239398560777
0.7395519879970539,0.3938935186554399,0.6683919466140977
0.7126749266726397,0.7971324449739229,0.6267920094618444
0.7576466895897133,0.4114180335466591,0.6915169054193679
0.6793872783708091,0.8015382189720366,0.5839849450970279
0.8059347561272411,0.41406787432704895,0.7450603108854245
0.5786945224754525,0.793685016088789,0.4664090518054972
0.902086536889734,0.4708988904937455,0.8178391858966222
0.32680774235247645,0.7877509880119978,0.25909440952460816
0.8140164349965292,0.5503728635983318,0.6802383032839004
0.5601566106426611,0.7856546508737242,0.587662589554248
0.911610374125153,0.4518774305902001,0.769739572114155
0.2981345296764407,0.7971151691964302,0.3786538635111339
0.7742262279968785,0.49057904277034,0.8300675117890952
0.646759910750835,0.7817790180879338,0.2676622126461522
0.8453076558067056,0.5611691304565103,0.6599459720462092
0.48382170451272766,0.7827199927587757,0.6116893509816554
0.9240315721939681,0.4513497597767336,0.7652153848538517
0.2597297353960329,0.7979014105446072,0.38550490459557596
0.7113997398044166,0.4865049906116466,0.8411832132916016
0.7596475550393123,0.780615671733637,0.25760272805562967
0.6755576444997972,0.5669078226182481,0.633151139685042
0.8109641997934265,0.7845029039751497,0.6929552422669413
0.5672146858532856,0.4215894490870042,0.5667132236568785
0.9082840882208832,0.826191622910138,0.7848643410860476
0.30822518223087564,0.28342497755101503,0.34297866573254643
0.7889229512975908,0.7288165932273283,0.7959949334770245
0.6161370543899128,0.5150366877321375,0.3528881687494169
0.8750950830112475,0.8714451930943109,0.7625211751457656
0.4044236111929059,0.15766944594719082,0.40671598084751387
0.8912010694396023,0.47637033951673113,0.8318346831055357
0.3587583760964525,0.7843848478046731,0.22384218061604289
0.8511879736052287,0.5690621106119343,0.6141790118224433
0.4686679266216969,0.7871686041336856,0.6723902147228086
0.9213677143579216,0.4215654620810611,0.6933965124623627
0.26806222239808963,0.804820719455616,0.5353145110262295
0.725958009088021,0.42144587962465496,0.8679616943537843
0.7360890190772178,0.7753550137473962,0.17428609489735147
0.7187693077632814,0.6043455110057206,0.4840308492720362
0.7479179629288663,0.7868346658002333,0.7898887413701686
0.6975857295316448,0.38539906805796914,0.3810792142173593
0.7805515540961565,0.8366088181782548,0.7710570210932172
0.6337760543286559,0.258675982057197,0.41594459725135946
0.858784678966549,0.6818251245455472,0.7982707538136862
0.44871215031382056,0.602319356581472,0.3248314763833167
0.9152673589559012,0.8271653178948449,0.7575531444992711
0.2869461761674258,0.28975091598158037,0.4058934589279254
0.7570498521561783,0.7308631190842713,0.8504676968218184
0.6805238819740016,0.49490420310061206,0.21554272610497993
0.8044211737370359,0.902232643749122,0.5703199116208665
0.5821126712280918,0.12760514648601318,0.7280940442255728
0.9000527841280132,0.38363401736080077,0.5669268504026544
0.33284374867227356,0.8068178914912129,0.7092317276653384
0.8216175142756292,0.3602729750847031,0.6727208142286434
0.542280045691312,0.7742553835040267,0.5979354943605573
0.9183858716244602,0.4755015516613227,0.7646207419920741
0.27732707097265086,0.797300002689744,0.38862345537752585
0.7415420367100102,0.48695624494744394,0.8407440651091559
0.7091325446573264,0.7805946433536457,0.24870492682838224
0.7631752414310602,0.5697328288751304,0.6245390216105272
0.6687335315015017,0.7842909637313026,0.6816498319579157
0.8196572827840175,0.4256505677625272,0.62491557965569
0.5469311197836132,0.8177065035665121,0.6670668420125397
0.9168506389846678,0.34527058528513677,0.6802340075668656
0.2820715156788743,0.760556377509758,0.5596892195622469
0.7492765501695384,0.518107132100781,0.8535974185047257
0.6950864456816223,0.7668586938915354,0.2090519685433355
0.7841827312318523,0.6116874059081856,0.5569755080173361
0.6261886484975377,0.7615700288450635,0.7432158742860261
0.8660827724643502,0.459972259710525,0.5237899256580235
0.429138593707815,0.8425720741402517,0.7464364543052121
0.9064210460636876,0.24982512918561434,0.5759510791237329
0.3138411532710423,0.6508645574704883,0.6997192610690411
0.7967760700028145,0.676797779547392,0.693777166395947
0.5991186678126328,0.6390280823690992,0.5692015067553733
0.8886493118568812,0.7264428080048789,0.7757777840638751
0.36612133585473877,0.5257521380395661,0.3713236458136778
0.8586830621607173,0.8644035272440833,0.8140259089528339
0.44898190540034066,0.16159531528846668,0.2835662459724965
0.9153694698866548,0.49379378743155067,0.70481547466775
0.2866323528984938,0.8056410043879769,0.5158816844064306
0.7565547145303584,0.4256397435825356,0.8699143598060808
0.6814648102733115,0.775990637545049,0.15771259898285803
0.8031609337401429,0.6081208548992266,0.45117209205291486
0.5849457585390776,0.7910644858511958,0.7761853882162157
0.8983016069930168,0.3791588599661681,0.46463392829855943
0.33801657050708767,0.8193342151266105,0.7583946146357303
0.8279170637079445,0.3109855286714768,0.5790838913412936
0.5271404775178916,0.7379192579577845,0.7149607718608432
0.922274559576373,0.5199976040026577,0.6073518385327707
0.2652315264379467,0.8171597619236379,0.6630711081244336
0.7210699261389709,0.34803459933316416,0.7607301220877599
0.7441739247005669,0.7518024729640421,0.4576978236040941
0.7044026496363912,0.5676917029604218,0.7871004419571246
0.770412360240004,0.7489472539459858,0.40159855603041905
0.6544454750888922,0.5904250464743435,0.7702212230997404
0.8367424023308957,0.7321889548893504,0.4567403072716839
0.5054368515479436,0.6074456499847006,0.7701687954452483
0.9248906303874088,0.7142272602727312,0.5027641412675811
0.25703142317326416,0.6278881119414625,0.7439708400044938
0.7065752014967251,0.696324526086931,0.6320894592040008
0.7671087386683733,0.6232504948765765,0.6864473393335548
0.6610158103898655,0.7164477550593876,0.5900511884628608
0.8290734625766311,0.598812056328724,0.7438204486525936
0.5243294280429585,0.729929290082251,0.4621791924462309
0.9228098920450792,0.610217679572162,0.827745201187973
0.2635576421986654,0.6970388961764057,0.22486848522586678
0.718151542318179,0.7355472131370667,0.6246995333221322
0.748916646961539,0.5514777889358572,0.6927025248316877
0.6957498606020709,0.7821791180771349,0.5843499604598972
0.7832233706747984,0.4611907586258027,0.7409079517008198
0.6282027325233414,0.8026267655966498,0.481985125446863
0.8641870196821299,0.4440747490930048,0.8076789780402553
0.43426091437167763,0.7897096088471722,0.2986468893192203
0.9090099786967828,0.5334006075482353,0.7273034918353173
0.3060300981078921,0.7856053800234806,0.4733487634223083
0.7857900054918744,0.4879176288194007,0.869414139706882
0.6227990692155315,0.7747671874360165,0.1490727027448087
0.8692054378192567,0.6134226569865016,0.43474518298717557
0.42064317533335666,0.7896984192303921,0.7630063780993646
0.9016992292016622,0.38674486962554716,0.5442974694207531
0.3279595982575246,0.8123132796383544,0.7263833277816096
0.8154877706226643,0.3402800407606419,0.6440624369733021
0.5567296263739023,0.7609058039435146,0.6427051566746623
0.9130924731184665,0.4920732167759933,0.7111178856238454
0.29361205201561524,0.8047936616928327,0.5044702111901264
0.7673948552291411,0.4314433425418242,0.8706782504730128
0.6604499681688507,0.7769746083696359,0.15160159682055088
0.829746488544075,0.6079013141567366,0.43841090798488547
0.5226888371835534,0.7943863913624181,0.7703812709545328
0.9230953016688553,0.3726203876320121,0.49697768585799795
0.2626643531112393,0.8095937546747217,0.7464629133561733
0.716585625648806,0.34096076761124083,0.6256047610014611
0.7514354670205664,0.7640679834683922,0.6919914601027674
0.6910867619193537,0.46992201060499367,0.5848833484024732
0.789897642850952,0.831640465393677,0.741514664110816
0.6140496196770091,0.2825857543339569,0.4787266071840963
0.8768729317306596,0.7122108252895979,0.8107317306318693
0.3994771353163292,0.5438088520963363,0.28645486087761163
0.8876120686004172,0.8754346896983369,0.7145894547444529
0.36910047181863037,0.16197388142444313,0.5049877915441123
0.8616016600310108,0.4803730040802676,0.8553509607514744
0.44120368601242405,0.7791888680741589,0.16547086118093918
0.9122090758074554,0.5987892958571834,0.4844932080929642
0.29630960794126515,0.7920660128222486,0.7523218459498883
0.7714878294769479,0.3842009129503105,0.603993235642336
0.6522891262498138,0.8014904590175338,0.703380341665386
0.8391896814964527,0.3759101886367597,0.5926046048470597
0.49931633187543945,0.7976880532278295,0.6991756524013921
0.9249982706122132,0.3869336647979606,0.6427801724671127
0.2566929389135236,0.7971911794133786,0.6163351999766131
0.7059661938942081,0.4146057888888508,0.8163704135014729
0.7680383297991138,0.7820468327927848,0.327132347183584
0.6591751789064557,0.541966301534096,0.7183343289265869
0.831254070954362,0.7826175758390487,0.5632647855073655
0.5190017397618015,0.4667528476298188,0.7278244905314171
0.9236640553782917,0.8049360281159511,0.585820254901632
0.26088244226755336,0.4048938592328032,0.686161322970788
0.7134443362610592,0.7996802246704677,0.7294765613162676
0.7564336066768808,0.37218567174061773,0.5259303205975222
0.6816946798567414,0.80495052865412,0.7683661930140755
0.8028520602534981,0.3460808524714515,0.4525676031995415
0.5856383295207828,0.7927976342045373,0.7762926909165058
0.8978644831124923,0.374761678104422,0.46417323618853806
0.33930425638722833,0.8161303347447161,0.7585193028266178
0.8294544485435319,0.31961264628636576,0.5784365734452889
0.5234011354390459,0.7480500643252598,0.715198743061933
0.9229738313826047,0.4984192196223967,0.607990609989301
0.2630446104724235,0.8237768721367986,0.662153695634807
0.7172529304831876,0.33055031001645074,0.7625166014736914
0.750364307526929,0.735644074089803,0.454869419516981
0.6930755400112769,0.6012548727283042,0.7858961074271743
0.7870707926426093,0.717235818210851,0.4080657590005816
0.620084332042713,0.649544753885825,0.7700882584797643
0.8716450868320654,0.6603827503623211,0.46762681203934486
0.41395573890427034,0.724243399288819,0.7630595080546879
0.8976066249902127,0.5338659891797218,0.5462257212320524
0.34006319552640163,0.8240201642642199,0.725932709184086
0.8303548087266637,0.3088680512010542,0.6413652098962385
0.5212030912993271,0.7276723364051163,0.642634789568361
0.9233365870016039,0.5620138378392905,0.7203404829540077
0.2619086961915837,0.7685266654537554,0.48334757704239595
0.7152563648879912,0.5238509645184668,0.8783312586476507
0.7535593802882697,0.7588038062343004,0.14624669718478894
0.687118270470966,0.6474288095520488,0.42039176658015576
0.7954509855670314,0.7539712439181792,0.7908810630898742
0.6020222459716382,0.4626641038811455,0.3636012821043645
0.8864884069095396,0.8724406921126473,0.7732324256976532
0.372318831900747,0.15082860558986497,0.3780952020652359
0.8646808214573981,0.4613288662479905,0.8184091137025195
0.4329292243062823,0.7883248746856208,0.26978510118776844
0.9083555908770192,0.5456926154554713,0.6861249515226863
0.30800913217807774,0.7873427311646598,0.5518317347025786
0.7886161746900453,0.4591088232634087,0.8520184276674982
0.6167926037169555,0.7822118350040002,0.20026265360988063
0.8745301045529527,0.5812883679891093,0.5463777768069936
0.40599064289915093,0.7929813021738795,0.7308691330540272
0.8923002908766947,0.38870597312001115,0.6130315177772208
0.35557178257882477,0.8028639525472284,0.6636695380273192
0.8478198130464044,0.3851390118211147,0.7359568259657013
0.4773790973137478,0.7817520099533007,0.4733031683221267
0.9231066906181388,0.49692546121266484,0.8369706628437701
0.2626286949104165,0.7785994553964626,0.19855158577451132
0.7165229950242512,0.5897683956307076,0.5711011977089487
0.7515358327151939,0.7798124060052266,0.7475111289680519
0.6908999819830138,0.4158775851457362,0.4773936971483407
0.7901616284518744,0.8388355898526108,0.796166394162093
0.6134830486843788,0.24387879197898765,0.35206188331285804
0.877349911346806,0.6626951125893458,0.7621916477074147
0.39814606430426364,0.6429042633666118,0.40678709850744155
0.8866153703981686,0.7631961803488349,0.8328939676704642
0.37195565487598165,0.4288863751515082,0.22237293793423182
0.8643371890225169,0.8877348926112705,0.6101892088980668
0.433856126972132,0.1600465478020538,0.6738693280254643
0.9088124558252311,0.46501145443221487,0.700597444494765
0.30662779105993093,0.8100581956924114,0.5256250011448038
0.7866465985956617,0.41129086375811996,0.8630888034459813
0.6209847918000891,0.773261789188786,0.1680011088145436
0.8708419165664297,0.6107762842770649,0.4782390054243009
0.4161622097941476,0.7817753470101134,0.7616501990838757
0.898993532253578,0.40670229195386043,0.5485377127716907
0.3359753965133082,0.822860514402265,0.7239832740411132
0.8254549389688243,0.31268201382839744,0.6460769267473574
0.533092605992956,0.7315606005566355,0.6372979410210534
0.9209480538858015,0.5558263958732863,0.7239797763867877
0.26937012294009843,0.7722564752022741,0.4766798758969394
0.7281964812871384,0.5175651879614275,0.8766156324305906
0.7323275539342241,0.7623514407421595,0.14701830773022914
0.7252884584268786,0.639997259937694,0.42343637763776076
0.7372069088486704,0.7625156514751207,0.7853479966069723
0.7168116648594969,0.4449672580146628,0.3955190699168319
0.7510729973291569,0.8631546674168338,0.7759864219298113
0.691760695044967,0.17857011809981232,0.4135241819443937
0.7889429925927234,0.5249238764589912,0.7877576801489008
0.6160942040167774,0.77724673937529,0.37336896451117124
0.8751319024367303,0.5383675239117162,0.7783360587677891
0.4043214063645377,0.7718232444595736,0.36934933647153884
0.8911287448637784,0.5516748665703783,0.8067667660600184
0.35896772828275586,0.7568771176556184,0.2923530203620607
0.8514066238368116,0.6070633489304589,0.7276256426413488
0.4680995234773701,0.7249855768578906,0.4894519118137158
0.9212347305112278,0.6117238023262003,0.8379412220744503
0.2684768167011929,0.6927818175391756,0.19638389481211468
0.7266689577021919,0.7500964690900401,0.5659904005221895
0.7348983793725471,0.538748677853845,0.7492853316180239
0.7208441800621584,0.7778538883683124,0.4785679528396587
0.74454303809089,0.5042711020104269,0.7903021131313112
0.703735199328727,0.7855204370552323,0.3811302466465883
0.7714202836515903,0.5170929033216042,0.770150424026623
0.6524248096032138,0.7845998799381082,0.4208658806186331
0.8390367064444689,0.5067464657608599,0.7968712462645762
0.49970021322816177,0.7833032789705976,0.334705272515249
0.9249996674731984,0.5367440780506624,0.7614599509867761
0.25668854579638195,0.7764128711666618,0.3939558612088023
0.7059582841372865,0.5338436346642366,0.847717680287624
0.7680503852223316,0.7596509446789056,0.24084245550978797
0.6591512666339905,0.616975163046671,0.606163349444876
0.8312822350165469,0.7436824539075065,0.728251821003403
0.5189326988210334,0.5039040565432199,0.49403899452867367
0.9236737457868026,0.8453630851612647,0.8273186195577897
0.2608520613846252,0.21438415470554287,0.22577958388726843
0.7133905747872626,0.6172797400086731,0.6267097398492698
0.7565185115902583,0.7382657584555983,0.6914385389833304
0.6815335368826185,0.5262210801906632,0.5844323613988468
0.8030686274514818,0.8193848283192671,0.7441566742837195
0.5851528061022974,0.3155145173209643,0.46919801684774054
0.8981712985677469,0.7571325889275151,0.8166495902716276
0.33840058288843455,0.447752296457638,0.2636104083809801
0.8283768250400485,0.8874684045647091,0.6864438884833653
0.5260240448734842,0.13382302504000743,0.5732341928195949
0.9224941716271647,0.40747174547878906,0.789434733660972
0.26454509728198083,0.7839686740491075,0.32706685374332417
0.7198756585083781,0.5376235072984059,0.7841405791073583
0.7461223707433763,0.7710203396787019,0.40386908215364997
0.7008679808927423,0.5427948365529341,0.775088606659975
0.77571260073267,0.7697916779990439,0.43119976686235134
0.6437354786497409,0.5370894659893933,0.7785966468279171
0.8485584150561206,0.7725297014113345,0.4407840251112749
0.475476015786191,0.5280426832654529,0.7673433046506856
0.9227747245336392,0.7799514308903226,0.5181811788512299
0.2636676694933704,0.4870883414123219,0.7375045365871721
0.7183440093620291,0.8006778880899841,0.6423782928128159
0.7486058062301423,0.39752557484227785,0.6700102895023167
0.6963220665020454,0.7987677002790272,0.62184954826147
0.7823932909561561,0.40890378216678297,0.7015649728296135
0.6299399081249217,0.7988825626543998,0.5593023184642025
0.8625277950230016,0.4286028801522127,0.7759868938491874
0.4387223119923139,0.7926951787630733,0.3789280862479408
0.9111066663240011,0.5010158453763986,0.808973038694532
0.2996678429446761,0.7828727749125852,0.28004836888631746
0.7765079993433759,0.5548388168821897,0.7164625652402664
0.6421103073067574,0.7746239249206797,0.5331599579448678
0.8502772440615622,0.4947194417816689,0.7889705501675772
0.47103165348275594,0.7887669693001005,0.3510277166084647
0.9218950891302105,0.5190479222600303,0.7813049363567924
0.26641677494090377,0.7814146462186373,0.3475147483702322
0.7231238447926689,0.5370246665965627,0.806469979289633
0.7407982745742668,0.7665805692604417,0.34733221582095475
0.7104599065596072,0.5698702932600967,0.7403750348730728
0.761114522604409,0.7577794819144187,0.5046551032703451
0.6727310625147648,0.5408510992202025,0.7762792564481829
0.8146067261573258,0.7707512938169179,0.4371606859385308
0.5587836490693068,0.5331254597514321,0.7728649265919857
0.9122145856277574,0.7760386330774048,0.48028068886223446
0.29629280096422445,0.5078875564130554,0.7533058535877066
0.771462495125696,0.7917269651113561,0.6020308171452173
0.6523400208384864,0.43264691548099155,0.7054960514170024
0.8391323167884392,0.8057599881699965,0.588820183456382
0.49946030532591107,0.4018318383951642,0.7030136091538627
0.9249989222997375,0.7955748851448928,0.6362310083832569
0.2566908893630285,0.4122943773185336,0.6255557391248822
0.70596250371987,0.8127579501990012,0.8071272300979879
0.7680439541273374,0.3128500869063709,0.3511824319881122
0.659164023026393,0.7686581781628092,0.7397249755241392
0.8312672109639994,0.44473186008642285,0.5211787660091804
0.5189695292784928,0.8407398148277406,0.7550359030239775
0.923668580748124,0.2522128129559036,0.5313026291154428
0.26086825464142055,0.6593131753129764,0.7300559227737919
0.7134192309385103,0.6565268045690006,0.6569369275698683
0.7564732579027748,0.6798688979820307,0.6509108037887381
0.6816194315287262,0.6456927343138198,0.6483218104569213
0.8029532137373748,0.6973176376919688,0.6713988852626175
0.5854115960589269,0.6105572206062585,0.6050746532777994
0.8980079792570668,0.7510243622476407,0.7472415727233437
0.33888169925651324,0.48233133869007544,0.4341908116530449
0.828951304712466,0.8600504194077898,0.8550335126904884
0.5246268447734754,0.16082599645169,0.1775860237368829
0.9227560185110616,0.49872838260895047,0.5060365697023875
0.2637261906068975,0.8440439677197554,0.7430851264417409
0.718446341881026,0.24669696109177977,0.6317953873691766
0.7484404241595523,0.6401212155755615,0.6838190762806601
0.6966262158806605,0.6956928105574568,0.5995840997666524
0.781951085545272,0.6333918053144562,0.7260343853049733
0.6308632658314179,0.6937953553078363,0.5128501084814994
0.8616367809269619,0.6607106924935601,0.7999704162012368
0.44110970311890296,0.6359508340778763,0.31955245408211697
0.9121681518530481,0.7938478014150805,0.7524888261402025
0.29643443401275793,0.37966547501299264,0.41828920401640324
0.7716759232738871,0.8267401081891741,0.8555647170708849
0.6519111130391397,0.2585187417263818,0.19560680575790707
0.8396151508202759,0.7043489010727301,0.534315293688768
0.49824773253328847,0.6366152146883749,0.7461718671444494
0.9249886393672829,0.6844414048185183,0.5558544356410691
0.25672322871235836,0.6642296554308887,0.7127310338675293
0.706020726441884,0.6536813490309626,0.6884634420071182
0.7679552030225262,0.6757098377770033,0.603443511637988
0.6593400339406801,0.6651953930510771,0.7048268826309745
0.8310597882599967,0.6543065843036958,0.5880426948377544
0.5194778414098107,0.7010921441595772,0.7056849050709457
0.9235962706678528,0.5942441120477135,0.6259855692718598
0.26109493806226275,0.7626309234549422,0.6396916322585599
0.713820174107946,0.4891350445165743,0.7906007432608155
0.7558394526344565,0.7898695694661708,0.3901117897387703
0.6828208455600961,0.5041329190346818,0.7671346895846115
0.8013331921861585,0.7902402936041335,0.45501107138812524
0.5890337369615288,0.48274772898250295,0.7766245165185667
0.8956700766258617,0.7939094289185237,0.4623582054500848
0.3457472047126735,0.4716449803628678,0.7590809508057613
0.8369624780403708,0.798754164961364,0.5753226199013554
0.5048882670537027,0.42380315137386365,0.7162852126539222
0.9249115879272833,0.8016279000186125,0.6113234293553487
0.256965527046924,0.4050763387742459,0.6577303404519375
0.7064567063387561,0.8043679051948996,0.7698450302518133
0.7672898251086846,0.34712602020253297,0.4415783401068581
0.6606577527554645,0.7953463522937664,0.781775876976878
0.8294996199743871,0.366559574840049,0.4280462435557593
0.5232910016159174,0.8149302284673654,0.7687146052484675
0.9229928582017911,0.31951612797398987,0.5004833803504145
0.26298505506803393,0.7579036572055662,0.7452220965127357
0.7171484887519193,0.46765333865701575,0.6279090693449355
0.750532175181203,0.8235874523689859,0.6890164682613048
0.6927644280362077,0.32221446023589845,0.5902431105168751
0.7875149385503327,0.7494489548907141,0.7361452209919553
0.619140092408474,0.4891090208487712,0.4906656733324569
0.872480862009331,0.8485560384273255,0.8081595615543793
0.41165462751610715,0.21145537053880895,0.2946986864337
0.8961218520945243,0.6053584999635576,0.7246814676130403
0.3444236696848539,0.727563602440674,0.482446686199461
0.8354452201489886,0.6088477102724242,0.8623873747343395
0.5086630658330275,0.6901901937708025,0.15328148909987513
0.9247223197743788,0.7659513166658171,0.4516174871486263
0.2575605190162404,0.5392734077145359,0.7542436645679931
0.7075254628232035,0.7764723054122515,0.6118344356962434
0.7656527744360562,0.46603938527906463,0.7103188025372471
0.6638858327073757,0.808225822493946,0.5479065000746941
0.8256233051998974,0.4087551914061177,0.7759635329530584
0.5326870135095697,0.7866575259650787,0.39043872722932904
0.9210467688469534,0.511531184131382,0.8021536825064912
0.2690625882410987,0.7803667309485988,0.29484730303317586
0.7276712738453688,0.5558355851509968,0.7417010684533214
0.7332134269428202,0.7683098855322483,0.49679398333414504
0.7237625407262677,0.5202003727436129,0.7842593562185532
0.739742203860584,0.7802687481040292,0.4023644027582
0.7123376000458598,0.5224978934721303,0.7754799473420424
0.7581771513450287,0.7810120777371787,0.4267307610088951
0.6783748665364547,0.5131890106708819,0.7806146161485032
0.8072749058559774,0.7841013319600459,0.42525049197978204
0.5756538892554407,0.5065269265436301,0.771896920757461
0.9038230094499445,0.788444339137092,0.47724989405998025
0.32162981504352295,0.4799894920405692,0.7555348753649672
0.807281085338791,0.7984268903610109,0.5898901533075975
0.5756398379941543,0.4199647940897621,0.709458643181483
0.903830875160407,0.8016076415807787,0.6034356623134319
0.32160630978856486,0.40765664419638215,0.672038444085128
0.8072500577831622,0.8031824487804614,0.7334455967598714
0.5757103873713011,0.361907670219469,0.49044213032866557
0.9037913678031239,0.8019194144569793,0.8167191157798375
0.32172436576442487,0.338455675876753,0.2615856116180062
0.8074058534802427,0.8109409164867469,0.6848865294179153
0.5753560726105089,0.35737251765532696,0.5816465758833326
0.903989410586663,0.7849591763548647,0.7713403165060475
0.32113245769521015,0.395869188512619,0.37719949818282755
0.8066236885464236,0.8442839423929412,0.8254501359656958
0.5771330804020874,0.21818546528245047,0.26965476412614686
0.902986805258435,0.6212606470523023,0.6703701151279259
0.3241260487141207,0.7228285051054464,0.5798892213611879
0.810552907058641,0.5896492050398369,0.8310750089896438
0.5681605000944803,0.7186031283833539,0.25279623312359006
0.9078103410394203,0.6916998355601652,0.6452203735352627
0.3096556852428534,0.6275699036048934,0.6172539894323853
0.7909454548066396,0.7285359657850932,0.8024011044727192
0.6117977466112233,0.5137443352176874,0.335957085285078
0.8787546762548151,0.8752475127062403,0.7476793952362241
0.394216112295908,0.1509737575125239,0.4389855859312747
0.8835961456781698,0.45801285680742526,0.8469292611302552
0.3805597889771535,0.7831743655070411,0.182923754191707
0.8722159331660264,0.5845859355103056,0.5281557040424807
0.41238460666017357,0.7944539712252283,0.742784665443776
0.8965971085446577,0.3812188354854332,0.5882016703214201
0.34302971392786286,0.8019746898196024,0.6901081643708136
0.8338332183745965,0.3789269513322783,0.7008640128418011
0.5126549145457384,0.783359672356367,0.5461500936554047
0.9244074566100082,0.47036079582099,0.810082416305999
0.2585497498631488,0.7892669324301882,0.27277939932317197
0.7092965738227525,0.5425888421196017,0.7097285527112583
0.7629212934884113,0.784107482737797,0.5650086228279138
0.6692278556924087,0.4626785110057453,0.741855985979836
0.8190391515736725,0.8024385332264318,0.513812860918138
0.5483918731236594,0.43432563369580146,0.7609571022588997
0.9163354384776595,0.7964951271062815,0.5097520974341698
0.28365976987017555,0.4502965930410205,0.7428046506488616
0.7518285478612861,0.8018688182597298,0.6264092355339967
0.690354815183681,0.39962910522830203,0.6821760848713939
0.7909306640446306,0.7978721162025939,0.6181627536578148
0.6118295902586359,0.41232299526294286,0.6824901858752763
0.8787283281475667,0.8033796088654152,0.6390869989484063
0.39428995779663145,0.391720087556787,0.6334023409608055
0.8836539318162396,0.8014346727377403,0.7639005204710889
0.3803957442271785,0.35665183645906273,0.400916757525429
0.8720708414038093,0.8101308500202231,0.8324761298050852
0.41278416921512706,0.3116694373082584,0.22839853438149263
0.8968555757838662,0.7824555077333969,0.6178737155049823
0.3422709122862472,0.45004391293881196,0.6566561336057727
0.8329496790892529,0.817356953472437,0.748805226026685
0.5148346914191452,0.319479188916817,0.4502301402590209
0.9241857481428455,0.7642825909606448,0.8280677770171307
0.25924586896822954,0.42783369735131604,0.22350673009467814
0.7105385590472073,0.8870643693127065,0.6224341961276167
0.7609920060710049,0.15782915870170228,0.697331308813844
0.6729677392380203,0.4584105705579348,0.5728790983338065
0.8143039963766865,0.8334162734446573,0.756030069071944
0.5594880920880821,0.2727558598053905,0.43989348322888727
0.9119063175289635,0.7018077707281106,0.8181143424454311
0.2972327866449964,0.5613906963378472,0.2551306913506839
0.7728761915965119,0.8734626708941161,0.6766118781160428
0.6494927610212,0.18138880714866396,0.6047917849520491
0.8423120832883559,0.5173995272673229,0.732026341819838
0.49144301924870715,0.7923555961023777,0.4830913961302491
0.9247290788975614,0.46880454805533106,0.8339716909935251
0.25753927529366777,0.7849335808058545,0.20660287431188876
0.7074873488070567,0.5732447765448353,0.5884920892836423
0.7657113003145697,0.7897810597517094,0.7343289552827992
0.6637707680750202,0.39559818320283996,0.5008209877804948
0.8257628014392364,0.8245494361046033,0.7970253599512593
0.5323508096343044,0.28396904367786374,0.3385449226098811
0.9211276729292185,0.7301352547756438,0.7609381342444356
0.2688104874449185,0.5225676464393156,0.39634153002509115
0.7272402143528122,0.8602287468306906,0.8474120044088708
0.7339389744292855,0.16290197819589633,0.23450538990393063
0.7225084580990043,0.5001788548047928,0.59894185853127
0.7418129484752936,0.8251686579234943,0.7204868686256549
0.7086480424138347,0.30751372698386986,0.5353676162996186
0.763924179268436,0.7390941947694535,0.7735918846832984
0.6672729021106851,0.5002094831480517,0.4151624097256752
0.8214731720120357,0.8619325643649924,0.7924149593944118
0.5426234988031242,0.17663491206444007,0.35153673636578975
0.9182779781941864,0.5249069110325797,0.7717053752481593
0.2776610719437996,0.7806256671595416,0.3719194026100895
0.7420919839620331,0.5311901753233393,0.8276677253265804
0.7081484438149087,0.7654631281509932,0.2849157320794354
0.7646946337484978,0.591383863284072,0.6772031257020632
0.6657659781995701,0.7532383801459368,0.606047035865247
0.8233300697446967,0.5199906652286603,0.7267707783380952
0.5381933641958916,0.792323802889334,0.4993501581749917
0.91960268764618,0.4637280757996812,0.8224996524488616
0.2735542627243784,0.787460361135561,0.2405484275217432
0.7352726138578907,0.5568765834898275,0.6532665402273551
0.7201931495233609,0.7872563694549715,0.6504832490143128
0.7456054145410367,0.4282498492204222,0.6583703934419558
0.7018085272880644,0.8127614332734645,0.6403441926999354
0.7743112777611434,0.3670626549995771,0.6769694422460181
0.6465872947042806,0.7788024831802591,0.6038223278891107
0.8454950106157375,0.463074151564241,0.7337322999531275
0.4833428312666363,0.8039369159809622,0.47862666899087936
0.9239733933002166,0.441898227903143,0.8357643245603491
0.2599122785619497,0.7845103062322402,0.20172622468610554
0.7117241782543352,0.5757211668266394,0.5780693993696405
0.759139627667348,0.7902039168561326,0.7427568409451427
0.6765326174779848,0.391883029509721,0.4852346514955366
0.8096940693755748,0.8247524341153097,0.7978781547318581
0.570131458556308,0.28312475760975286,0.34150432636449557
0.9068018405268301,0.7285328566704365,0.7586693878750473
0.31269537141273873,0.5264947017685401,0.40591023081743316
0.795192811606216,0.8568627219739717,0.8462967688925621
0.602586454711263,0.17354914997851578,0.2147045551754326
0.8860612714461639,0.5272600875076618,0.5754649913985412
0.373539770350674,0.8208231465489456,0.7048558336918325
0.8658288981730472,0.3245092893435554,0.6685701306379864
0.4298261038675288,0.7418044924011945,0.5927459573062158
0.9067798099158799,0.5481049749854314,0.7960901829756118
0.3127616891057624,0.7617163490922428,0.31511844327133415
0.7952847152538494,0.5900748608392785,0.7634231824971284
0.6023856666685766,0.7341403122318969,0.4290070888297083
0.8862135484650752,0.6117934683731948,0.8078801359323778
0.37310465143345556,0.7000560770652148,0.29099880866189726
0.8654210108950483,0.7122290058216668,0.7240756238822847
0.4309296937468316,0.5684613848574861,0.49256712363429744
0.907348383338146,0.8152811309066651,0.8448897588430336
0.3110489899896556,0.2937306448757267,0.18086617907804883
0.7929008085194617,0.7629217870896884,0.5286281112285662
0.6075737305639891,0.5223759047123362,0.7592913415209452
0.8821832022224212,0.7844532248108919,0.4953667716085124
0.384563199774359,0.483709627160923,0.755118445543309
0.8756950770685622,0.7978936530830114,0.5717259266753543
0.4027568735458544,0.4270898288128975,0.7105990243975019
0.8900119651224652,0.8035100779498104,0.6505312928684632
0.3621954681268581,0.38770919122675,0.6141137733707306
0.8547366706823296,0.8020981049639774,0.7925866435731227
0.4593990095509007,0.34573196028181225,0.3405610207477365
0.918900770425843,0.807944054143823,0.7728533100001247
0.2757319347855504,0.33677544236003304,0.3689797841516393
0.7389041892223793,0.7945869394888051,0.8254455713929078
0.7138217169763912,0.35461075449722856,0.29202679355505473
0.7558370113922919,0.823675899725884,0.6857173540203186
0.6828254673268832,0.32306064370836207,0.5943774974173537
0.801326939437815,0.7498495238889149,0.7345231063131681
0.5890476796054457,0.4887215936374496,0.4899586938001124
0.8956608898004779,0.8487378172784964,0.814181307797468
0.345774103044488,0.20887312712376788,0.2711070518497837
0.8369931790205909,0.6019758528195094,0.6976051089550631
0.5048117099863053,0.7377149260119652,0.5511859746651487
0.9249143355539285,0.5687510525276828,0.8089555313545203
0.25695688753082463,0.7430953227321596,0.2756270771708827
0.7064411682807944,0.6396927534229168,0.7143935540365434
0.7673135629437846,0.6884398810997614,0.5571408960634588
0.6606107985453075,0.6573505494812905,0.7468531885410238
0.8295554341453631,0.6550324997568796,0.5059645197912449
0.5231548985534666,0.7215781311174639,0.7619774124025841
0.9230162474900211,0.5394833433655883,0.5152354612997456
0.26291184113000676,0.8279228482424325,0.738908235449548
0.7170200582174563,0.29382016481688517,0.6399659308846399
0.75073848902578,0.7090977715155179,0.6735761184647006
0.6923817774479545,0.5886787711408266,0.6156495447192533
0.7880602313120731,0.7703064385995463,0.7097398696160774
0.6179788216048093,0.4501252660527334,0.5426270696591443
0.87349969131514,0.8378972296146507,0.7891076956765295
0.40884252817373196,0.24894378635686637,0.34335614248311885
0.8942541667218997,0.6725589880231807,0.7825698137335881
0.34988551248295596,0.621914690773271,0.3530474706908062
0.8416228703587324,0.800990971471243,0.80025595127684
0.4931871134570847,0.3461496479152223,0.3252229887548554
0.9248282629347275,0.810497332217042,0.7522068315640411
0.2572275039438895,0.33671086517022164,0.4151123215370271
0.7069276060871375,0.7883034373569099,0.860482662677892
0.766569573604472,0.35948208756095595,0.20327479013765726
0.6620804509848212,0.8411333691897822,0.540139729695448
0.8278007314116608,0.3233821120585649,0.7809599614792796
0.527422717798127,0.7260677471608853,0.3777570892431815
0.9222175798296879,0.6421060570574756,0.7947157469928267
0.26540956654621617,0.6645494651966228,0.31373024478728506
0.7213791155682736,0.759255023287492,0.7676225079373697
0.7436677626037732,0.4578057303067672,0.4420681405260985
0.7053162794303834,0.8573177216595448,0.786014576733992
0.7690273339831996,0.19283920263205032,0.4039323115158856
0.6572098862086003,0.5572078904898609,0.7714141216791741
0.8335546912096322,0.7606938182903696,0.45317147848622463
0.5133426914965736,0.5502165142136184,0.7707450884851029
0.9243412985594209,0.7658373100534663,0.49905065779535807
0.2587575106465463,0.5249927375872067,0.7454793941182903
0.7096676269230304,0.7860903652234454,0.6286729485714019
0.7623460990157201,0.43793820596203525,0.6899494371687533
0.6703457400255657,0.8095786139773035,0.5853873613302223
0.8176346167640268,0.39316205363240975,0.7459127049402224
0.5517005258627283,0.7845479407943919,0.4610866031049301
0.9151101058144142,0.4942449162954156,0.8226142922960633
0.2874293201877595,0.782245629847959,0.2417094076444741
0.7578107125113991,0.5682449376227239,0.6540340597414545
0.6790744551031496,0.7787345182955626,0.6434838446674277
0.8063496562591874,0.4508794854906174,0.6786247006342816
0.5777545860065475,0.813488339360097,0.5924232470885467
0.9026306301133166,0.3807489695132886,0.761313450294188
0.3251877300698486,0.7752976200608539,0.40110690844557634
0.8119304800429112,0.5341275204666476,0.8414449639381464
0.5649876897947361,0.7608219157919266,0.22302712675675815
0.9093734206480296,0.6199803184160798,0.5942209898099217
0.30492958912764634,0.7432237262799443,0.680827837245045
0.7842058787677372,0.5189806268626542,0.7253189899203615
0.6261399683532758,0.793067599713042,0.5136208659953475
0.866128221020188,0.4574065970111031,0.8006704147635133
0.4290154653585916,0.7916495597447213,0.316308665486638
0.906356424614448,0.5233129733463097,0.7501973525556025
0.31403548784588103,0.7859103870698301,0.4251543032728953
0.797043640811338,0.5023515739180501,0.8557555970397038
0.5985307791781159,0.7730230285535776,0.18635937056703436
0.8890792365518474,0.6056088158102273,0.5194452190072303
0.3648841864316567,0.7770085793430491,0.7438622229646882
0.8574517526179295,0.4237514819108046,0.6002066994863955
0.4522445048363712,0.8212883066451209,0.686786742083268
0.9165618269222037,0.32918508659680423,0.6759736402520848
0.28296210409957323,0.7456999865358264,0.5669751400592377
0.7507098414495273,0.5476897910862655,0.8491403184429244
0.6924349289813057,0.7503768914184686,0.22155266396909729
0.7879845529994514,0.6415379385710552,0.5802132202767076
0.618140119764713,0.7203837878451155,0.7231853001597208
0.8733587747773234,0.5530207409508612,0.5658886178474051
0.4092319335980711,0.8091944107946495,0.716160810964493
0.8945162850501236,0.35182219555500865,0.6389508047725379
0.34912053307192353,0.7720849886653923,0.6295559866474315
0.8407709299001481,0.47073739807839876,0.7796443476617864
0.495338141339457,0.7949600858288445,0.37689150314343
0.9249195881731678,0.49628902988761264,0.7989452939049029
0.25694037127095826,0.7863448305509831,0.30196590497328846
0.7064114624637715,0.5400853603518768,0.7530759969158562
0.7673589402051981,0.7762360310203797,0.47895084146929234
0.6605210292417072,0.5078504564334896,0.7813409064334492
0.8296620969333771,0.7860453054767571,0.42911509516357516
0.5228947368283081,0.5007915921265829,0.7689000167190805
0.9230605747945814,0.7909741659600396,0.5001956365956968
0.2627730752015704,0.46670592074253553,0.7453155088916132
0.7167765287575169,0.8016726218742024,0.6277919807750167
0.7511293653454134,0.3996824611318356,0.6892548371918148
0.6916559548864766,0.7967663316044027,0.5896714771816811
0.7890915813392456,0.4241622820402093,0.7369476619420396
0.615776413115465,0.7982257004075689,0.48853591809030594
0.8754045420146336,0.4528274413532928,0.8091795402247126
0.40356429038869784,0.7900210735883766,0.2910540263647289
0.8905905694735291,0.5350802708338067,0.7206070733321218
0.3605243260418736,0.7861151847959736,0.4922506258863063
0.8530221845835277,0.48077574519642785,0.8587892735306067
0.4638887476099326,0.7784489967636443,0.15809883590009985
0.9201751165680372,0.6026933183626165,0.4658092612384211
0.2717756242430346,0.7928403795827597,0.7542008588811133
0.7322804469482708,0.3816598975896412,0.607631391149249
0.7253694376723929,0.7993000304031823,0.7089229644618832
0.7370718812839488,0.37972882018731363,0.5619340242702016
0.7170486154866103,0.8049686900747424,0.7500564297217178
0.7506926245067789,0.35192891403399007,0.48226425908444365
0.6924668696662417,0.7942342294424016,0.7840169608551685
0.7879390650992485,0.3686738621785374,0.4127615330618812
0.618237050722152,0.8189382686630521,0.7715963789891023
0.8732739993951508,0.3077363582703657,0.4647839258647838
0.409466129089531,0.7480587709289935,0.7630330734979034
0.8946733874064762,0.4840872452488393,0.5476521207670476
0.34866179391046087,0.8379982818142253,0.7255649932346201
0.8402579652971208,0.26995318336452245,0.6395372969807591
0.49663071309189416,0.6758985352691185,0.6426186318777795
0.9249579972512042,0.6543076891877412,0.7266772643714351
0.25681959211730837,0.6648067294230419,0.46999841543915255
0.7061941701214286,0.7173472007605612,0.8783697257771328
0.7676906675693609,0.5143951089278334,0.1493113924670671
0.6598643140361988,0.9134946915743476,0.42665511700989733
0.8304405840616219,0.14280481554194763,0.7973745702313977
0.5209933754985524,0.41716827738802276,0.3361654361969138
0.9233693292851541,0.8629700412818567,0.760092650684774
0.2618061207763631,0.18462051726259224,0.39761024815938756
0.7150756008314634,0.5396624515884801,0.8493620613704118
0.7538471979298448,0.755706119020327,0.23301644373590288
0.6865779203817151,0.6274055780837947,0.5945740668738666
0.7961981146163273,0.7344267201281945,0.733438804115904
0.6003867045216122,0.5218039245953268,0.4936984907971095
0.887713285354575,0.8401574219111835,0.8112882784853811
0.36881011093037885,0.23498332165321015,0.28145398733513527
0.8613200881218319,0.6530612884139487,0.7108027915792869
0.44195683750263687,0.670763959967854,0.5197998317599265
0.9125346677630274,0.6953087550928823,0.8366500000720686
0.29531604720649984,0.5681179448963513,0.2030115601796109
0.7699865740346644,0.881326790160332,0.5779070352047634
0.6552968244117915,0.1916197620815132,0.7294291739209076
0.8357667164121689,0.52961893919104,0.5429905369312934
0.5078646349542236,0.8266526468435964,0.7415993798542369
0.9247711458130362,0.29644858651044476,0.5622097921802789
0.2574070526333172,0.7217160681253376,0.7076372258548715
0.7072500489853998,0.5548974412892138,0.6967585056178023
0.7660754436235326,0.7789562993672859,0.5888712616457494
0.6630542757119992,0.46737119639358127,0.7201711385340261
0.826629221736531,0.8063407665923978,0.5586667504349202
0.5302594005788158,0.410076854928989,0.7324724456546354
0.9216121641034599,0.7942862710319541,0.5735982506929012
0.2672997773959894,0.43539484653303856,0.6983958166223774
0.7246472436801625,0.8075917625109825,0.7089050332748922
0.7382743788555509,0.35836167675161323,0.5621718845519305
0.7149336854097051,0.7885835090960595,0.7496060836380402
0.754072990241947,0.3937491319400853,0.4838646512081208
0.6861535878292075,0.8261181319221492,0.783083794168482
0.7967833144317601,0.28421763556868707,0.4169661616066919
0.5991027578171263,0.721591876512031,0.7714593477554798
0.8886609805542481,0.5367192928376046,0.470999170646507
0.36608777612005816,0.8387856648380568,0.7594478671253466
0.8586498102934549,0.2563421594202602,0.5683850794860679
0.44907016023293456,0.6623042149537024,0.7173858526919681
0.915402760258814,0.6553736824408133,0.625342782776827
0.2865300230466257,0.6898138101475795,0.6425795711326974
0.7563931050762457,0.6315052071496202,0.780729029401315
0.6817715299766367,0.6824163392858645,0.40061608692238204
0.8027487102928249,0.7098629898319979,0.7840054996898052
0.5858699081393155,0.5559048511635545,0.3782042977675228
0.8977175278417384,0.8490879264459709,0.7861853948574544
0.33973684177558733,0.217343991435837,0.3430152979067665
0.8299681644289665,0.6131781699210928,0.7917096147117365
0.5221477387145007,0.7023972319423698,0.3506109522739709
0.9231850673783866,0.6916463977514453,0.7737521478412213
0.2623832753674166,0.5921017137824924,0.36549574147903585
0.7160916810470672,0.8263710349593031,0.8243400206029347
0.7522262259143344,0.2698774753060547,0.30254799740809946
0.6896131445557412,0.7121645414359113,0.6939334535222133
0.7919733650232295,0.57716994392468,0.5986718616520533
0.6095807502329446,0.7842751811450216,0.7041287055044799
0.8805706189600245,0.4186369416115942,0.6033037524865338
0.38911421474222024,0.8189505041967043,0.6778007816673984
0.8795060677227328,0.3384286600421109,0.70690243361901
0.3921080348780257,0.7506275565978467,0.5220619527582616
0.8819294982898391,0.5508127941662843,0.8463074907423804
0.38528047584346564,0.7487774691274091,0.18531115701951986
0.8763058938760038,0.6555522061685816,0.5330531591231835
0.40105733466647275,0.7137596023826753,0.7390888078242087
0.8887782912137814,0.5612671329919411,0.5987851412011795
0.365750329039301,0.7963797914164384,0.6808234708252556
0.858314995633693,0.39608347125211213,0.708762121934387
0.44995834644489846,0.7918895374811858,0.524539897339706
0.9157345817650433,0.45679481941818584,0.8333513496508905
0.285509602841185,0.7856756890517028,0.21137052513730167
0.754777317248619,0.5700844613956876,0.5959587317408832
0.6848275188777073,0.7905345510244892,0.715819496012265
0.7986035165823897,0.39957695266072124,0.5606444801572162
0.5950929775731328,0.8172712545455815,0.7372256975760116
0.89154210478022,0.32349588663121986,0.5451660282780424
0.3577706866818185,0.7566954192319345,0.7279959238669924
0.8501520430022427,0.4755777330735209,0.6324441937307524
0.4713561230910159,0.8224348794994966,0.6496762628808386
0.9219642547678051,0.33828856167207433,0.7241693469333885
0.2662008204835282,0.7481594897861523,0.4759996455826523
0.722750391532471,0.5697662988469068,0.8771726182331828
0.7414143733668842,0.7266881097446429,0.1472050944172296
0.7093606712279361,0.7079663766807793,0.42333701795931483
0.7628220045690557,0.6616315978358128,0.7880173158407213
0.6694209974829222,0.6376974941555451,0.38096443648447287
0.8187971447639993,0.7761529057870011,0.77527935155019
0.5489630078141903,0.416041455923059,0.3941845486520854
0.916129708303414,0.8527557942636607,0.8017904015676869
0.2842934437090676,0.20113689724997155,0.29737429641693225
0.7528415218204951,0.583448419858008,0.7434506810810041
0.6884633099209357,0.7451713953760735,0.4856419522206436
0.7935818490104876,0.5730333339659723,0.7954944425010367
0.6060958823468582,0.7425000464355911,0.35266490793470956
0.883351555871454,0.6179708056625326,0.7637481193845538
0.38125386306046144,0.7036037041991117,0.40136214199763665
0.8728276133591646,0.6753421536516637,0.8325981845944568
0.4106984116525645,0.6038689277533759,0.22780195054993332
0.8954933373789132,0.8491935014555495,0.6169554256722686
0.34626457432888974,0.27451572121833256,0.6581239244099297
0.8375520499067735,0.6805467097801641,0.7458341870320495
0.5034168703338201,0.6187529067104762,0.4553138743533058
0.924956802489351,0.7790027709300463,0.8308866443912358
0.25682334926669914,0.3918499760906697,0.21529848472535945
0.7062009311910966,0.8670416209645988,0.606358104409519
0.7676803511109213,0.22546500976028927,0.7166349243025513
0.6598847496277954,0.5954729978458542,0.5353592114866592
0.8304164072948917,0.783028165423849,0.7840388296333919
0.5210524918242441,0.39663352308478456,0.3694461456954928
0.9233601325755636,0.8459982135385958,0.7895948370658037
0.26183493313872463,0.22527986431143135,0.32638941150914563
0.7151263834297678,0.6303074569036343,0.7836927725616823
0.7537663648639857,0.6832285146458172,0.40643273689727466
0.6867297386357585,0.7070206631166951,0.7748898916036194
0.795988417423379,0.5638531762598901,0.43604426358526144
0.6008461699794533,0.8312421005071768,0.7759494759411825
0.8873711850017583,0.2722526269115061,0.4602385103406373
0.3697911906122343,0.6988152293354468,0.7607578121352884
0.8622689640439359,0.5829344093462082,0.5645313370399272
0.4394164314549739,0.7873668239554571,0.7197976878643
0.9114196355226956,0.4061508383375894,0.6237666196950202
0.29871536897357753,0.8103696915464382,0.6456111266498141
0.7750926400564607,0.37160159844735047,0.7739847408760127
0.6449989457310361,0.7676367680562249,0.41078443530602593
0.8472086312264857,0.5481074237386541,0.7944087577427252
0.47895081568677195,0.762083319412332,0.3383513756028945
0.9233606478070667,0.5822198455535024,0.7679738997640484
0.2618333189870088,0.74059495252536,0.37922000821430135
0.7151235386044476,0.6138518105449737,0.8360163867825847
0.7537708936117129,0.6907266835219841,0.2708439159275976
0.686721234155397,0.7326645477681141,0.6529917553580633
0.7960001686472962,0.5490084833865378,0.6635585831348304
0.6008204305948572,0.7902013605962631,0.6192076567314133
0.8873903908662701,0.43094089062821883,0.7283240242469725
0.3697361347385704,0.8014267315103271,0.47754638439867836
0.8622159040064629,0.44846910330990164,0.8574980450143338
0.4395586638736893,0.7811379103392396,0.15882656903033382
0.9114833260828854,0.5966081952034414,0.4690691290131912
0.29852144771633343,0.7977805234273536,0.7554215301880921
0.7748036539878079,0.3687509187938129,0.5971028003977746
0.6455869214933118,0.7918116229155545,0.7098693190744455
0.846576458673371,0.39828468100693637,0.5828391730042406
0.48057360568567337,0.8130377312351503,0.7071049684442029
0.9236036762545939,0.3446266842359153,0.6345136254967058
0.2610717242152947,0.7662793910462563,0.6282749876903678
0.7137791324130269,0.48440651072646407,0.8031794286958269
0.7559043854155139,0.7884547290720755,0.35874882422370064
0.6826978984429,0.5173379430598225,0.7473070280742026
0.8014994682468268,0.7892196035658945,0.49840797495504585
0.5886628613934586,0.47146930128860554,0.7702010807386944
0.8959139189352401,0.7966726109382893,0.47705240978523694
0.3450330245353586,0.4602828325108378,0.7570819205491308
0.8361453751067627,0.7996485018398514,0.5796537504443439
0.5069232611390353,0.42018902955313303,0.7125277207104277
0.9248226532842426,0.8011636574081168,0.6174961703644277
0.2572451390491839,0.40426951039195297,0.6502143191451438
0.7069592866935748,0.8052141155182878,0.7791548597882854
0.7665210585097609,0.3419170226316315,0.41977763347458436
0.6621761438720953,0.7931252917248173,0.7773521051218458
0.8276859239274766,0.3735981434086243,0.4379444046380921
0.5277011604612453,0.8191592304623628,0.7706824958008193
0.9221607891236713,0.3074346455319365,0.49476325070488225
0.2655869920679729,0.7439893026563928,0.7473974765396079
0.7216870043353598,0.49755136136421396,0.6229158785294839
0.7431630268026124,0.8210042784070903,0.6939769571842609
0.7062254468659105,0.3275914168779323,0.5837321306903828
0.7676429407403355,0.7561503058528645,0.7390202267402588
0.6599588482059017,0.4734587904749696,0.49055244804901843
0.8303287174583729,0.8494346851773356,0.8001701953555305
0.5212668721625339,0.21156768781311708,0.32905829938803915
0.9233265645491631,0.6026824674401802,0.7526867619773833
0.261940093063912,0.7236924091606625,0.41448549634826864
0.7153116786254503,0.6358712460313647,0.8593684953596937
0.7534712598757161,0.656638350639336,0.2036914101101964
0.6872835855429639,0.7987548978423121,0.5419982873933238
0.7952219767688339,0.4344485169665431,0.7744358446172918
0.6025227424009978,0.7941763499407066,0.4034887166489187
0.886109622975141,0.48970336152022836,0.7981058772983832
0.3734016284701797,0.788265189127316,0.31653061641215424
0.8656995536061911,0.5310899967030595,0.7575038062119454
0.4301761950212606,0.7804252201794514,0.42102517524819394
0.9069611541556767,0.516315744416352,0.8343522714875972
0.3122156903306345,0.771678065046613,0.21144579816171216
0.7945270962553994,0.6007348557610905,0.593852999741235
0.6040390214140422,0.763943129338378,0.7084998859204223
0.8849507634858714,0.4651611645213703,0.5970987758594226
0.3767077658590855,0.8293131811854019,0.6835659921136478
0.8687563925020052,0.30831357748877164,0.7016472716437632
0.42186927505895633,0.7195779201236313,0.534914544550846
0.9024136823346918,0.6087842516732902,0.8351996209818991
0.32583394459838505,0.6968848787992824,0.21054709024623328
0.8127648850396139,0.73978254882361,0.5908859329150324
0.5630590687387814,0.5528155240707289,0.7071713246422864
0.9102871492442514,0.7780816526008008,0.6110660661582302
0.3021584841105941,0.46251112931826627,0.6616130687418347
0.7801773179851531,0.8172861666553272,0.7528733227965544
0.6345524808005917,0.3183402855516731,0.4571750314335318
0.8580138306685038,0.7620441559725094,0.8071369819477908
0.45075655908523626,0.43940860394703546,0.30206689496831335
0.9160278090494346,0.8780301036513964,0.7297961939931658
0.2846071897608504,0.148499238829443,0.4661551548671998
0.7533419679999424,0.45028099803916183,0.8726703949758097
0.6875260348246899,0.7784771602268138,0.15038671624934977
0.794885749172838,0.6050337317363442,0.43394853970403635
0.6032568612586638,0.7982773177032242,0.7757945970510663
0.8855506762311336,0.3609761337824185,0.459845540243894
0.37499750141354765,0.8055442321691111,0.761115332375566
0.8671851887844328,0.34686466346710665,0.5621993343266878
0.42614763740815936,0.7783545365436761,0.7205958489016304
0.9048195655965323,0.42776926330254855,0.6261433063699902
0.31864814144786896,0.818140739800737,0.6441881766915857
0.8033125625788451,0.35159821880703374,0.7705525971945784
0.5846055107128604,0.7533827565921947,0.41010297422105346
0.8985150579609594,0.5787275316592534,0.8040375286169452
0.3373872697399806,0.7354440066492635,0.29715166338488425
0.8271612698423141,0.6480445686296101,0.7368294193135804
0.5289723630061087,0.6711536842661805,0.47756129001440506
0.9218942280728164,0.7060634461463545,0.8270803063506922
0.26641946317971693,0.5509046277567494,0.22703649606387896
0.7231284914293691,0.8851747747992317,0.6286314663689476
0.7407906023560797,0.16162119833466737,0.6866161490221967
0.7104735775228864,0.46780050336539575,0.5969932998291201
0.7610932307094549,0.8293713608679549,0.7253441690176061
0.6727722020474877,0.29429296287686013,0.5202766056323743
0.8145541349387498,0.7238023467240854,0.7884595014041547
0.5589060759138585,0.5273937513257029,0.3635657728645598
0.9121612746155938,0.8654664947059274,0.7794751624180248
0.2964554097168214,0.17027757730372486,0.3550414938871084
0.771707519135876,0.509867966442953,0.8097301685858198
0.6518475889666021,0.7794897260709566,0.32318012449667954
0.8396865459826106,0.5489609289323568,0.7294275276703691
0.49806828677009385,0.7757678024444418,0.4891942030134038
0.9249861933907904,0.505738565594054,0.8321047858384232
0.25673092108066115,0.7765445279838592,0.21183367440838344
0.7060345743944251,0.5901180965976396,0.5993381261787922
0.7679340903702002,0.772829484660428,0.7240294289427068
0.6593818959047256,0.439811677114207,0.52089347931294
0.8310104216539164,0.8396684287855876,0.7909889886010729
0.519598772799037,0.24321646258018267,0.35208248249168683
0.9235787859876555,0.6615022699891938,0.775431267482054
0.2611497446265286,0.6412265059959252,0.36132318738763486
0.7139170553797018,0.7769321777422576,0.8207159356689011
0.7556861256454072,0.40005014287611207,0.3129963519834636
0.6831110390640319,0.8571522043779818,0.7052994443094356
0.8009402852796953,0.22101231561748536,0.5804908194770004
0.5899092953743699,0.599468747936774,0.7199235750636449
0.8950903788395519,0.7349718860736785,0.5802012270524816
0.3474432924291517,0.5657268081542077,0.6983390645766764
0.8388878686080279,0.7706426976827273,0.6866079199904325
0.5000735462881396,0.45647281223733877,0.570065419384195
0.924999979986491,0.8337506051800673,0.7977080593091669
0.25668756294248435,0.25791198590611497,0.30514409493279787
0.7059565145005903,0.6919868993686015,0.7574252980590064
0.7680530822986423,0.596021741776863,0.46960011385461947
0.6591459167597301,0.7981909877819022,0.7822910245936006
0.8312885355612086,0.3591234113040569,0.42730223822262725
0.5189172529611262,0.808599618963602,0.7682553510674788
0.9236759088994976,0.3365321265074997,0.5028409453005804
0.2608452796072832,0.7763029483426567,0.7441851491178942
0.7133785729413614,0.42533700303723027,0.6305429668545128
0.7565374630551799,0.8166508491003105,0.6866794090047825
0.6814975611820853,0.3416769373387361,0.5925614902952021
0.8031169505543344,0.7692639555201506,0.7365967341186714
0.5850444228605723,0.44428343920934665,0.4851324565468211
0.8982395507191551,0.8470510866401599,0.8156481016636578
0.33819946289912045,0.2133617091978482,0.26630359265468234
0.8281361689173077,0.6117018972522273,0.6908103869997081
0.5266086221986068,0.7288077439002487,0.565725966977152
0.9223803305313597,0.5821835354688695,0.7947634930207712
0.26490096860681167,0.7343900872704556,0.3135561920830579
0.7204952481205432,0.6452226411125086,0.7674634525424949
0.7451128285581622,0.6672073351186851,0.44270197351583906
0.7027028947220029,0.7211680511713648,0.7858418346411289
0.7729726849438864,0.5334105303063799,0.4051700047182678
0.6492978791157451,0.8543317450039597,0.7712729132585814
0.8425275301786993,0.20684810120025998,0.45593459758050453
0.49089709695781697,0.5824305424773915,0.7691216737827328
0.924693407477957,0.7401316959438591,0.5095496731385027
0.2576513856856193,0.5761794398207608,0.7411898605102771
0.7076884518176284,0.7522401558938335,0.6372106805691214
0.7654023758319076,0.5127629515171818,0.6795857563870141
0.6643778419402817,0.8049977054175781,0.601963495694745
0.8250257227925064,0.3995390977164806,0.7313523341514315
0.5341256342358727,0.7899692142049187,0.4895372873958774
0.9206911320255979,0.47248173669533217,0.8250030120742917
0.2701701943095774,0.7862180344286503,0.23323853392612953
0.7295595635403197,0.5619889783037151,0.6400729111988824
0.7300189051125585,0.7865892770684787,0.6702235104282691
0.7292378221760333,0.423659445481378,0.6264987848651979
0.7305650772707606,0.8168017614849847,0.6877261298423664
0.7283070570295744,0.3409321483078425,0.5979316313730304
0.7321407845288302,0.7678145958993098,0.720131820844941
0.7256094277858551,0.452709704397517,0.5388410204885099
0.7366714285483144,0.8389710899790725,0.7679926656562841
0.7177505491629307,0.2529432510781156,0.43652604224505653
0.7495633838551957,0.6701134729076321,0.7896856082572319
0.6945570345233537,0.6239405297656785,0.381058197248516
0.7849459731746709,0.7918313950225858,0.771505932331907
0.6245814317746973,0.3787131239366383,0.4135422568502045
0.8675740273707758,0.8267487341776896,0.7988768922227956
0.4250905372889843,0.2772411168525879,0.32046814715463356
0.9042377178664839,0.7218918755071765,0.7556069366445567
0.3203899095801587,0.5407012998509424,0.41365483265554687
0.805638797051693,0.8492725855572857,0.8492532511509187
0.5793642252261382,0.1953737367381772,0.2025659125453235
0.901694883090743,0.5783963104758004,0.5539588474747956
0.32797251732524324,0.7936050885303563,0.719368263854246
0.8155042172569692,0.3907913506299376,0.6566113329544283
0.5566912289043486,0.7972785081547844,0.62457142780246
0.9131085868916646,0.4117613963896449,0.7331955146031961
0.2935627931145764,0.7948080830204872,0.4599110012226436
0.7673196145693758,0.47025698152554823,0.870016381257332
0.6605988275659774,0.7780035228495259,0.15365465094240294
0.8295696613624037,0.6050415321565353,0.4431653920675127
0.5231202017450409,0.7960391381278326,0.7709291320191236
0.9230221882036939,0.36824802774882703,0.49562690694572603
0.2628932446632269,0.8063791069211549,0.7469390060598868
0.7169874303225703,0.34925196249104057,0.6246125059570535
0.7507908838034285,0.7718407529268269,0.6930990846584687
0.6922845506240525,0.45168299933983,0.5831424161014772
0.788198610887833,0.8308172607316393,0.7428047055664347
0.6176837745245967,0.2844625849127042,0.47649959999648067
0.8737569580904825,0.7151763706265526,0.8102151314686749
0.40813122423211257,0.5382040227404683,0.2888392051449068
0.8937724737439656,0.8773011421499056,0.7169756422633263
0.3512899840097642,0.15529232599987253,0.49854300551168673
0.8431757252334802,0.46487966048014373,0.8599388372877149
0.4892525599587572,0.7804303735377969,0.15801998317791846
0.9245726223704717,0.5984068473591759,0.46402009279327755
0.258030926833805,0.7973257089089941,0.7535761505413237
0.7083685802350426,0.37050000288735946,0.613022404435504
0.7643553786520806,0.7907585367814345,0.7087821581627965
0.6664300649775458,0.4012465921171184,0.5511406568565869
0.8225138238448085,0.8196792254147767,0.7733521540602688
0.5401438836872994,0.3051433510832396,0.3975992565527806
0.9190373338292522,0.7529468426765887,0.8050880837639786
0.2753085375719058,0.4606722299695394,0.2877846890601724
0.7382008628341201,0.8861238084025738,0.7307767091537931
0.7150632910967986,0.12241031308723417,0.516096652210618
0.7538667890436707,0.38080016600216154,0.781419431508405
0.6865411176564289,0.7722656306987896,0.3997530821874598
0.7962489222669142,0.5413077651102057,0.782837295212367
0.6002753314060598,0.7690477044007183,0.38307805865618555
0.8877959742721981,0.5535362771740104,0.7871639223868117
0.36857284465162343,0.7598765025101186,0.3437008152925173
0.8610895404970247,0.5852466196412078,0.7884509863977893
0.44257307185149586,0.7329554824974117,0.34891046678697013
0.9127979473166781,0.6375716533863285,0.7833123141520842
0.29451206235720706,0.6736927809968799,0.3454086244708617
0.7687664176882532,0.7378807726757416,0.8004068020571213
0.6577290670751867,0.4948582337839751,0.34816105422916066
0.8329497031784876,0.8759839195205956,0.7526368983595607
0.514834632067421,0.14692530066976334,0.4418060305887014
0.9241857546582698,0.4478136167462382,0.8264192602765428
0.2592458485164782,0.7866727585456541,0.22812977236719204
0.7105385226107629,0.5625694066057823,0.6313853965323314
0.760992062838446,0.7881223190227611,0.6863354458502791
0.6729676296007308,0.4148387873975599,0.5919199273308738
0.8143041367081263,0.8193652685851934,0.7392315241255732
0.5594877656981899,0.31718176481258065,0.4763142784239425
0.911906461209278,0.7582316417232042,0.8213162255653051
0.29723234869198323,0.4438368845911935,0.246346456345486
0.772875534457213,0.8893417054016568,0.6613658984998017
0.6494940879703542,0.13672916729750834,0.6286736851911048
0.8423106153490745,0.4117864501756585,0.7050803310726832
0.4914467376915504,0.7994484265430889,0.5359857960279371
0.9247293143043666,0.43465261808489053,0.8198192952785814
0.25753853541100785,0.7863236991587201,0.24625772641656213
0.7074860213006354,0.5576555200013374,0.6651189323017664
0.7657133385698793,0.7840717814083685,0.6403520072449903
0.6637667603123802,0.439133407348658,0.6605904589807702
0.8257676584021133,0.8149611392125831,0.6586726251413919
0.5323391011350548,0.35530500018939826,0.6187773321477181
0.9211304753897739,0.7779176175263054,0.7457582892491734
0.2688017539825375,0.42098419129365433,0.43054637634620685
0.7272252728422608,0.8488982902393342,0.8657627938271747
0.7339640989125127,0.19088271382421487,0.1804875590014136
0.7224649615542073,0.5700270007745819,0.4972433407323478
0.741884561258535,0.8130868563651955,0.7862753746683049
0.7085198783916344,0.31874755595317134,0.39180242012802635
0.7641220031674907,0.7708633192393152,0.7754110941755712
0.6668863995383306,0.4285785875262298,0.4108298012187614
0.8219510397017908,0.8552890089881434,0.7908303506323183
0.5414858537292627,0.19729413920057828,0.35534433903004164
0.9186320185793106,0.5705924895509423,0.7751924587525444
0.27656476217478326,0.7492355296155281,0.3634344463335891
0.7402837696425587,0.6012734399863607,0.8204161758460972
0.7113757271715387,0.7089133670270085,0.3051442125004937
0.7596851172620018,0.6934943507477053,0.7019272717060736
0.6754854675286953,0.6087635199190119,0.5650209215356202
0.8110579475390702,0.7626988276488816,0.7616075121782974
0.5669989271092898,0.45178878943140643,0.42832568534433424
0.9083912319349551,0.8588089701377929,0.8137455069239075
0.30790142621100397,0.17880736844369058,0.2681374622059673
0.7884631104084644,0.5358594275809788,0.6969879576583574
0.6171194255538541,0.7907442762858167,0.5658284524748112
0.8742472485843604,0.4464979106889516,0.7742063154012375
0.40677428863003307,0.7959072490332153,0.3795574388994995
0.8928431769363854,0.49318203506723074,0.8142784699680219
0.35399468183775296,0.7841892828666794,0.2717628507153011
0.8461250541528618,0.5544683806791764,0.6977359881636725
0.4817305534844105,0.7790364616139133,0.5484010215162066
0.9237650410988519,0.4797943521411749,0.8156126979016509
0.260565802787207,0.786926199788472,0.25807188575531165
0.7128836812587418,0.5525718738754264,0.6853734464059371
0.7573179915387878,0.7830655928979202,0.6067318513630746
0.680013569552644,0.45207889427650744,0.7038273414543936
0.805101924674587,0.8090452911126687,0.5840055662128987
0.5805774175714921,0.3949812290640512,0.7156745990728606
0.9009769351767848,0.7902393851984799,0.5907604141904168
0.33010474058806055,0.43984009667314583,0.6864520726830406
0.8182017230685943,0.8105477127956834,0.7100360901313083
0.5503663547138574,0.3502499947891291,0.5335105069790234
0.9156139521575003,0.7854884369349814,0.808372117658838
0.2858806582564851,0.3829294315182073,0.28018997404283136
0.7553657577178985,0.8502759469514934,0.718222457571504
0.6837168202051054,0.23694464443837082,0.5358414671732014
0.8001180809027826,0.6326451996952278,0.7786757183109654
0.5917378088063542,0.6814416666482673,0.3918912112165609
0.8938614454110125,0.7137379236162499,0.7937637233642311
0.3510306987293676,0.5456991493286935,0.32516877875441114
0.8428901449320764,0.8661280713155827,0.7706369545248721
0.48997748948130077,0.17130377014922882,0.39770605878947507
0.9246283323467396,0.5093528015488092,0.8131269259859499
0.25785588366317963,0.7790019537837669,0.2645236075637847
0.7080550396168035,0.5683311361410507,0.6964456437801863
0.7648384718131861,0.7690259374552532,0.5891931464689201
0.665484160236328,0.4901807452883093,0.7201508130582259
0.8236754730302462,0.8034339159495629,0.5580054809478389
0.5373664961869916,0.41763909423102474,0.7336373833603643
0.919833856362018,0.7968007940271982,0.5692456318518018
0.27283627229312685,0.4305869625706254,0.702718196080944
0.7340675710129752,0.8057548008502097,0.7004370334404891
0.7222857771403177,0.3658707256864627,0.574881739013066
0.7421794231401625,0.7928623371639858,0.7430493761533181
0.7079917699277433,0.3851412965577404,0.4896580598522653
0.7649358674766015,0.8196972517440888,0.7909325741175322
0.6652932486603564,0.2993299591914983,0.3731275649412911
0.8239091252050307,0.7481098977339958,0.7708248930890501
0.5368066508529736,0.4816440965076238,0.4031165581533887
0.919987500676053,0.8660628856747582,0.8085243273546707
0.27235884732076515,0.15837913807014095,0.27837048061737024
0.7332641707454164,0.48622057499071464,0.7169482595425655
0.7236749585918771,0.8048442837500916,0.5446274555746606
0.7398871977260115,0.41838834111624884,0.764937911032829
0.7120802897584976,0.7918070089058541,0.4424982932955386
0.7585812175750213,0.4829786708878087,0.7916622946979845
0.6776022894944521,0.7909624359087718,0.3733350947995095
0.8082924790354167,0.506870839767187,0.7691272406669386
0.5733362652697295,0.7888822839543097,0.41189045977037925
0.9051006311262653,0.4995745236884921,0.8066598620223601
0.3178058710460758,0.7838046291668753,0.2881268518826032
0.8021796076864672,0.5502055805947046,0.7263809790236582
0.5871436933842751,0.7756085834609571,0.5062809431773551
0.8969021138023855,0.5008005169031705,0.810949379933536
0.34213423461903364,0.7825480302115514,0.2793781119828433
0.8327900804465223,0.5557790716705446,0.7106987283981877
0.5152278207186698,0.7752426759156705,0.5281093500887717
0.9241420198617922,0.4948675918655109,0.8182220438888668
0.25938312385396833,0.782935799713657,0.2508318495795142
0.7107830199807835,0.56384682575101,0.6730200465932459
0.7606109184047884,0.7777990563655869,0.6272898276438983
0.673703212070387,0.4581264721837699,0.6788765584115158
0.8133606182307918,0.8139676478845538,0.6280272906847166
0.561678954885459,0.3679063561469793,0.6647004615976916
0.9109241141396788,0.7812247878764776,0.6797510753393378
0.3002230779485249,0.4336343427685652,0.5621244709457963
0.7773299712378637,0.8308487760570229,0.848137750865089
0.640425922096861,0.2493680654087281,0.21542323849777925
0.8520380734920114,0.6860662636209679,0.5735547180816055
0.46645602080452253,0.6567353091826909,0.7143975140117184
0.9208367654010136,0.6644726530959031,0.6257113776029937
0.26971674248120536,0.6764390216707267,0.640740319882485
0.7287875988341703,0.6539571447179758,0.7871874872348501
0.7313280680928707,0.6494886542873614,0.39370986003204994
0.7270031021759547,0.7582448427960046,0.7728005223310667
0.7343374889292243,0.4585214881927928,0.4284257842199841
0.721817982744679,0.8599196636959358,0.7850992838533152
0.742948095365001,0.18528169403369188,0.4009529293182188
0.706612024946518,0.5408843310343153,0.7743507153092173
0.7670524432457478,0.7711479547244253,0.4311356574493011
0.6611270724589634,0.5341020613519969,0.7800771888824839
0.8289408461269747,0.7739477129373165,0.4318991186846322
0.5246523030722989,0.527614085128598,0.7695401159127676
0.9227513766269567,0.7797095258126617,0.4982386307510194
0.26374071217204814,0.4938699942115286,0.7460883060258385
0.7184717309856073,0.7974697080984378,0.6260092853010831
0.7483993802125639,0.4108251242408915,0.6910245853372933
0.6967016672670524,0.801384736546172,0.5873907924525509
0.7818412801491388,0.41336176319734513,0.7378953419719935
0.6310923233744105,0.794619536346628,0.4887027838036774
0.8614147701835063,0.46156035108400045,0.8061585971030325
0.4417036464048524,0.790578308975487,0.3035381488600526
0.9124256800827852,0.5298445806400054,0.7327886338238089
0.29564871611053267,0.7863275232498206,0.4609650942708444
0.7704900452590875,0.4901147404909315,0.869818251903965
0.6542900010382262,0.774106325893502,0.15315767156768068
0.8369200036446093,0.61356830058966,0.4424016718168354
0.5049941712332309,0.7876690145805755,0.7695567257209458
0.9249077155386648,0.3897295187049212,0.5042530540522393
0.2569777031201386,0.820427871185211,0.7433776947854303
0.7064786039111752,0.31293709016220633,0.6332417503503781
0.7672563686695004,0.7334622958546582,0.6850087866941494
0.6607239236006907,0.5380012002982263,0.592439964032705
0.8294209354148776,0.8120479704711863,0.7416363503312154
0.523482835048432,0.33602880514614725,0.4667446858470725
0.9229596588949261,0.7806329669985931,0.8281528602233891
0.26308896970570456,0.3887132512490594,0.2236737326633624
0.7173307057821131,0.8634077035712069,0.6224164768542068
0.75023924799972,0.23083402654545623,0.695661466791027
0.6933071794139783,0.6069048506187761,0.578820702053971
0.7867396372319444,0.7612840773295416,0.7463685252401324
0.6207874076283437,0.4596623952966114,0.4693264040326229
0.8710184879861702,0.8525567978834458,0.8099591968224222
0.41567754181808747,0.19894551442245792,0.2904063282766363
0.8986919752707906,0.5792942090293518,0.7182960776509109
0.33686542276229875,0.7547910761457998,0.494519411292543
0.8265323059250631,0.5503045629624442,0.8632536666887111
0.5304936167928656,0.7454135518635516,0.15373118043981496
0.9215595155390925,0.6715015506657581,0.4513428411433316
0.26746402697624855,0.7125887174068741,0.7548171129077941
0.7249299786246194,0.5590171573888248,0.6076992791063703
0.7378040674489346,0.7959484365842346,0.7106354486763704
0.7157621343675474,0.3876752267569353,0.5552297830678335
0.7527527950806935,0.811208756472869,0.7596877945144566
0.6886292909419187,0.3323974789633521,0.450388723410631
0.7933502652153713,0.7789342823952782,0.7967836960946445
0.6065988010228638,0.40264276325881015,0.3494888857181461
0.8829557737958054,0.8528838604870543,0.7609288090378236
0.382376038670887,0.21469430812610865,0.4079815084494583
0.8738090337686152,0.6022739799829603,0.8361003204107271
0.407987183210005,0.7040367377542035,0.2175392523409896
0.893674473721572,0.726372606243577,0.5977019541186315
0.35157551233816015,0.577633844610602,0.680829709044682
0.8434896344105852,0.7649097747820539,0.7126130712267845
0.4884550228941854,0.46169634490267203,0.521407241259759
0.9245068399634171,0.8431613704252124,0.8264216412938331
0.2582375884498132,0.22114551369608015,0.22801696896557266
0.7087384645373209,0.6308978913763831,0.6312608378085696
0.763784537663626,0.7209280522927926,0.6869470691785924
0.6675455554514724,0.5624054427397618,0.5901171313182072
0.8211354013392931,0.7975249849052636,0.7422174905489776
0.5434265998246093,0.3736153819113253,0.4679657338592291
0.9180222825823912,0.8146861104630999,0.8244605465150792
0.27845227367904785,0.3020060017642087,0.23562905484474714
0.7433914383594611,0.7683533082833921,0.6437571940641661
0.705814248613257,0.4749357893919215,0.661696558676003
0.7682698317507135,0.8169199976370427,0.6459237654851447
0.6587158002780424,0.3542760666799114,0.6522897703066639
0.831794390545772,0.7722936816102753,0.6718556809746963
0.5176761848887311,0.4571882916620704,0.5965938100137864
0.9238439442047838,0.8289695739117833,0.7717540824268485
0.26031835055544905,0.2800204323347076,0.3700848193196056
0.7124450156022958,0.7206294570384547,0.828678062590707
0.7580083267792392,0.5221316604347771,0.2919760978657371
0.678697302256536,0.8821685307978292,0.6804928034828092
0.8068489144150739,0.15279673450962195,0.6240716821826996
0.5766218517724754,0.451178147341075,0.6713225060564014
0.9032776397745403,0.8148356751167937,0.6659730973455097
0.32325843745414157,0.35325726585272516,0.5869014601526042
0.8094209542547391,0.7806727524500402,0.8260187271714506
0.5707570903519206,0.3892820814749215,0.2671691105128866
0.9064757064102414,0.857061371737548,0.6673425044110809
0.3136767503636922,0.23429573545303137,0.5838550214873842
0.7965494925863746,0.6234188049069432,0.8305855092519486
0.5996160742530259,0.6803012284700424,0.2588121960124887
0.8882835596765379,0.7516896433499614,0.6515266275558513
0.3671727459541908,0.5096474552466116,0.6130914570668226
0.8597206061558053,0.8196639822044428,0.7923782095743188
0.4462240163755302,0.2989469159902419,0.3395061852899964
0.9143001312653167,0.7516058141896019,0.7735809304023965
0.2899149845641029,0.47313409391077543,0.3686568667304889
0.7616978592704059,0.8725020302384126,0.8230745506647165
0.6716026526771611,0.13324197103301197,0.2909432958270781
0.816044359498398,0.4210403688736486,0.6892591796156815
0.5554290624682153,0.8053507480520621,0.571766755800913
0.9136321904254104,0.4083671663118678,0.7838099126239435
0.29196112086234494,0.785228048749113,0.34391560566746404
0.7648633516384482,0.5294570775925515,0.7992081077814549
0.6654353983477366,0.7724614649375934,0.35245117385503116
0.8237351772020451,0.5554887754389363,0.7551997644111194
0.5372234796552537,0.7655593671872836,0.4388940138055197
0.9198733264807132,0.544027911658062,0.821796069719879
0.2727136419270755,0.7588406326738094,0.24240460325096008
0.7338613723056014,0.6181671865975424,0.6567151381851987
0.7226427766103614,0.7298341307767453,0.6458630105155889
0.7415917178859462,0.5567771618555717,0.6641619179560198
0.7090437348409944,0.7848985426335047,0.6327344255813919
0.7633126526177938,0.43953512972690034,0.6850048967172695
0.6684658537941099,0.8107468315127256,0.5935270981613779
0.8199912475900599,0.3875095316436386,0.7387589373344301
0.5461407254233008,0.7826570293978863,0.47562796673844665
0.9171228237924227,0.49409548548839044,0.8238864137458177
0.2812316345243111,0.7820367937228732,0.2375210247825369
0.7479194883882531,0.5700207613439688,0.6469904393425073
0.6975829309260354,0.7789478183409514,0.6560662726057999
0.7805556460047067,0.4464545166565261,0.6563288916939184
0.6337675591310623,0.8169538917435132,0.6341674639338344
0.8587930884592357,0.35802784025152007,0.7022707145531425
0.4486898227933671,0.7682369772556695,0.5365599015328525
0.9152588831455886,0.5081428700956833,0.8287281629369374
0.2869722218841102,0.7763044391622068,0.22460827186225274
0.7570909132787267,0.5866733796715092,0.6220904194607507
0.680445770545188,0.7706180459303613,0.6861578161257461
0.8045254984017077,0.45666876257456135,0.6143271215187751
0.5818776170458086,0.8256850840428327,0.6836802970924285
0.9001954065595297,0.31825062497573287,0.6453656554340133
0.3324214553040151,0.7379806732120303,0.6190099541101003
0.8210944960230305,0.5481934998274866,0.7950033907433075
0.5435238011077491,0.761894244792632,0.34515039457022867
0.9179910113273925,0.5805478694938131,0.7657613691132081
0.2785490034631635,0.7426510613698935,0.3860749067688391
0.7435499876915156,0.6077477722206581,0.8387020798350119
0.7055285929332118,0.6972280502273895,0.25379818369415774
0.7687045907015082,0.7271800585419064,0.6328862060371624
0.6578520188629593,0.5658223640407993,0.6697084604426109
0.8328061385212856,0.7770484242397593,0.646632797948909
0.5151882744014381,0.45387696628410845,0.6346077145438905
0.9241464703866145,0.8217451468729164,0.7318194576981234
0.2593691551367341,0.313146993452641,0.4595628816842916
0.7107581470514461,0.7554606120283767,0.8762386282579727
0.7606497127703317,0.4335312219992205,0.1542960224181844
0.6736283907611514,0.9015427306036642,0.43847209671529636
0.8134567731102638,0.17740525364106607,0.7977703585150867
0.5614559501478122,0.4950138788498277,0.3405773859457637
0.9110257149082897,0.8774698107461915,0.7589664001465695
0.29991408823127896,0.14002448726665448,0.4039482584599122
0.7768728232732144,0.4325535831690968,0.8472196047118252
0.6413633270110619,0.781217557338538,0.2182386370080444
0.8510607161725453,0.5778683290122577,0.57868308436315
0.4689985821735525,0.7883190074178134,0.7099716006285615
0.9214439747431751,0.40690308385393636,0.6328020985463519
0.2678244117648937,0.8092429545443693,0.631155929388519
0.7255496360424248,0.37921064971382434,0.7983934283246279
0.7367712382201798,0.7687458299282445,0.36706664185371246
0.7175757087812268,0.5591196861352344,0.756085189234904
0.7498450005088833,0.7626915355699982,0.4690244519531376
0.6940366601666497,0.5410657421967265,0.7857524612088995
0.785694165692077,0.7685679307686457,0.40810896943851
0.6230017216511798,0.5468896011390171,0.7703289287269548
0.8690211329421289,0.768175208622058,0.46618434595737274
0.4211465927357981,0.529905674391492,0.7636965663415055
0.901993918602456,0.7797445018090734,0.5426752470273826
0.3270832908045753,0.47992937575970973,0.727429313605171
0.8143693032197923,0.8038314242059096,0.6424143857159833
0.5593361824144786,0.3894976919735553,0.6452864687274792
0.9119731045889602,0.7983082908082849,0.7071048242647819
0.2970291960527346,0.3828309210680058,0.5124960086286304
0.7725705551565029,0.8146261906308322,0.868528610168995
0.6501095821082006,0.2878087001769722,0.15637453596027487
0.8416283194294152,0.756802560841983,0.45008389683395966
0.49317333804618374,0.5594683828490264,0.769209841960505
0.9248275677403028,0.7594926387069161,0.5086554327216957
0.25722968944507607,0.5359402736110014,0.74155388389721
0.7069315323583435,0.7811459250765881,0.6366445326632565
0.766563561388563,0.447292429147619,0.6805155326815746
0.6620923106374297,0.8127430489905688,0.6001172458287078
0.8277865064792105,0.3801885004138938,0.7337795123885079
0.5274572228295716,0.7791490602832195,0.48372624763065564
0.9222105733836028,0.49968859159022155,0.826956852465801
0.2654314573754305,0.7797112714679453,0.22727774461704775
0.7214171156006465,0.5783744577474188,0.6291853004849876
0.7436055054006329,0.776219256932916,0.6863554904139225
0.7054285236324584,0.44349210603146805,0.596659379502924
0.7688567502092974,0.8270844330150593,0.7268836893196056
0.6575493771075132,0.3001219508879208,0.5149607319969293
0.8331593169602279,0.732163925719268,0.7937225331492279
0.5143180172335994,0.5088036635067045,0.34454578406606967
0.924241479215244,0.874584570152051,0.7692199889011024
0.2590709190590682,0.1455154179209573,0.3759986148295006
0.7102267584407445,0.4481223362081252,0.8338358794064404
0.7614774271313386,0.7853627233205912,0.2785343914288848
0.6720293538728696,0.5496872677292177,0.6627060405980951
0.8155018352025071,0.7899554140031809,0.6533763240844405
0.5566967903402454,0.42074447698832196,0.6293577793949904
0.9131062536709228,0.8153366407406788,0.7276070391592467
0.2935699257585081,0.33182952372918306,0.4715325178290824
0.767330510460013,0.7755092873173813,0.871614214646194
0.660577273255599,0.3876997438686756,0.14875222465969268
0.8295952754610478,0.8742606265871476,0.43174006560220257
0.5230577312568974,0.26455022109086845,0.7693991551840192
0.9230328618083534,0.6540317714475793,0.499041563475818
0.26285983197186785,0.7247609114798205,0.7457438778073167
0.7169288006180803,0.5378495684514234,0.626938556889436
0.7508850132108843,0.8047053575277786,0.6902700392615686
0.6921098275408454,0.37185895896094545,0.588000630212972
0.7884471124002386,0.7954706013256448,0.7384075014772422
0.6171535743874672,0.38004254409416227,0.48568402632472646
0.8742176480304887,0.816774351964286,0.8093409436318708
0.4068562620393584,0.3012725876629188,0.2910103773270986
0.8928997030912614,0.7606486511487142,0.720163058194356
0.35383034624995474,0.4690789973443972,0.4924716551045977
0.84594739959359,0.8489826661494387,0.8600885988684862
0.4821854678434018,0.19255782847208605,0.15661478213638497
0.9238257770429537,0.5756488352663143,0.4611551740100083
0.26037532964156507,0.8171826435540148,0.7539760009300932
0.7125460642157622,0.3182593043276328,0.6115191304261924
0.7578494311696398,0.7422991466350691,0.7094419389710961
0.6790005821283247,0.5124331886267378,0.5517586880652503
0.8064475289115675,0.8313198862506492,0.7701764739840563
0.5775326744887781,0.27395335514681807,0.41001461750051166
0.9027581322304836,0.7069230641959396,0.8051590516336599
0.3248077816121853,0.5554769544258388,0.2928404332859804
0.811438440480518,0.8682998776486786,0.7323091391773697
0.5661225618269323,0.17791708208911272,0.49155125120188414
0.908822885224541,0.517890459557796,0.8184231599148786
0.30659623951172255,0.774248722346321,0.2552962123635737
0.7866014460872741,0.5816321662445907,0.6759374660280556
0.6210805610725283,0.7625520070166235,0.6021737946402772
0.8707561416023384,0.5007556225813282,0.7415657430670174
0.41639756881734324,0.7964605556086612,0.45463391933750186
0.8991393439512919,0.4679409117021748,0.8466205541725899
0.3355448012074894,0.7826476145672674,0.17856565223955403
0.8249316040834286,0.5871154394946843,0.5216827409836353
0.5343519748707491,0.79379800606247,0.7561100423886761
0.9206337847431739,0.3786412679706732,0.5243848860701364
0.2703487107907431,0.8099068765791834,0.7346814267426618
0.7298630558487471,0.3439507954234187,0.6456715453196336
0.7295030095567403,0.7641201843008592,0.6625601364325582
0.7301149638362754,0.4787989673411476,0.6383601861841143
0.7290742826489299,0.8210424721150068,0.6723554973301088
0.7308424002068493,0.3345889756843067,0.6234132862887325
0.7278336091869412,0.7581412645167355,0.6910945330659464
0.7329398321419529,0.4835335576733014,0.5929555801718848
0.7242344280262117,0.8292895082383445,0.7240161422679329
0.7389600087647032,0.2949610304772853,0.5335754103017587
0.7137230225813399,0.7231315181493204,0.768090057632528
0.7559931375891756,0.5346305390191909,0.44335369909548134
0.6825297999768227,0.8456545725507406,0.7839943097126811
0.801726626845558,0.2281812751296947,0.4159319114725765
0.5881558578138855,0.6277499658905736,0.7703236347948709
0.8962456155124626,0.6898819425056651,0.4769333495063612
0.3440608250924538,0.6771004428595679,0.7570409288875165
0.8350270027978689,0.6214048379801894,0.5800322038123921
0.5097005573662239,0.7451121438373822,0.7124358073626242
0.9246518269911032,0.5055599109380201,0.6168686519905529
0.2577820555825375,0.8201375260312455,0.6510357012060677
0.7079227293880624,0.34401970179445934,0.7780100385698249
0.7650421128341287,0.7459728414563112,0.4221743606521198
0.6650849101703579,0.5903277826228684,0.7782761259364704
0.824163798005966,0.73038336269777,0.4348842366472207
0.5361959786306851,0.617317968947356,0.7708606293230642
0.9201524491845778,0.7026275007185362,0.4917474646645961
0.27184610194354286,0.6515950058678905,0.7487535982606272
0.732399455566082,0.6629780047596606,0.6183942293495517
0.7251648242945782,0.6806035735344155,0.6966914012586927
0.7374129670314495,0.632037017137598,0.5839960337031966
0.7164498074156983,0.7314574902136506,0.7314956595392601
0.7516530792179164,0.5284724945552052,0.5210123360049478
0.6906816925645223,0.8317993429023506,0.771709341389033
0.7904698208466975,0.27209383183576713,0.4421652001118371
0.6128209477559636,0.7005380133368491,0.7777498070226345
0.8779043048655508,0.575048107808217,0.45237221673721656
0.39659684454711386,0.8196558992205575,0.762705724062611
0.8854388135368293,0.3086975025945356,0.5522721400739289
0.3753166077714888,0.7384706678013696,0.7242342835615785
0.8674799912988476,0.5161076694512879,0.634227766386069
0.4253462871814959,0.8130873267184016,0.6429044541329159
0.9043792457009255,0.3653755261281538,0.744648530167828
0.31996647489149665,0.7676616895150233,0.43796932926441023
0.8050753403969219,0.5397053813677894,0.8596319677455749
0.5806374357222985,0.7534615649746295,0.17204583410512048
0.900941134652489,0.6503103792398284,0.4899408612919607
0.3302109642112263,0.7321522148699593,0.7530604368758443
0.8183352283058987,0.5207362729992397,0.5923052196840894
0.5500519249518961,0.8200007013618262,0.704422965808166
0.9157307777918561,0.32687537285638113,0.6195581705774772
0.28552130546733995,0.7506980007352354,0.6498863449430957
0.7547958914887939,0.5122815850338405,0.7722042319450894
0.684792498617594,0.7861954317247658,0.4212234320686392
0.7986514100822663,0.5029228457592106,0.7915343601142105
0.594987140446734,0.7857354221947506,0.3609646936332965
0.891616539654084,0.5229338165623064,0.7721816225838403
0.3575549977166364,0.781491918227994,0.37901588877370423
0.8499248589006223,0.527002352312726,0.8213421726724935
0.47194459455650434,0.7691041970041904,0.26663820190397164
0.9220877086339839,0.5892344556984809,0.6770818655881871
0.2658152750144183,0.7553166752299533,0.5636167415137492
0.7220828039586817,0.5283109850995534,0.85501765028164
0.742513144287644,0.7612841982646595,0.21418296397741957
0.7073932869365653,0.6217199036411943,0.5624946071253847
0.7658556907744958,0.7491108847413721,0.7563092939710999
0.6634867812264181,0.48380362991281634,0.4539271197560519
0.8261066677476337,0.856163786011337,0.8016336602670912
0.5315214326269772,0.19096512765142704,0.32664977744218837
0.921323677355029,0.5590488656234315,0.7487643421923227
0.26819952793013113,0.7643816725024977,0.4238509167510901
0.726193602248288,0.5511932630501102,0.862958253373546
0.7356948809171903,0.7448308540919114,0.1892621544229616
0.7194573155048967,0.6620313670534312,0.5151085284691106
0.7468024006841216,0.7093520591098952,0.7809114047726673
0.6996277275612509,0.5577526388264124,0.4031756668050304
0.7775504504383046,0.8424433948100134,0.782296030195102
0.6399732656075285,0.2381128813371713,0.3902394467085207
0.8525076941861077,0.6485808025297842,0.7852866246695009
0.4652318044964962,0.6578230248544877,0.359449779570147
0.9205273385512915,0.7562656183694023,0.7896227763679705
0.2706800028645794,0.45789376324241193,0.3272136272453438
0.7304256539810996,0.8783666733772825,0.7835108399078354
0.7285448665533154,0.12856621260265083,0.40207379853929937
0.731738802696871,0.4028223969851342,0.7771553869704598
0.7262993711010967,0.7840813826014977,0.41677789533203236
0.7355178001652181,0.5092304478999843,0.7831533731086404
0.7197660534797448,0.7851557223983197,0.4013366038732455
0.7463006624303704,0.5115891964020071,0.7782404020700909
0.7005431396395346,0.7852365574300915,0.40968554556185705
0.7761950618310172,0.5087795748641813,0.7848561141275556
0.6427502649345943,0.7849811300363235,0.38446744257475846
0.8496027388860817,0.5172902808639682,0.781499668580733
0.4727783223643955,0.7821650813672083,0.3696338205649448
0.922258226986802,0.5284013697842977,0.7968753894150314
0.26528256204526074,0.7735228901690203,0.30816785824545534
0.7211585799838637,0.5668502069856667,0.7604049737401533
0.7440288652482275,0.7556930816391653,0.45839498027312464
0.7046646778249509,0.5593051953468491,0.7871371242774794
0.7700157677079936,0.7556053853589073,0.40142736009215335
0.6552384951995326,0.5767087827210664,0.7702122181970036
0.8358337355502835,0.7450823225127348,0.45651645061556495
0.5076980976454665,0.5818960617089013,0.7703374129672392
0.9247807353827712,0.7403451498723775,0.5016942456752319
0.25737690933638696,0.5780745491642607,0.7444064524763839
0.707195932744294,0.7498295290770735,0.6311503950636477
0.7661584281806215,0.5197699987933093,0.6874756178781086
0.6628908571011574,0.8005908957883797,0.5885666653261463
0.8268263040895463,0.4149780830054916,0.7447579338542963
0.5297828977341194,0.7940521264459937,0.4608338402371526
0.9217180223094683,0.4717856150937539,0.8266368094755714
0.2669694657397458,0.7859927830238607,0.22833681018849064
0.7240780493788078,0.564038290097512,0.6310771115514456
0.7392194028103778,0.7871179262095805,0.6833062683017539
0.7132640860804709,0.41825221542896185,0.6029582800085377
0.7567181894765678,0.8188639383630856,0.7185390897750061
0.6811543534099304,0.32531718213938615,0.5348426387808864
0.8035774708903313,0.760059351630885,0.7797597280268166
0.5840106609209713,0.45228985579406866,0.3882133797566564
0.8988861727509998,0.8661617558696436,0.7928256547125825
0.33629233839582046,0.163512544601637,0.32595765833542867
0.8258392656687384,0.49569474066031427,0.7734716342495761
0.532166459909292,0.7915676082658469,0.3962880481927141
0.9211716797705446,0.49818037368540613,0.8056305684302105
0.26867333978925384,0.784447749215905,0.28566500938647577
0.7270055122202455,0.5495225172543166,0.7284048750380486
0.7343334404600088,0.7756196744720386,0.5241103688666304
0.7218250031240493,0.49524361979094333,0.7738888190805491
0.7429365715593574,0.7916090844519441,0.42749896329130993
0.7066327421362453,0.48819963107599834,0.7834043451422045
0.7670207665458473,0.7914905549758098,0.4097852907710937
0.6611896678630921,0.4940892341550663,0.7739985280695445
0.8288661966044883,0.7918982015737257,0.44601634873015983
0.5248339915043227,0.4816469451173756,0.7712838974333882
0.922718109604064,0.7951321519162711,0.49430837222607527
0.26384477930723615,0.45853451689458524,0.7474365772758507
0.7186536334363425,0.8014105318787448,0.6233606261297636
0.7481051777648166,0.4017662846347543,0.6941974684619233
0.6972421368352686,0.7969614634030211,0.5819758286448495
0.7810534959896315,0.4261315781535725,0.7426902361465993
0.632733049850423,0.797780759676451,0.4788650691664147
0.859813168666399,0.4570028849845899,0.8071408284068139
0.4459775895207085,0.7904654429510226,0.30147585758214906
0.9142018429142256,0.5307582450647012,0.7296073828381254
0.2902162833078992,0.7865258031222752,0.46707990745818695
0.7621659311801391,0.4877250447342798,0.8717468372260582
0.6706953907552672,0.7743613442155703,0.15014565914711606
0.8171934092271546,0.6139569258067342,0.43439841688063324
0.5527368622285629,0.7892314694080264,0.7719957188256807
0.9147096464404567,0.38507136763520045,0.48410398714762826
0.28865886385215594,0.8205056940057841,0.7519341836347887
0.7597392194354323,0.30991714673933735,0.6070675148166874
0.6753814901821675,0.7331667107999075,0.7028707559074646
0.8111929317354846,0.5333652411141154,0.5870152983867261
0.566688149180134,0.8155545329261162,0.7113603524408453
0.9085449558080344,0.3365465089233504,0.6025679086578918
0.3074367706101016,0.7628927242241312,0.671880932125223
0.7878017899416535,0.4787252009137522,0.7374754744361305
0.6185294799136074,0.8020698695847538,0.48781828491422385
0.873017820848216,0.44358360163572436,0.8087559776172194
0.41017350971969857,0.7894686224250337,0.29294810371162144
0.8951454460825148,0.5357565905148194,0.7224579647993474
0.3472822828289264,0.7853424959629063,0.48722434562760514
0.8387060057896071,0.48417592131551945,0.8617110782781747
0.5005294940755873,0.7771655803644661,0.1542052539221881
0.9249989626532885,0.6066803249475695,0.45431098504434336
0.2566907624514259,0.7917323708435451,0.7541396757988558
0.7059622752170668,0.384461888584612,0.6123041783373794
0.7680443023934141,0.800377523067202,0.7101770497384445
0.6591633322313836,0.37657933974059554,0.547492286182395
0.8312680245901083,0.8049508340904273,0.7772547399494041
0.5189675347714195,0.34321811712774447,0.38560008522077277
0.9236688607113716,0.799147513661946,0.8012695230805712
0.26086737691505524,0.3505976731069578,0.29631734599900517
0.7134176777331008,0.8190711422342182,0.7447499489138166
0.7564757108747381,0.31617055487658174,0.4946354489064888
0.6816147760058018,0.7547057929622725,0.7802210631864697
0.8029594706045412,0.46423740266771385,0.4251672172899762
0.5853975689327597,0.861214108607481,0.7726113857451465
0.8980168443153858,0.1856485797183742,0.4726269496090609
0.3388555890725215,0.5363754288903553,0.7574418792072035
0.828920171659293,0.7774891253663893,0.5807867195817987
0.5247026264997987,0.47331704499401134,0.7131511111765951
0.9227421869028424,0.8072900846374002,0.6113108617013161
0.26376946062662837,0.39066311976673196,0.6582758699289015
0.718521989389254,0.796946146221402,0.7673561178116195
0.7483181185674423,0.3670742876555397,0.4435521295835541
0.6968510143671648,0.8130836210893809,0.785379495044048
0.7816238091276877,0.31904760115311465,0.40812078385341694
0.6315457114899234,0.7691445641212236,0.7709977711980027
0.8609741854178564,0.4339778517564981,0.4620358393939046
0.4428812586090856,0.8483179386522924,0.7655180755528365
0.9129285627130962,0.22662895311558648,0.5321271202680136
0.2941130077540774,0.6142758984654081,0.7318427762582441
0.7681590217685315,0.7158157003645311,0.6439482167489929
0.6589357344633338,0.5845618480316424,0.6550556956296014
0.8315358995492226,0.7648021035808924,0.6679069178948593
0.5183106050473248,0.47561917132904025,0.6029676010390019
0.9237594704483633,0.8280398939329676,0.7655495432195516
0.2605832714596942,0.2846713247691511,0.38480494089810974
0.7129146313517127,0.7259176900149062,0.840526473744431
0.7572692310985478,0.5080121114521096,0.25894575245821577
0.6801064081008594,0.8921383155617572,0.6354047406963719
0.8049782225157247,0.13699254072457911,0.6889387346985408
0.5808566500272517,0.4091409223813538,0.5753717436215682
0.9008101479415711,0.8196314435350132,0.7751836515718689
0.3305995336361069,0.304673140211038,0.36898180347443177
0.8188228833840735,0.7558157015559215,0.8173492588470351
0.5489022854134623,0.4505243140488936,0.28765103547797766
0.916151695980959,0.8839096373910751,0.6991005279209364
0.28422573394903444,0.14070193774919548,0.5263425510611887
0.7527334246076184,0.4273975645677826,0.8675785412597605
0.6886655195185896,0.7767548082337179,0.1661538329484725
0.7932996904556886,0.6038532982721031,0.4696240944164275
0.6067085788408099,0.7907971580710973,0.7775465127266837
0.8828691330465663,0.37939927958944136,0.45474305588890174
0.3826215397526316,0.8210099872527769,0.7617892865115444
0.8740224991588409,0.30530613799415623,0.5584640985112864
0.4073965294550068,0.7335154475176554,0.7220407761406475
0.8932710097991836,0.5270273999982571,0.6289334021489151
0.3527502775506625,0.8096527299918429,0.6434361913607397
0.8447748211827945,0.3741714585721929,0.7626760214740251
0.48518219390997674,0.7710032937037402,0.4156090649379384
0.9241876007039104,0.5392118887664049,0.8228483455210004
0.25924005381352155,0.7617121327833467,0.23807398307889815
0.7105281987554508,0.6135580145495879,0.6501011885006405
0.7610081468565059,0.736705384524168,0.6614209449541311
0.6729365649157708,0.5382997717089558,0.6317303050873804
0.8143438947059937,0.803431110296952,0.6954015428208212
0.5593952886859485,0.3734908482686663,0.5614454415691572
0.9119471388230775,0.8006248488253694,0.7903270087353859
0.2971083528172763,0.35027919025922605,0.3281474664150645
0.7726894241628803,0.814289015584949,0.7811380076345348
0.6498697684139518,0.31719188779130736,0.39454565394307023
0.8418944943075292,0.7686182414208002,0.7860699798367781
0.49250017262013607,0.43057613840693615,0.360854760620604
0.9247918845803074,0.8646314579873853,0.78688718801337
0.25734186274042997,0.17027897476041853,0.33274540361407323
0.707133005160348,0.5113898735730876,0.7916846191607997
0.7662548972409999,0.782565824627399,0.3895721790009109
0.6627008198721828,0.5212454275602755,0.7652325544244244
0.8270552398878022,0.7837442402278121,0.4654561980294201
0.5292290192291491,0.49474975348635003,0.771577824765558
0.9218389584091375,0.7922006285263259,0.49229665437180653
0.2665920047226874,0.4662599487578389,0.7482519554562496
0.7234266186403163,0.801144914437833,0.6209488002600906
0.7402980205069324,0.40321038973925244,0.695897205933831
0.7113503869596646,0.7973509022370495,0.5811738094995759
0.7597247515484001,0.42542184220429974,0.7401209373515965
0.6754092977025506,0.7980305668268068,0.49059672175876917
0.8111568396341424,0.4526475410960429,0.7971296365736374
0.5667712582509027,0.7921967667511958,0.34293713942626564
0.9085039165648878,0.5135980898896001,0.7604855135161961
0.30756083555924435,0.7880674847238673,0.40122631875518794
0.7879785215605721,0.5048473633150207,0.8443461860653735
0.6181529731432124,0.7744048032963333,0.22277295565665978
0.8733475372684516,0.5913669960854488,0.589016911140893
0.40926298073765416,0.7741147677055275,0.694756093553328
0.8945371353409234,0.44584655500610143,0.6751654582753989
0.3490596606968184,0.8135067111617257,0.5742752415143437
0.8407029516928497,0.38660648376341444,0.8292949328326756
0.4955095452187851,0.768152102403299,0.2477449524813505
0.9249253925186741,0.5970746984685487,0.6441826990313602
0.25692211993354763,0.7555291047140463,0.6143378450939919
0.7063786336228778,0.5125243848761353,0.8182331161000735
0.7674090804606299,0.7766612985757438,0.32207402758581816
0.6604218196426414,0.5556162547891196,0.7133685224865864
0.8297799071954122,0.7747641670288379,0.5721931547576851
0.5226072873976857,0.48230168534389045,0.7206941589297418
0.9231089690591182,0.8047791863207752,0.5981580003805219
0.26262156111640167,0.4013204243387431,0.6732918198697357
0.7165104639867874,0.8001093467512771,0.7475598164899572
0.7515559102416363,0.36530011780001853,0.4877628182167479
0.6908626088832569,0.8051435337782572,0.7828105236102881
0.7902144187620245,0.34092452943538243,0.41614192453415283
0.6133696872276952,0.7925978839123037,0.7723037626191847
0.87744506186621,0.37653035689176867,0.4646813714829768
0.3978803335094077,0.8173881774739674,0.7622667015648144
0.8864148227486458,0.3149936193666051,0.5528078075944732
0.3725292636124906,0.7459682030409203,0.7236193539871133
0.8648794820498564,0.5003898392191024,0.6361513563926503
0.43239296524240556,0.8176699555582158,0.6409639440782069
0.9080883687497561,0.35390553762118543,0.7452211791107108
0.3088163681773035,0.7588260616593386,0.4356129787752901
0.7897606300154095,0.5595524914296646,0.8607682715573358
0.6143434759843701,0.7389362205324791,0.17390770878666206
0.8766246071493035,0.6777951618958223,0.49169377498720623
0.4001694495716414,0.6922029032080882,0.75733099971449
0.8881252864443326,0.5956687196371435,0.5624401227799857
0.3676274194832674,0.7763923400701359,0.7156896615093554
0.8601667497311623,0.4339731086197945,0.6516951907302696
0.4450356758359344,0.8153936244259254,0.6201708634762683
0.9138220153559939,0.3667181898648799,0.7658800807411229
0.291379956544803,0.765507062604079,0.38707371995260403
0.7639674066343813,0.5600096123449362,0.8374470681419544
0.6671884704684609,0.7437962762952439,0.250488745536135
0.8215776567669413,0.6458045215386287,0.6315588968911036
0.5423748994726483,0.7014957003737209,0.6580653232862782
0.9183561612103269,0.6068780467826693,0.694289869871252
0.2774190527962282,0.7332816621267997,0.5345332289864605
0.7416935711849255,0.582505772070773,0.8662478558468463
0.7088616052971461,0.7174310244036338,0.17401234379209338
0.7635942703809869,0.7163590319629971,0.48534295081548867
0.6679168243025659,0.6289816253422722,0.7809587972172312
0.8206745784297225,0.6856314449853523,0.4277050059710441
0.5445209145710032,0.697445653362859,0.7701545236916467
0.9176661862133175,0.582781138812877,0.4907554057430267
0.2795533405078829,0.8046955322598686,0.7495422227938201
0.7451921001794364,0.35280588013798186,0.6145358731469179
0.7025590858355099,0.7763773604342287,0.6980203944180178
0.7731883219582854,0.4394959039979558,0.5879708469489159
0.6488621207587801,0.827798069945464,0.7193665269188467
0.8430082553118341,0.3006369587585911,0.5642794998435575
0.48967774611534715,0.7269042389456559,0.7243525920789464
0.9246057689765409,0.5397706949279183,0.6008774637973321
0.25792678152180953,0.8092867246181482,0.6699143949578805
0.708182060513758,0.3665505784774111,0.7534847004816358
0.7646428498169102,0.7672068310300135,0.47753154553178506
0.6658673995509018,0.5285637402186715,0.7820655942790133
0.8232056213350196,0.7765673399316612,0.42573228853306183
0.5384910674485424,0.523625798174557,0.7692955369227892
0.9195182195886855,0.781760890055797,0.49452176936731523
0.27381651470261614,0.490269715727144,0.7479996482729907
0.7357118146212941,0.7979534855578031,0.6192799063025219
0.7194277796573656,0.411763039370151,0.6948283532534237
0.7468503632041629,0.8011279687534137,0.5888443877294023
0.6995401232880997,0.4135410742207935,0.7247253722020592
0.7776798350332289,0.7968624651245377,0.5393446558816659
0.6397074640988993,0.43996531348964646,0.7564664475543752
0.8527827505577027,0.7982486625539176,0.4917499628209159
0.4645140243630843,0.45174493932344795,0.7620044508655153
0.920340758472456,0.7985054159020307,0.5330509423215255
0.2712604930371617,0.43792364728148064,0.7297009995631121
0.7314094804312714,0.8026125406559192,0.6545476958104309
0.7268637137561574,0.3887096822528141,0.6496508801131565
0.7345715649088279,0.7971724434906423,0.6578061038370484
0.7214118694640272,0.40142871712111217,0.6440794453205231
0.743614101023645,0.8048516001006488,0.6669183192895922
0.7054130281950328,0.3789994866760947,0.6279824352483083
0.7688803050366626,0.7944545421905431,0.6918734495959146
0.6575025117845478,0.39739605350408613,0.5802594875565804
0.8332139474917661,0.8129686538725772,0.7534284743025105
0.5141833212287316,0.3297458569830541,0.43997246600473344
0.9242556835760136,0.7773994921087656,0.8261051044764995
0.2590263253277627,0.39724171686068416,0.22898537908643699
0.7101472460253474,0.8687009611811471,0.6330447034145914
0.7616010994554597,0.21117467569633533,0.6843306965468412
0.6717899996256703,0.5718668179496069,0.5951277584827916
0.8158063253058652,0.7893433795992619,0.7364162889263153
0.5559855501181825,0.39602581590103497,0.48177007196300575
0.9134027872584687,0.8278184606444683,0.8216208519760784
0.2926631013016382,0.26672135136691905,0.24501499207010402
0.7659422186211375,0.7131561605914338,0.659452703141433
0.6633165245130084,0.5851365223976583,0.6333773213065688
0.8263125374376701,0.7693568189922968,0.6957711660094609
0.53102447327066,0.45663078094464704,0.5574562050160841
0.921438683615629,0.8360695740740652,0.7993103233031061
0.2678409130236055,0.25076475579992413,0.3021314081128683
0.7255779858368616,0.6798876142134737,0.7519853748011025
0.7367239175314031,0.6181746698759908,0.4755429262464297
0.7176586114137664,0.7746239085931684,0.7876373487100474
0.749711496846495,0.41586977072896686,0.39612300054349364
0.6942834228679268,0.8523513225295997,0.7710684095510413
0.7853396209152728,0.21281903057735668,0.44252552665833444
0.6237508127229352,0.5955812617938951,0.7786985361399701
0.8683372244965282,0.7249554579643713,0.44677137063340194
0.42301244948571864,0.624157521061948,0.7642808876344752
0.9030697931435007,0.6959182939745985,0.5408587460944667
0.3238785448644458,0.6493511651400724,0.7284164154852738
0.8102305622514595,0.6714849681605174,0.6415451215480162
0.5689008935070303,0.6615260213205664,0.6475499344487491
0.9074348674335515,0.6750288692724853,0.7016552481409868
0.31078826655779584,0.6397442832934317,0.5240442237052243
0.7925360037328463,0.7370806848607787,0.8627026577858679
0.6083639401240598,0.4781840043804603,0.16713286244592498
0.88155184897892,0.9112328510556001,0.477150981011264
0.3863472902008394,0.1318366500395921,0.7598045392512247
0.8772073277546387,0.39257469242371335,0.5614865872213836
0.39854413798635707,0.8132078867328999,0.7189201069831291
0.8869148198333542,0.34033249804999893,0.6371066730141424
0.37109861211529527,0.7619025295230646,0.6340468079553877
0.8635223991451685,0.4924859590843148,0.7690394500109827
0.4360504216830409,0.7932901256899306,0.3951050041722653
0.9098686703024076,0.4944746508449115,0.820154706771756
0.3034283904867842,0.7826663136452702,0.25021035608556297
0.7820305286335202,0.5646445875787892,0.6675227274582604
0.6306974893991796,0.7784384341237288,0.616793164548368
0.8617972151795801,0.4598901030866036,0.7236528468352814
0.44068026782671244,0.8057984085890788,0.4944665799974357
0.911980326687091,0.43214596658561494,0.8427254323367885
0.2970071785643521,0.7819240793553455,0.18562650823395868
0.7725374834487022,0.5865027803311282,0.5402968623594273
0.6501762844271589,0.7899610320098459,0.7569994945834729
0.8415542093039164,0.3879873868928308,0.48742543891527484
0.49336067179507276,0.8219270306886041,0.7653338232019353
0.924836901487653,0.3016326678114606,0.5170701759610049
0.2572003463971698,0.7338724150987744,0.7376337940697161
0.706878814378279,0.5217163236982095,0.6440444023480425
0.766644277797319,0.8088139657008582,0.6707099643506657
0.6619330677364008,0.36752443830243564,0.6159137795331547
0.8279774218218694,0.7881165062437567,0.7169405850383408
0.5269939998677944,0.4052048783510803,0.5174805842553843
0.9223038986932088,0.8271582220888218,0.8197796113473491
0.26513984344950914,0.26918216304969916,0.2471621479735773
0.720910615400792,0.7170007601840939,0.6659786232793696
0.7444344500120004,0.5759994612375403,0.6354736557442997
0.7039316586951242,0.7767540362145148,0.6724990330248537
0.7711239507528649,0.4465326936983602,0.6299506470972035
0.6530196723141851,0.8216764905147443,0.6728717123591794
0.8383644255739799,0.3327084631302695,0.6430697943198286
0.5013852073721652,0.753629282413407,0.6382047108186407
0.9249929004419836,0.5094529639484565,0.7309514229041547
0.25670982792346775,0.7957080772060416,0.4611306070600687
0.705996601032594,0.4676943115500508,0.8770290099725763
0.7679919813431678,0.77698238301505,0.15352694735840036
0.659267102362324,0.6072861775411471,0.4362749107142077
0.8311457633889033,0.7955134865366491,0.7998448218553512
0.5192671885414475,0.3603843884903509,0.32963121401885076
0.9236264691491208,0.8238007008695277,0.7535583840558817
0.2610002741541213,0.30036597114746433,0.4124317148295879
0.7136527848687008,0.7448006610783955,0.858416362752055
0.75610420381604,0.4627349355651974,0.2070757934491587
0.6823193561146832,0.9014222890211693,0.548178571111423
0.8020107138279311,0.13823519846963314,0.7717520901920157
0.587521256312631,0.40762382190974533,0.407699603590488
0.8966581098657973,0.8462686774643768,0.8024950956603886
0.34285067234746425,0.22011986605626335,0.30178229335668744
0.833625128627917,0.6223303669606137,0.7424537308038444
0.5131688121276216,0.703612762289911,0.4637529861831322
0.9243583548324456,0.6577671588120975,0.8299190652243243
0.25870395073043106,0.6325565969787167,0.21823363798367484
0.7095720014455218,0.82336261874256,0.6120775463867765
0.7624944319774374,0.34816570291721044,0.7095464439250104
0.6700576907691171,0.7590412941864148,0.5502457856698982
0.8179974126980186,0.5242892485753393,0.7731297748028183
0.5508472884142545,0.7806324710127431,0.39952120696471893
0.9154338470653951,0.5225559824802606,0.804412855790442
0.28643445923605004,0.774936540462513,0.2907233631317263
0.756242111253346,0.5691525542531777,0.7337669603289407
0.6820579275555834,0.759873617749065,0.5047510006230278
0.8023631707524139,0.5363015690141363,0.7922082635676378
0.5867330979984224,0.7700736873143675,0.3581098165134058
0.8971662679329055,0.5589791901828121,0.7710599412615005
0.34135813578011553,0.759448515754431,0.37997102272346206
0.831881207992307,0.5751274761084596,0.8245236459769498
0.5174629959917979,0.7339826782199178,0.26386368925738707
0.9238716619526647,0.6605844108572201,0.667955592955159
0.2602314125158981,0.6710273848804098,0.5782201204080769
0.7122907904867507,0.6792330009741927,0.8470511840080843
0.7582506950156891,0.5934314614705256,0.24060766654840024
0.6782343405384801,0.8548890607079487,0.6067257243745358
0.8074603234554086,0.26144991850239846,0.72302689687148
0.5752321531525733,0.6542806562692671,0.5114372793654648
0.9040584555885027,0.7211770634887278,0.8118353147787085
0.3209260285295058,0.5258942675575597,0.2746838672711152
0.8063502971446032,0.884683592035577,0.7058841409856326
0.5777531331258293,0.13583641162708282,0.5446396454916913
0.9026314660697332,0.41412209178532766,0.796720258984453
0.325185239362988,0.7851466587615855,0.31482245685266325
0.8119272580146696,0.53878070768866,0.7614882659563775
0.5649951271175642,0.775205019636775,0.42833162685838866
0.9093698437685952,0.5258931744062865,0.814090643977262
0.30494042474764094,0.7712157892961818,0.26688729791049837
0.7842215197787663,0.5846196642613094,0.6952956110294253
0.6261070724701989,0.7553399622757926,0.5700114901322327
0.8661589232100853,0.5263287008723884,0.76901072530358
0.4289322789284343,0.7804787357468207,0.3943614136721255
0.9063127023802683,0.5245174668127505,0.8208248834174419
0.314166955172441,0.7705130232249087,0.24953597904187555
0.7972244939654383,0.5914815334784446,0.6652777365477921
0.59813312069186,0.755965869421651,0.6162314809157815
0.8893685953061244,0.5109999836586091,0.7323083198806534
0.3640507588605412,0.7948588055621181,0.46872537287963034
0.8566158741843396,0.4673321204682739,0.8581055283607447
0.45445293763503525,0.7805579100035341,0.1589220747461336
0.9173242209067116,0.5978466865213095,0.4683479164354327
0.28060983018504276,0.7968102780490731,0.7544223466314346
0.7469114275376877,0.3715432385176215,0.604522352038122
0.6994285637198144,0.7927832154503429,0.7087494287031447
0.777844517498812,0.3962169370627606,0.5696082367979002
0.6393689691546538,0.8140105343391263,0.7347488016898167
0.8531322746160458,0.3330448068775091,0.5370917268217116
0.4636011075106413,0.7680858978161141,0.7415979235088
0.9200979463145281,0.44548685350351497,0.5753430018186894
0.27201554735856875,0.8312439403010293,0.6971344015663256
0.7326854306090119,0.29845326986138876,0.7095809047851817
0.7246727144145051,0.7067416043505036,0.5586423046700745
0.7382320341711874,0.6255085926713552,0.7552740838582787
0.7150083422102352,0.6964837304560435,0.46455971933698675
0.7539542272860235,0.6696465485203956,0.7924619998919634
0.6863768266411675,0.6239440063894529,0.37282141055056583
0.7964756104173225,0.7938833249722214,0.767472865083594
0.5997781859824013,0.3748176311429587,0.41935538369310654
0.888163960327627,0.8228923191041851,0.8051986940764938
0.36751633764025776,0.2858625517128027,0.2974365921458455
0.8600578930686743,0.7376582859697325,0.7336360819602066
0.44532576046410427,0.5150309839378044,0.47455295291543426
0.9139396918653346,0.8463821930843857,0.8430588439411736
0.29101954654419787,0.2060532451734671,0.18399356606635653
0.763410529271607,0.603225265584267,0.5371022637451832
0.6682751043547519,0.7751249161028776,0.7608673205574608
0.8202289102412703,0.4229708532338644,0.4734599815441731
0.5455777466690473,0.8424675009269273,0.7720415081218239
0.9173138753317169,0.24149856887380994,0.4862120479003184
0.28064177898580983,0.6454412927047374,0.7508891764850919
0.7469632922319119,0.6711790665232837,0.6115508408522061
0.6993337894729084,0.6700533597584557,0.7009874330671536
0.77798434938517,0.6478098174057348,0.5836373933306686
0.6390813955385437,0.7111811214987871,0.7223535024541993
0.8534285520356893,0.5709319086295231,0.5614221084321895
0.4628265568420375,0.7977680328326933,0.7243121846641261
0.9198870999579924,0.37871002810824383,0.6087322771749575
0.2726708461688075,0.7971782403561892,0.6620335382287769
0.7337893865280579,0.40006616084946117,0.7601249948349281
0.7227673341632872,0.7856098856764269,0.4551774904132923
0.7413864448701948,0.49361725982830795,0.7909313380729199
0.7094105616618352,0.7886790612487077,0.3805810091326902
0.7627447016585565,0.509928921270273,0.7689541942086083
0.6695713204763178,0.7877825613510858,0.42630245109316894
0.8186085989060963,0.4976114713717791,0.7956194991403684
0.549407674601449,0.7866146789914237,0.34438551024668473
0.9159678622547661,0.5261211784367138,0.7642337488127674
0.2847917290134398,0.7815890214495601,0.3902661354114765
0.7536359803662086,0.5232637241840562,0.8407477147486885
0.6869745210155873,0.7669811486107398,0.24462740970588173
0.7956499554166693,0.6005157858917775,0.6201784862264846
0.6015870842898494,0.7578382718334022,0.6788945350211236
0.8868162379303021,0.48790652421368635,0.6475822191177542
0.37138083287175755,0.8180633309791423,0.6192619266696132
0.8637913064347778,0.3599608223068287,0.7850961213541005
0.43532677584116747,0.7578289903546475,0.3563754681739804
0.9095242840845353,0.5856928558562368,0.7912079037312288
0.3044724847566805,0.7318805295557163,0.3266872784313349
0.7835452658962617,0.6461163443140145,0.7784743310570056
0.6275277040949276,0.6631030570639452,0.39753366393696365
0.8648257333466235,0.7389998295578022,0.7911570629302759
0.432538081865964,0.4952169540981007,0.34096134584921844
0.9081608915262035,0.8773735872811276,0.7769174415179546
0.3085973405255787,0.13402834677897338,0.3625118232368378
0.7894505812006394,0.4192900072236615,0.8149327708272835
0.6150079358576648,0.7836994239628559,0.3037008816480463
0.8760607463521093,0.5455612448652492,0.7119445798831868
0.4017397656964496,0.7817896253022675,0.5134130416107575
0.889276227512062,0.4842952189617206,0.84682736195398
0.36431686916771605,0.7800219231704884,0.18129872860318885
0.8568833256279325,0.5920347980345768,0.5257376644738884
0.45374687998836444,0.7884798758913895,0.7473374348371389
0.9170844008900003,0.39472177420975196,0.5667851874385009
0.28135022937664933,0.8136153698468368,0.7054918864862064
0.7481114278835177,0.34361999436927715,0.6935197530341214
0.6972306616083275,0.7572383092581476,0.5831543702073666
0.7810702446497033,0.518236817772106,0.7416402617175606
0.6326982150184571,0.7900047261794555,0.48107988390677386
0.8598473798043867,0.47506948545724254,0.8069169951184691
0.44588649401729463,0.7893139578296599,0.30205309857081464
0.9141653953399611,0.533238409099608,0.7303667712267337
0.29032799362070666,0.7850400407875282,0.4655134693935363
0.7623393040412618,0.4917045368589131,0.8715150900200578
0.6703589313540416,0.7733287109194723,0.1507966380661453
0.8176179876792633,0.6159554037845634,0.43593693543410567
0.5517396114395287,0.7867683371433727,0.7721608844194655
0.9150951466499204,0.3911429266527106,0.484041146594934
0.28747527114241983,0.824475811781163,0.751875090181389
0.7578829866088445,0.29906326167651653,0.6075410547135053
0.6789365513054993,0.7197030510154526,0.7027998965566142
0.8065323292455092,0.5602186603135593,0.5861419760682469
0.5773403451710942,0.7999455659165535,0.7132989817569387
0.9028683427326193,0.3766833022491517,0.5960266729639091
0.32447926416832945,0.7977121918107736,0.6804439806783301
0.8110121437845029,0.39284958050996793,0.720560702930176
0.5671043517487004,0.7883722291885215,0.5152796797572534
0.9083389221126308,0.4681678331818365,0.8122445572546326
0.308059501345211,0.7890630659749405,0.27219507339786364
0.7886877264117585,0.543241184237615,0.7034093739149307
0.6166397674910759,0.7850837794302998,0.5541754750252794
0.8746621091666229,0.46375929174751124,0.7823912121819835
0.40562472463282495,0.7948989120546557,0.35961817707428095
0.8920452373776685,0.5019268686241763,0.7983417412869483
0.3563119678431041,0.7847022974117612,0.31402822486391563
0.8486088728350517,0.5400431271860571,0.7565851298283539
0.4753458589884966,0.7755035115103203,0.42827240299063607
0.9227510413246441,0.5252390402890446,0.8294301594851551
0.26374176111803727,0.7683324650132798,0.22014684713190025
0.7184735648734557,0.6051728735825087,0.6154330648599362
0.7483964153704907,0.7542108014402717,0.7035628168174293
0.6967071170750353,0.48847069229535883,0.5652337521091442
0.781833347340505,0.8340574948607765,0.7566488030568504
0.6311088680093313,0.27073768861455294,0.4483394712468385
0.8613987194984536,0.6977656790815887,0.8068916194674732
0.4417465725160487,0.5719509112293788,0.3016190629970236
0.9124441912895765,0.8564266717208108,0.7303037393480397
0.29559221956450255,0.2146082643191342,0.4661473360913235
0.7704045994005039,0.5971092579489186,0.8706210590964588
0.6544610047052963,0.701411456017192,0.15072872635655538
0.8367246526940927,0.7493692057884839,0.43673719848014364
0.5054810805917578,0.5790297339673695,0.7689403704644008
0.9248888436955226,0.7432955230846877,0.505462483191043
0.25703704086140244,0.5709683499921956,0.7428903553078693
0.7065853018004798,0.7562952525135761,0.6341557686649869
0.7670932983960171,0.5048585716992576,0.6838142365338664
0.6610463288221639,0.8068189788767006,0.594490127107428
0.8290370958997427,0.39730042475796395,0.7395922046525515
0.5244179812308951,0.7875954547640431,0.4711957913492993
0.9227939201126484,0.48390720420019717,0.8280721630725483
0.2636076141283842,0.7837370287468686,0.2239554166397146
0.7182389676371228,0.5704758072740663,0.6229191821298915
0.7487754861173266,0.7840812177098591,0.6948321216342755
0.6960098027762252,0.422023990980177,0.5806811492330358
0.7828465816978138,0.8239920743910343,0.7441209451679615
0.6289919015208891,0.30295022858347703,0.4752934512469262
0.8634360305654933,0.7406317411903566,0.8081469689171166
0.4362827312411518,0.48670854150709836,0.29765577305342816
0.9099784057490771,0.8863835714860763,0.7257465179606081
0.30309551523194705,0.12335932465840764,0.4762577920619232
0.7815459083494422,0.38527567450688116,0.8701624237841823
0.6317080355192438,0.7611479182481655,0.148256028904592
0.860816075504748,0.642072763816387,0.43228557521940036
0.44330351073220225,0.7576784289587155,0.7640955458940024
0.9131063799874141,0.46243942188768383,0.53505268340503
0.2935695396106689,0.8406954057963528,0.7300052633777095
0.7673299205867606,0.2607578725222782,0.647480069571744
0.6605784401685822,0.6611107026061067,0.6503562880279039
0.8295938888461927,0.674900829882827,0.6740573734200276
0.5230611132104014,0.6473999126058817,0.5936214433318221
0.9230322847127391,0.709148756373483,0.7731941771064119
0.2628616385356641,0.5603268196819761,0.36688430760551255
0.7169319708314368,0.8490133039375521,0.8255064661705276
0.7508799241153982,0.2042107287838635,0.29911661949967927
0.6921192756006528,0.5898497834425954,0.6900423610515702
0.7884336805879175,0.7516755871569103,0.6046114641162033
0.6171822440392767,0.5237838566579299,0.6986115458692123
0.8741927902231019,0.7964931805337019,0.6107905916759601
0.40692509625668366,0.41811076452907775,0.6707591620097667
0.892947130484738,0.8074712483537592,0.712350173327416
0.3536924447820984,0.3575632973385698,0.5078191251934682
0.8457981673587944,0.7956795577357648,0.8579278488073834
0.4825674215698071,0.34147394421524807,0.16316855588005924
0.9238755892743182,0.8277195466897985,0.4764498993807962
0.260219093824193,0.38128085925754746,0.7518646884502214
0.7122689330239828,0.7770551482657093,0.615758925645397
0.7582850302695817,0.46345742411225344,0.7047171394285588
0.6781687196129728,0.8093097836905794,0.5603475383447483
0.8075468572004534,0.40195989213648997,0.7644483405234967
0.5750352433166585,0.7857561298051233,0.422918377770311
0.9041679353635167,0.5034138984777501,0.8106201465680203
0.320598636088771,0.7817249659559892,0.2779015655967578
0.8059160573191259,0.558088307883729,0.710862956661637
0.578736853734989,0.7735556074334281,0.5354385977186497
0.9020618790964854,0.4964558941651112,0.8013768537804706
0.3268811078963918,0.7858132156035587,0.3029632060257752
0.8141104420282312,0.5409858494177457,0.7459634073967158
0.5599381317726678,0.7772279463235449,0.46202880853203515
0.9117074553305287,0.5108461558388612,0.8211534425109999
0.2978387935334646,0.7767620924310655,0.24686024866855918
0.773784132419981,0.5787616997326767,0.6622135671666596
0.6476563206896417,0.7682455879089644,0.6271506018739736
0.8443311605534713,0.48028519812702136,0.707386514397084
0.4863133919260281,0.807631905611438,0.5310985104996626
0.9243069040098891,0.41569782741563294,0.823090196203112
0.2588655094753083,0.7812733606452639,0.2373641570475006
0.7098603826737703,0.5717679040458947,0.6488252226893526
0.7620468932008692,0.777139635779007,0.663375789153585
0.6709262753259573,0.4484576445524844,0.6284976839889436
0.8169015710918217,0.8222161611614558,0.6999064001113797
0.5534215586862798,0.32235835654973155,0.5526373888962905
0.9144407071498549,0.7544573156354302,0.7973564376189517
0.2894839309513745,0.45962201467188035,0.3094203604377218
0.761027043287563,0.8819505933992292,0.7590584827592801
0.6729000658884452,0.1257691213657657,0.4492803602122549
0.8143905986983537,0.39301348456141716,0.7995020538843769
0.5592866403653357,0.7760476519996478,0.3358677108254435
0.911994848814508,0.5526955433128866,0.7546468715012863
0.29696290483614957,0.7676676342610381,0.4134828677114767
0.7724709705534746,0.5472112960657792,0.8530393738542883
0.6503104097608962,0.7498576209751453,0.2027718446752678
0.8414050886547927,0.6481990145100462,0.5486123195384972
0.4937374921302686,0.7197360709822194,0.7365669747440434
0.9248548896821718,0.5504331752661277,0.576345874874437
0.2571437940386537,0.8084895944836691,0.6951027432792145
0.7067771939364226,0.3604798289449202,0.7169013581201235
0.7667998106507825,0.7680475890857084,0.5523123270572624
0.6616260858358143,0.5037279916571233,0.7504147289057762
0.8283449309963579,0.7937455041349601,0.49813038045922464
0.5261015432692888,0.4606818278808642,0.7649374865732402
0.9224792249241573,0.7981993076581122,0.5079123200584204
0.2645918266776879,0.44670560871953846,0.7423516847768415
0.7199570701522934,0.8016186312105247,0.632940183170329
0.7459898829730707,0.3981683836308313,0.6819801926961523
0.7011092166571116,0.7971854364132606,0.6033054095587873
0.775353807009583,0.418774971447149,0.7211069383236117
0.6444670395717186,0.7992688151015799,0.524490401233495
0.8477783155663191,0.43877277783267327,0.7925621088537181
0.477485899920859,0.7917277678215763,0.3428287865123246
0.9231245266012179,0.5147319298852039,0.7726272552423739
0.2625728494574323,0.7851012602450951,0.36821622478638966
0.7164248882853765,0.522116477068175,0.8267214627730206
0.7516929906034504,0.7704930971872319,0.29598794639594894
0.6906073623800384,0.5772079031144608,0.686173359137861
0.7905746836041415,0.7640413177330169,0.6115123174161894
0.6125955070189064,0.49457837923923503,0.6903633486552964
0.8780923316568751,0.808313376361431,0.6260284849794159
0.3960708983463903,0.3832731388391459,0.6510302491988321
0.8850353447690525,0.793687931923894,0.7420046391758696
0.37646679813073425,0.38339711584959374,0.4494534345152678
0.8685363277329309,0.824678580600771,0.8528138481895055
0.4224696080221655,0.2652079114138382,0.17066336213712982
0.9027594417831245,0.7185142024882745,0.49767901625326505
0.32480387860182,0.6214750571319072,0.7502661881281555
0.8114333804740264,0.70271291481791,0.599528879341735
0.5661342232481253,0.621151577819683,0.6985585899959319
0.9088171787068583,0.7159539676748223,0.625145919284177
0.3066135032584095,0.5896852004211046,0.6444818756002675
0.7866261526486549,0.762579245447666,0.7733022156919279
0.621028159885971,0.4484954006131644,0.4088180451943558
0.8708030827040785,0.8616314990118327,0.7975163588242038
0.41626877327146383,0.17579556443081631,0.3229286588745745
0.8990596021809775,0.5249820390153724,0.7595921066920335
0.33578030545649196,0.7831320082102116,0.40614897898773367
0.8252180001189366,0.5147537789846267,0.8426834560902956
0.5336630338749655,0.770667394897321,0.21499411944261992
0.9208071605562318,0.6017984466836666,0.58193676511868
0.26980893441102644,0.7657446917089407,0.6906846673365328
0.7289446712951477,0.46650024130872375,0.72019725278781
0.73106204869656,0.8063690792274701,0.5396354120162575
0.7274582197129498,0.41614346784628536,0.7663532189620748
0.7335722056545572,0.7908541955636619,0.4430922020895971
0.7231428915589614,0.48505797275135704,0.7879367398395178
0.7407668248028108,0.7912780623328809,0.393667512958958
0.7105159434751787,0.4996936149825896,0.7712931227417092
0.7610272389081948,0.7908355456790698,0.4370017302570561
0.6728996880274675,0.48702890997271364,0.782208042924698
0.8143910821560165,0.7919808459058431,0.4231950490693938
0.5592855156048447,0.4886794124810721,0.7701972085967987
0.9119953422660306,0.7939637636906371,0.4861116455243835
0.29696140041905617,0.46397044264548193,0.7519498400132445
0.7724687101967739,0.8005400723207879,0.6045391235822706
0.6503149672657137,0.40999089594787214,0.702551223680387
0.8414000192788573,0.7991599630312332,0.5946277362302702
0.4937502992946646,0.41662146456114,0.696561685022519
0.9248554825920469,0.8026404952016044,0.648701218626896
0.2571419299724722,0.39051545496777207,0.6077612135489282
0.7067738439432663,0.8047535893002152,0.8242892210128466
0.7668049366054255,0.32859356058401623,0.30575735971925777
0.661615965471007,0.7937550071490895,0.6958611425775032
0.8283570349080347,0.3978789175483371,0.603137759048965
0.5260721332176937,0.8095891360002717,0.6905835195983394
0.9224849023170717,0.3590686967838293,0.6495631719259024
0.26457407706229746,0.7766279095360512,0.6071019026037491
0.7199261487930446,0.4671461461385963,0.8230791885205437
0.7460402095851207,0.7871206514490923,0.30468330501773416
0.7010175964890465,0.537454336500788,0.6971647671266739
0.7754901258365374,0.7898196217810229,0.5898990153632555
0.6441892050963045,0.44113181133878254,0.7169512367146276
0.8480750505946747,0.8053925483775631,0.5701667395945332
0.4767219088680041,0.4087765621139634,0.7182673839837695
0.9229950827510268,0.7960995661959641,0.6158112592624919
0.2629780918832722,0.4174898467335798,0.6527501326074945
0.7171362757690102,0.8102594208910072,0.7745391230569526
0.7505517996571083,0.3301027182866422,0.4274371232107809
0.6927280440477619,0.7794507111516367,0.7820873387264667
0.7875668338388387,0.40597018119805806,0.417277915016215
0.6190296694808511,0.8438177698979272,0.7730905522160029
0.8725781697981335,0.23722469108710637,0.46114177147331753
0.41138637734253075,0.6402300522432244,0.7634300444539949
0.8959462157542227,0.6751599697549892,0.5462232673088041
0.34493839865066883,0.6815105294284567,0.7262972158396995
0.8360368292118302,0.6224721666952221,0.6392860813534318
0.5071932228290592,0.7291270316159483,0.6440430382876916
0.9248085529177266,0.5587173612913784,0.7221542579176629
0.2572894654614044,0.7705755376340198,0.479266873063992
0.70703890676876,0.5205374291281666,0.8790767842709367
0.7663990970107877,0.7603687012219051,0.14682234944502923
0.6624166281137968,0.6440911193596428,0.4209780289780429
0.8273971039749352,0.7580594084718564,0.7952254259301436
0.5284012043426541,0.4521409452298542,0.342585160361105
0.9220154748899813,0.8743832398222445,0.7654115494027431
0.26604087412751926,0.14747936507230125,0.38566244184678444
0.7224735714576435,0.4525054825493318,0.8403273635406546
0.7418703870106591,0.7843722480144957,0.25629377791441676
0.7085452487830617,0.558908674139765,0.6330043659344764
0.7640828530770406,0.7903658711042906,0.6847877053728854
0.6669629128295539,0.4098062256824403,0.5936812171986906
0.8218565272360421,0.8169323104695536,0.7389673043383055
0.5417109907395532,0.3238392750762072,0.47463797314731165
0.9185627150306422,0.7662142013394777,0.824760532778898
0.27677943826885615,0.42433410307179326,0.2346161087230972
0.7406385490356007,0.883536013894465,0.6420308058202305
0.710744428256751,0.1620595408649279,0.6647522649532269
0.7606711080473201,0.47021803144190344,0.6400393038425234
0.6735871216887149,0.8212640612391701,0.6623032927919102
0.813509791380161,0.3372935863699701,0.6535588376032565
0.5613329596224413,0.7567541531070141,0.6296106167721304
0.9110815918366223,0.5052280327464624,0.7261395710652421
0.299744121956354,0.7981502570107544,0.47513356864148026
0.7766210582431831,0.4572910916736579,0.8707323796625785
0.6418789235047598,0.7788338236047815,0.1482222690753022
0.8505203729409828,0.6049352148897664,0.43160273204935673
0.4704012321672628,0.7989402339717105,0.7657623804512368
0.9217584778882999,0.36247995385713133,0.5231715016245991
0.2668432094185744,0.7976578628082027,0.7351075564215451
0.7238602707213463,0.375545502602205,0.6459115214688346
0.7395803430124925,0.7894242083461798,0.6637806842808703
0.7126246591954606,0.4187612959340828,0.633846642871937
0.7577257909174526,0.8138808551581813,0.6826785842903929
0.679236441775102,0.3503422851401616,0.5989448815214292
0.8061349023772617,0.7764034211013918,0.7308507907074322
0.5782412597219185,0.4292383207890652,0.49608770191097024
0.9023497295253712,0.8408967855218918,0.8151997103218044
0.3260243720581844,0.23152433613958695,0.2661767152733319
0.8130101792643285,0.6478901367978162,0.69190317947163
0.5624911224045778,0.6830148598758623,0.5679944601259718
0.9105509805962795,0.6632115581869751,0.7850047860605647
0.3013572016263033,0.6360586129574151,0.34191810046387916
0.7790018430207875,0.7880328624251586,0.7958218277288023
0.6369844948867144,0.38054662406256157,0.3564820718030263
0.8555704181943373,0.8367995483082356,0.7625482669666518
0.457207807508885,0.2609797047560441,0.41260898008283464
0.9182246645686725,0.685972920263756,0.826130432995896
0.277826080801759,0.5875839534136148,0.23090752341589166
0.7423633736239459,0.861732790982127,0.6349711163471807
0.7076619819647927,0.23151451345574428,0.6736802876033218
0.7654430546118803,0.6101340488833727,0.6270916156222707
0.6642979436057629,0.7461064784412046,0.6779123542939343
0.825122887189595,0.5137335330562232,0.6321172492243126
0.533891900434357,0.814391123363905,0.6564377568526076
0.9207499546143062,0.3575392445702608,0.6987745684098771
0.26998706006061923,0.7683489148281558,0.5256591950872874
0.7292479756036384,0.5112420216159796,0.8707823009616186
0.7305478530220444,0.7664500704985336,0.1645697132251252
0.7283364436276256,0.6261826932190857,0.46335944422891845
0.7320911334925062,0.7687555016965719,0.7900131592903795
0.7256947112904056,0.4290416305167064,0.38577495516734017
0.7365290199934996,0.8597619527340276,0.7694818796893812
0.7179998839933843,0.19113115784962043,0.4331535075508193
0.7491613871418225,0.5512724923881002,0.7889756855146126
0.6952988316829827,0.761086640127,0.382926110242139
0.7838759554700694,0.5707556581279586,0.7725133493045997
0.6268334350520341,0.7497094012280922,0.4115178290371254
0.8654791350857354,0.58589139838596,0.7976945144245127
0.4307725067228363,0.7301687420264953,0.3241708876606743
0.907267950445873,0.6500647040351728,0.7591353761510868
0.3112914211965863,0.6624817643506057,0.4047020686639478
0.7932395674581845,0.7379636800443509,0.8458239790867775
0.6068390574846666,0.48127607427280034,0.21673306589092506
0.882766038444416,0.9019514115614325,0.578897784058051
0.38291359131020103,0.12542946777907982,0.7024309981762419
0.8742758597304638,0.3794121254596548,0.6699725399721081
0.4066950490451819,0.7883550917061541,0.588230401286233
0.8927884886710802,0.4452042965292295,0.8053491174342087
0.3541536517197081,0.790232333815629,0.29555176075092726
0.8462967179652241,0.5331706042373786,0.7326391188439363
0.48129075756810186,0.7845922509621279,0.4806579975344601
0.9237048677162106,0.4879991915255242,0.836073798713307
0.2607544847722775,0.7812542715216176,0.20092819970789014
0.7132178587406599,0.583196605641816,0.5763113650881144
0.7567911354419777,0.7843949350157151,0.7439226379667847
0.6810157572061536,0.40586012943752897,0.4834688745296989
0.8037631938794065,0.833012152434163,0.7972834367639688
0.5835933115634737,0.2601502692282621,0.3449050839757656
0.8991449855688525,0.6916537029503833,0.7600037892741827
0.33552813783239016,0.595892509746511,0.40517923151892377
0.8249113242539393,0.8136641807848779,0.842173948120567
0.5344007360747405,0.29900516456748943,0.21656366920808853
0.9206213806228095,0.7663906055489895,0.5848567948677118
0.27038732040295793,0.49746474986917455,0.6878408186538806
0.7299286642625846,0.8081050797550218,0.7243495015446367
0.7293913945965675,0.3520291574676978,0.5312729746541255
0.7303044759146549,0.787426069432721,0.7713594695715948
0.7287514389826016,0.3897646203297383,0.43074331311170455
0.7313892829045395,0.8319106472828204,0.7865951384101593
0.7268982991006149,0.2668267696950049,0.39432830141234004
0.7345134989014173,0.6973953861032564,0.7738059620439215
0.7215126496821554,0.581853049573204,0.4237643280943706
0.7434489403139256,0.821046869240822,0.7860792857825827
0.705710669802099,0.29722809667077904,0.3917862243484783
0.7684275452194157,0.7429998892265547,0.7758428894627009
0.6584026159796708,0.4912145111284358,0.408476186427965
0.8321618616279486,0.8644484693108588,0.791262300679312
0.5167734414154656,0.16932805010190607,0.351035208927414
0.9239590111534032,0.5079038696833218,0.7748890374068402
0.2599574003887655,0.7873362027607824,0.36251570015995727
0.7118043363759581,0.5187465929617521,0.8219893547411966
0.759014015441658,0.7731099057646638,0.3102827873481902
0.6767734372777177,0.5671004234358956,0.7019038569728641
0.8093792619301772,0.768760685600215,0.588341622678065
0.5708525474638938,0.491044319163302,0.7104916153233058
0.9064256911161437,0.8051436794441724,0.6029446217247195
0.31382718312283037,0.3988513054095226,0.6719671478909542
0.7967568243472735,0.7991206095309397,0.7356369333025724
0.5991609326522896,0.37164648059182276,0.4889983779288938
0.8886183049114539,0.8100321034609674,0.81235425756578
0.3662105084246684,0.31845354722849445,0.27830837680529064
0.8587713761928529,0.784963231210576,0.7064047251762136
0.4487474686113398,0.41624802267664923,0.5288611094652618
0.9152807586971413,0.8304306353587437,0.8319713416130069
0.2869049983869287,0.2559251539916735,0.2154425611469635
0.756984925063843,0.6977609666287653,0.6040560589921113
0.6806473686727449,0.628571772446934,0.7068165598835513
0.8042561543089696,0.7047999763305082,0.5784469746278882
0.582484312490931,0.6233795798367123,0.7210195727644876
0.8998264513137242,0.7076713203462269,0.5802862601989217
0.33351359267053426,0.6177177362538769,0.6971585425902049
0.8224444218457507,0.7203599019838235,0.6923933137113023
0.5403095008360705,0.5619399695594979,0.5645214963277039
0.9189880333266832,0.803606926861432,0.7925070214664576
0.27546140333744135,0.3418246595607351,0.3203936820792763
0.7384549488525926,0.806619138617904,0.7746962051798081
0.7146151782605177,0.33966826620447277,0.42046492224956256
0.7545792034627631,0.7907028823659713,0.7862796714886363
0.685200887907781,0.376873692179226,0.3877993775712302
0.7980923351372273,0.8292343152787327,0.7768808044781829
0.5962215510100095,0.2775795253484658,0.39680466866712094
0.890743228548544,0.713942180049002,0.7957512937585925
0.36008299857080306,0.5447364854152984,0.32109193012355774
0.8525659610309299,0.8674706893744675,0.7646819794167692
0.4650797995526462,0.16923312392871184,0.4086129024861214
0.9204881445226516,0.5037822393773536,0.8229169993645704
0.27080196516882155,0.779117538330175,0.23910141812304447
0.7306325650692459,0.5759978079110702,0.6508871259445389
0.7281918937394464,0.7732041563718149,0.6550833076742494
0.7323353006369394,0.46025361369219275,0.6497203620236636
0.7252751398883891,0.8194139918469624,0.6562865224262554
0.737229111988587,0.3442362291961655,0.6487419054735893
0.7167726891728939,0.7639601214200831,0.6563895779158079
0.7511355245463822,0.481046520596228,0.6508245065367437
0.6916445087500098,0.8184113482825921,0.6498343589659187
0.7891078143840795,0.3490290006641172,0.6667030069382286
0.6157416851496245,0.7657658491184394,0.6161813787579131
0.8754342905792832,0.4892727181258918,0.7280235962895798
0.4034816457917523,0.8020841845746273,0.48164476285372154
0.8905315670134457,0.44552879097768916,0.8510127485605314
0.36069485211428337,0.7821240419361988,0.1685175006848781
0.853198080358393,0.5914141388457225,0.4969306338545365
0.463429129315241,0.7958555395733229,0.7603728486978621
0.9200515142442269,0.3720759313693439,0.5368546734479719
0.2721598839101886,0.8032416544203657,0.7273736648336028
0.7329288615506707,0.36370547594313096,0.6584957526571309
0.7242533381898214,0.7789825698011047,0.6434980216371193
0.7389286291496698,0.45028828630158524,0.6669767060490943
0.7137785076388402,0.8155259388820414,0.6291425870193712
0.7559053737853283,0.363443143966192,0.6883311723088619
0.6826960267708283,0.7744437126236647,0.5899314018398942
0.8015019986679655,0.4775453856993943,0.7388163861813984
0.5886572157571219,0.8019667448811783,0.4809711252622628
0.8959176229485221,0.44603566216320556,0.8154021457829403
0.34502217260352996,0.7885126995047044,0.26772666866133216
0.8361329301572389,0.5459120447144212,0.6923539955675
0.5069542170764625,0.7858463239329516,0.5607997882399214
0.9248210637999578,0.4598623221551004,0.8025286679564023
0.25725013588192724,0.7912892158320997,0.2926540602682714
0.7069682628414317,0.531639639812995,0.7399543812414068
0.7665073112526801,0.7838603351791732,0.506559743718502
0.6622032562808081,0.48159127602345236,0.7745272286573267
0.8276533835120392,0.7945168068266828,0.4444836775416948
0.5277800630105164,0.47586233401039896,0.7713833612861213
0.9221445919667874,0.7959687555572112,0.4931776813174719
0.26563759085081984,0.4568598237674578,0.7479144035179432
0.7217747663578314,0.8012883202019428,0.6218933564001802
0.7430190261256383,0.4025454626975305,0.695181503149564
0.7064844858815016,0.7971630138039884,0.5816703193008911
0.7672473812339324,0.4257294354881073,0.7408110246829532
0.6607416977273393,0.7979950549373245,0.48692325998417463
0.829399794463411,0.4539070790998326,0.800671675212528
0.5235343690076114,0.791596956624652,0.3280683735150202
0.9229506938590304,0.5197120218580545,0.7513329712611176
0.2631170290874095,0.7873405177812374,0.41763674885441043
0.7173798949390118,0.5013769798247735,0.8608096806433914
0.7501601307223257,0.7723567696884404,0.19870588929195582
0.693453663288859,0.6032176307097968,0.5326808205772338
0.7865300165924467,0.7761993512810198,0.7782711193978037
0.6212320334886694,0.4150011961714164,0.3970890463044764
0.870620338007948,0.8517732969731737,0.7919289541825348
0.41677009070303506,0.2074283951794061,0.3371844653333248
0.8993692941341502,0.5934623628698074,0.775175538136632
0.33486541754032506,0.7279658912266994,0.3694481037201187
0.8241031078007147,0.6409810209780269,0.8171109154404573
0.5363415494014978,0.6603690139841683,0.28656582445472917
0.9201133796122645,0.7720894495824667,0.6990597087612084
0.2719675686018171,0.44926186248485256,0.5253101878625823
0.7326044778533422,0.8408681911450826,0.8704700133102421
0.724812080465524,0.21301733406822448,0.16435323372976487
0.7380002553640223,0.6196787538608892,0.4632593599391201
0.7154167502526428,0.776030251252285,0.7882242559947131
0.7533038077291849,0.41231724851872054,0.39540408083579587
0.6875975696626158,0.850725589584985,0.770158300668301
0.7947864618697161,0.2179507500988763,0.4466703220796533
0.6034734850238374,0.6053534212845401,0.7774171071216753
0.8853849802189804,0.7147996398128732,0.4560476206948692
0.3754701429799797,0.6402019436989785,0.7613025752235787
0.8676215644291212,0.6757431532753784,0.5616634320471873
0.4249612258567363,0.6764361331499905,0.7209306284329983
0.9041659747877822,0.6322642890474738,0.6258785001565241
0.32060449984821476,0.7205850266730308,0.6446959062207441
0.8059238417435761,0.5752504031969209,0.7694377489421652
0.5787192312955503,0.7465475342491243,0.4118969832913215
0.9020721457096794,0.5922298335881427,0.8057757512048849
0.326850561684333,0.7219642508518554,0.29143728236724104
0.8140713064405855,0.6746035539856414,0.7300833494917383
0.5600290935416045,0.6327546750673572,0.49533338405388183
0.9116670793357213,0.7530122160257229,0.8189585459986383
0.2979617984274286,0.4563482982655708,0.2529004405850537
0.7739680908896878,0.8916330451002612,0.67272165674149
0.647283495144761,0.12530870546305498,0.6107560544206632
0.8447380166143896,0.38369909954403236,0.7262341932076094
0.48527608963287416,0.782409937694097,0.4942122413570727
0.9241978639149532,0.48885406281917054,0.8339436333078121
0.25920783732496605,0.7814597100370028,0.2068601673447985
0.710470797258836,0.5808888769892616,0.5888889126180251
0.761097560954551,0.783435812961348,0.7332520416166896
0.6727638355552629,0.41154808520713626,0.5043772283279607
0.8145648313596662,0.8323960651324371,0.7941980208457928
0.5588811774251596,0.2629236722481037,0.349254480486583
0.9121721256965996,0.6958134917949187,0.7673892305393221
0.296422313555362,0.5864798368825347,0.3840347314736196
0.77165766465284,0.8266388282635205,0.8344390647280396
0.6519478189708509,0.26578885450136003,0.2563593845866071
0.8395738831470055,0.710393639777553,0.6423248352764782
0.49835143817251626,0.5951550807089296,0.6389346830223733
0.9249899443024336,0.7586679409889812,0.730827805061918
0.2567191247947131,0.4703013375975603,0.4613895625267482
0.7060133383095937,0.8548691487627391,0.8770753410469088
0.7679664664225867,0.16906275374860175,0.15337802049598837
0.6593176996300729,0.5206442333807619,0.4359382457970823
0.8310861211629529,0.8526015295605456,0.7997647403723346
0.5194133273811006,0.20228851353689273,0.32985554323018973
0.9236055540639786,0.5832801567207887,0.7537766673437657
0.261065837894754,0.742918301512702,0.41194541298322196
0.713768724862537,0.5995281268151179,0.8581386199407872
0.7559208494013865,0.7017645987123828,0.2078556281295259
0.6826667197141897,0.732773867964539,0.5496552362745789
0.8015416171827733,0.579076516352133,0.7707352750906007
0.5885688164951519,0.7428374199912218,0.41022240873004245
0.8959755895551981,0.6002019302791425,0.8034390938310311
0.3448523301627292,0.714156908584658,0.29953521845942943
0.8359380420130413,0.6860711156997616,0.7391894342456212
0.5074388381352432,0.6112724928839419,0.47000627477236095
0.9247952556426313,0.7832769112970673,0.8312536251880202
0.2573312658989925,0.38123013515155024,0.21431248965138833
0.7071139763123138,0.8589973068328844,0.6043237230186377
0.7662840630195787,0.25019214912456883,0.7185833059283457
0.6626433517926045,0.6371994616288736,0.5320078046203737
0.8271244184353682,0.7382484085400802,0.7851762877160007
0.5290615749942918,0.4985764322983917,0.3676936917806821
0.9218750719777493,0.8716629760492411,0.7870685103204133
0.2664792674819448,0.14843247782114252,0.3332094779813777
0.7232318496916544,0.458009404999184,0.7909956619206828
0.7406199027479976,0.7934216849516937,0.3861667697776505
0.7107776308857134,0.49699880628467724,0.7673951058024888
0.760619324177362,0.7924081723081338,0.4458405593992643
0.6736870011017401,0.4804853205750727,0.7834423505845433
0.8133814548986513,0.7929874705555607,0.4200188430092455
0.5616306357847368,0.48729066116694786,0.7695489989936002
0.9109461595112458,0.7943918106223111,0.4868362967376457
0.3001560397369435,0.46270497885276374,0.7519627249995509
0.7772308487215982,0.8005675689754372,0.6035525395579125
0.6406293091132785,0.4102377001580081,0.7024701011426489
0.8518265704477914,0.7992716301233391,0.5974926180659221
0.46700683800969756,0.41542637797326243,0.6910580695662798
0.9209723696689622,0.8031293029648668,0.665116610699723
0.26929437670860495,0.3839958691089989,0.5835581896953294
0.728067186912397,0.8044991236182321,0.8411674920507203
0.7325458255393033,0.3238320683770739,0.25203906174448704
0.7249130243897024,0.7950398380292925,0.6274251229084313
0.7378322864015454,0.41642545999090147,0.6876663001823362
0.7157124731165492,0.8040531177219031,0.5960336989483187
0.7528320770851857,0.4038483304988867,0.7250569055446074
0.6884809809481258,0.7929281490607706,0.523241289589629
0.7935572033370794,0.45469281715741083,0.783893943412853
0.6061494229649768,0.7946682615180329,0.3813578573047881
0.883309510015549,0.49556373297963835,0.7851734980939002
0.381373132267067,0.7892842039411752,0.3500545155123775
0.8729323651319308,0.5181523746985756,0.7929602734381181
0.41040936883728557,0.7794047575973564,0.33384804007667496
0.8953020195891059,0.5458255695126928,0.7724981721485594
0.34682435924246413,0.7684023630318045,0.3771227863121826
0.8381877253905177,0.5567766322794383,0.8215142806381225
0.5018275308621951,0.7498548632048169,0.2700249960206341
0.9249876424845066,0.628032406337197,0.6790523800566056
0.25672636382120634,0.7124503569555956,0.5594916880685403
0.7060263703792874,0.6149450960840352,0.8593794426024004
0.7679465984208458,0.6836687525084456,0.20685084893775238
0.6593570954603827,0.7609176990110929,0.5467763375322343
0.831039669667793,0.5212442703641242,0.7776522010864142
0.5195271272930827,0.7811553124309735,0.3847184981396401
0.9235891578088151,0.5259874298582634,0.8006131737612114
0.2611172339312292,0.7740022039588569,0.29805493875780364
0.7138595890787319,0.5689300828133596,0.7471607626651824
0.755777081788581,0.7570069792918401,0.48940384351863975
0.6829389123973549,0.5471283695158274,0.7816302403920466
0.8011734110242299,0.765543473858041,0.4214237141237
0.5893899330205119,0.5494123183669405,0.7719784645357421
0.8954349275359772,0.7661170469878504,0.4728245649606624
0.346435506913081,0.5324113076229312,0.7578993120920603
0.8377464019129433,0.7796234714633075,0.5775498617900093
0.5029312615809841,0.4693359284249853,0.7140918629872645
0.9249682085105123,0.80738613462225,0.6158369394190695
0.25678748049485306,0.38895474640466615,0.6522324726579835
0.7061363803170466,0.7969130708520937,0.7767959669382744
0.7677788330262079,0.3641495914148181,0.42557889585907605
0.6596896373575524,0.8132490869050232,0.7786965900321128
0.8306471129662696,0.3207778197831114,0.4355817153846989
0.5204882007421625,0.7676941890477967,0.7698371810007879
0.9234468644322907,0.4377247118002636,0.49886250450691133
0.2615631861091063,0.8429945820477401,0.7457259804789932
0.7146471773917695,0.2488436445782751,0.6273599367982421
0.754528380179661,0.6441136205421156,0.6903231377587246
0.6852966236275364,0.6886355650923326,0.5869034644558131
0.7979610967072701,0.6488297975810094,0.7410245858251983
0.5965109839413032,0.6689523005011379,0.4773710779065345
0.8905368309211217,0.7093649618839971,0.814192270056924
0.3606796396681229,0.5482848746934108,0.27274628728890754
0.8531823976288849,0.8763701323309646,0.6985337771714977
0.4634701178189154,0.16467642329409707,0.5449830531451314
0.9200626005189936,0.4840712698823716,0.8214393287984469
0.2721254230873156,0.7849868499957393,0.24332729738481612
0.7328707556284009,0.5615943408686993,0.6584369227840342
0.7243534813403133,0.782749418651947,0.643599932321511
0.7387624070187823,0.4412884672848688,0.666812560479607
0.71407229808001,0.8142674962890496,0.6294392582742946
0.7554402894205504,0.36665908457366353,0.6878871246496486
0.6835759566007581,0.7769043316673278,0.5908150942005007
0.8003095121850312,0.47156196401310707,0.7377729441582078
0.5913125284973978,0.8027807678356161,0.48350749852094876
0.8941494819158242,0.4432037806903762,0.8146265337101146
0.3501908878503033,0.7883882123682556,0.27039857951356294
0.8419617506926025,0.545354242203573,0.6960170108301442
0.4923299959340265,0.7853941806586201,0.5526597926704483
0.9247823328392234,0.4634972970036688,0.8108478426062314
0.2573718879183686,0.7896330357758771,0.270606757953815
0.7071869171425024,0.5424340090259874,0.7063902858019534
0.7661722510504476,0.784925515572947,0.5717193583206296
0.6628636312517286,0.4586271183382115,0.7356513580550733
0.8268591191773537,0.8035738510475826,0.5283679750878342
0.5297035299792369,0.4268131507047121,0.7522520083275682
0.9217354911350586,0.79632470972177,0.5339041806782823
0.2669149494131623,0.4430200623442577,0.728876511422405
0.723984029013846,0.8035646567312987,0.657310603301187
0.7393752725628812,0.38539069919101665,0.6475896000545357
0.7129880718761514,0.7955185933737878,0.6574436982156773
0.7571535005823735,0.40568444205722937,0.6502869067357062
0.6803266854114555,0.8058507831287092,0.6490327027422554
0.8046844601555165,0.3821916234647234,0.6707543161175086
0.5815193050370435,0.7899954122513345,0.6056375944165402
0.9004120307532267,0.43573168967021453,0.7476114177589327
0.3317797608238849,0.7990838340954618,0.4326582132074824
0.8202972191866634,0.4685826179457354,0.8557112161573317
0.5454158581107746,0.7808803830873444,0.178531641787245
0.9173683793786293,0.5910167325667366,0.5066185167228183
0.28047345281096936,0.7939182994405373,0.7439347232196832
0.7466899517932706,0.38220412955871946,0.625182988809821
0.6998330504316653,0.7969702143671977,0.6849775535324703
0.7772469822341496,0.3932741718532918,0.6109659211372696
0.6405962101156113,0.8058334322858519,0.694245451986965
0.8518610110941696,0.36766266804244535,0.6117471781293128
0.4669171668256181,0.7888335796845615,0.675097325752008
0.9209504467518773,0.41663834102878333,0.6898624343652504
0.26936266910376133,0.8037628957384751,0.5417707455324656
0.7281837599091181,0.42203014069011136,0.8651362362981188
0.7323490353408303,0.7759748229197582,0.18204170471193032
0.7252515253718869,0.6006033392613221,0.5005901568068845
0.7372684761752615,0.7864800516175762,0.784777194455451
0.7167035797898368,0.38788765713377354,0.39687865768995895
0.7512463664731984,0.8359107762621306,0.7766637363044209
0.6914384743358566,0.2587910977943272,0.41187437454429193
0.7893998490126505,0.6824372749609875,0.7871956961323336
0.6151165913483838,0.6043042275723512,0.37460444602969023
0.875968230466418,0.8133259540965665,0.7793363887871694
0.40199719181581656,0.32036367494122153,0.3666632296959634
0.8894631634756524,0.7760361570267581,0.8049042216758276
0.3637782438934879,0.4071253596669688,0.29779124392516304
0.8563414427040544,0.8638995115562957,0.7345632322512204
0.45517687198289464,0.19060608292914058,0.473711159856854
0.9175662826206201,0.5470441359726456,0.8411801508214
0.27986207858806667,0.7525692227214468,0.1882420918286331
0.745695393558804,0.647203135741709,0.5473693356577517
0.7016449622607422,0.7213884150304931,0.7583845463962257
0.7745554440209961,0.5408955710659246,0.46879654682893007
0.6460914401862048,0.8372501572056784,0.7811344345841105
0.8460319770859862,0.25346964167501057,0.43411024972299567
0.4819689220856649,0.6712486097854009,0.7669413106687997
0.9237970568482147,0.6282240781546551,0.5170647416469316
0.2604654020451272,0.7529184459866827,0.7378515612708203
0.7127057526156105,0.4809851212368465,0.6426731600374319
0.757598172375639,0.8199867908591447,0.6710623109022197
0.6794797718783031,0.3378550625807241,0.6177859590184298
0.8058119425000955,0.7621312472996848,0.7104812354307801
0.5789725065499779,0.4686736706780886,0.536189550484363
0.9019243698740906,0.8407713690028968,0.8009523739290169
0.3272901633348661,0.23667989440286186,0.3041115412285055
0.8146338555806802,0.6541134981299577,0.7474420011985999
0.5587204866130119,0.6596565714225687,0.4586769127755934
0.912242046472145,0.7276192695131163,0.8211388619978945
0.29620903194569387,0.5101656060187759,0.24672481412796682
0.7713361929561086,0.8942611707893587,0.6621354030840014
0.6525936804507162,0.12058093609230627,0.6279174527539441
0.8388461241400675,0.37054968780938075,0.7052201214403322
0.5001782253744398,0.7771294526921362,0.536702624318053
0.9249998824721488,0.4878582605052169,0.8176100661355011
0.2566878696250409,0.7848916155979458,0.2522250206752239
0.7059570666858761,0.55901525903953,0.6757228804993551
0.7680522407239536,0.7807392525453656,0.6243193286367728
0.65914758609861,0.452108842067619,0.6807023571268647
0.8312865696042464,0.8132297100400355,0.6290562420183949
0.518922072559448,0.3695065321501319,0.6588710871872089
0.9236752341292035,0.7832492311031752,0.6993460168350768
0.260847395146589,0.42262522825590204,0.523784097592814
0.7133823168897646,0.8338239374359442,0.8732445711397904
0.7565315513033973,0.2325098771832663,0.1625782890781421
0.681508783787728,0.6594169260484575,0.45726706897685054
0.8031018772092293,0.7283241431422441,0.7985542857571182
0.5850782325192926,0.5152988174179527,0.3418908806785252
0.8982182691001549,0.8736448899817633,0.7569924388883397
0.3382621775730435,0.1527352652042984,0.41233440196563387
0.8282112441473692,0.4639680293014537,0.8456199905882807
0.5264263030963733,0.7831561587625855,0.2054933844410124
0.922416106867237,0.5775560254292315,0.5640781255453877
0.26478914083876987,0.791948849747539,0.7065997576210952
0.7203006514107531,0.39897863920354937,0.6963775522664164
0.7454302050555922,0.7952880007554486,0.5859009061028352
0.7021268534515688,0.42901890308310164,0.7278509546788509
0.7738355199209417,0.8010504377944678,0.53245478568505
0.6475521997096221,0.4318041804847026,0.7612687048504377
0.8444448889351518,0.7959328644677701,0.47888333982228404
0.4860235583998685,0.46149814080720614,0.7665849669024833
0.924277238596733,0.7978855390517796,0.5165973927964427
0.25895865179230404,0.4447044615684267,0.7379835541027143
0.7100265532806003,0.8021684533343051,0.6428705495869698
0.7617887335931633,0.3935879837775719,0.6714853183343316
0.6714266381656449,0.7964816839653653,0.6159931823041503
0.8162677585907328,0.41648183499505376,0.7145118711603438
0.5549064080411779,0.7996009408210571,0.5255297231049818
0.913845559517258,0.43761883984987027,0.8109275032592165
0.2913078556110362,0.788339612173004,0.27394060712966195
0.7638560788202429,0.5443485204430499,0.7079769809986595
0.6674058877775415,0.7834110401707136,0.5527765321535698
0.8213084943284287,0.4681630339148035,0.7720679271984793
0.5430151504478731,0.7965871554178309,0.40099966119985186
0.9181538782782034,0.4847238321561012,0.8064404739105425
0.27804513609932086,0.7877575275030188,0.28449597824348255
0.7427233420460748,0.5423538489187653,0.7255947325810038
0.7070159031361416,0.7808076142128811,0.5251116439685075
0.7664343386402923,0.48293150879528185,0.7791492745713007
0.6623471498152473,0.793388465880032,0.40125483534025047
0.8274805909034028,0.49228934327974316,0.787419741322626
0.5281989115517652,0.7897199240852337,0.36206057821322885
0.9220578391329942,0.5133451609864926,0.7827225018805163
0.2659085675776339,0.783604083749523,0.34396674389127996
0.7222444446858458,0.5331562774377504,0.8028459958507822
0.7422474051832363,0.7696275465858174,0.3568771822287892
0.7078699203233592,0.5603327234651055,0.7478425306122416
0.7651233560316132,0.7636244014112925,0.4897454846497962
0.6649255425201775,0.532705580402599,0.7797225395569163
0.8243583920703729,0.7748116849447377,0.431546746161408
0.5357290439260326,0.5257818883411173,0.7702689728772147
0.920276711054487,0.7804900221668981,0.4932092339934519
0.271459698737326,0.49363185902800594,0.7482728653605261
0.731746523585435,0.7970981785952682,0.6194510030498739
0.7262861305824421,0.41384419469688755,0.6956085760725078
0.7355399722922963,0.8017923014679326,0.58557835563055
0.7197274093744138,0.41291803062799215,0.7304694885867793
0.7463635026075525,0.7956856326424705,0.5221122261105939
0.7004285909568723,0.44833974635527646,0.7723069000442827
0.7763650057300582,0.7964096529011979,0.4377797686266609
0.6424028193489522,0.47343336734957686,0.7796477942138588
0.8499693170534378,0.7946876168074192,0.438746077190853
0.4718294653482561,0.4772753783448136,0.7668741183827131
0.9220637576165092,0.7966439221393943,0.5203214002609404
0.2658900826745406,0.4465646570395463,0.7365559891749823
0.7222124224565063,0.8026388813052611,0.6434963288833923
0.7423000654322413,0.3921906250186909,0.6675043323709031
0.7077755096786669,0.7963500076319158,0.6274299470914677
0.7652685490377499,0.41316628658949667,0.6919613636973395
0.6646406084982054,0.8021404026531014,0.5811065981178045
0.8247058391233604,0.41347661714043427,0.7510379802492
0.5348946367450192,0.7924871445791004,0.4478111857113645
0.9204947480078027,0.4796719584175531,0.8240552183023296
0.2707814175220614,0.7853275211791831,0.23594076142034237
0.7305977133531765,0.563147108061721,0.6450591633656672
0.7282513700062592,0.7846217526189728,0.6632116616470003
0.7322348547339834,0.4306358124709496,0.637712546549599
0.7254477973127368,0.8169641996237613,0.6726690052709937
0.7369411755412901,0.34541877327179077,0.6238952431039022
0.7172778535325127,0.7684735038080812,0.6889882461517135
0.7503242371479247,0.4607573912652691,0.599456003153845
0.6931497722963454,0.8286973530770506,0.7132890854763232
0.7869647122089188,0.30016111845774035,0.5630024227102735
0.6203096396033538,0.726446938224435,0.7380089685809602
0.8714446852884911,0.5367186019148596,0.5361508079253029
0.4145067293524553,0.8247987485354439,0.7382480941693598
0.897956332493747,0.3026693800784541,0.5964412645378347
0.3390338024840674,0.7255993648320601,0.6811693026980268
0.8291325680518685,0.5549142171479482,0.7155252160552149
0.5241854847960539,0.7747790946472473,0.5198957342715016
0.9228357306031655,0.4984748392435561,0.8195187552940049
0.2634767962235629,0.7815874153631379,0.24770441014327974
0.7180100640787211,0.5678371741052523,0.667104853702521
0.7491449642534501,0.7760821113362487,0.6345274009712305
0.6953291111124442,0.4599052182658683,0.6725356447557129
0.783832191902483,0.8152022430484961,0.6322075539703074
0.6269253613073787,0.36329691736628467,0.6667608720379189
0.865392824830868,0.7774675022373689,0.6593460987494103
0.4310059091798388,0.4489364822622854,0.607307460250451
0.9073873170980277,0.8260867249080331,0.7824633637627263
0.31093162331038277,0.28450991381797586,0.34919881410160303
0.7927366510630262,0.7297317962203025,0.8019727070230214
0.6079294365602952,0.5114140872181601,0.3364811780693095
0.8818995758779757,0.8756750505376873,0.748710407734037
0.3853650415936223,0.14927119955301474,0.43577749866091176
0.8763776573513219,0.45399997428460037,0.8474833840381023
0.4008574784729045,0.7830985372332401,0.1837435067818415
0.8886318135734227,0.5844970163032046,0.5284704259244174
0.3661716598709401,0.7944560061486132,0.7391384444297244
0.8587329088997123,0.3823724058535548,0.6090030119236189
0.4488495902676978,0.7995525928437884,0.6766118662335332
0.9153194516616053,0.3894192539773715,0.6924879016128184
0.28678608636456304,0.7909105279285507,0.5386290182110054
0.7567973600193636,0.4546996802580935,0.8626604888475918
0.6810039287822159,0.7803424109181261,0.17959214354208336
0.8037790377319891,0.5918653948720821,0.49917917440232895
0.5835576960681189,0.7949208804026646,0.769505591049877
0.8991670122828153,0.3715435040986586,0.480183895451585
0.33546307632928,0.8112622674864997,0.7558330303941476
0.82483212277121,0.3335061999405356,0.5851023638538502
0.5345911404590133,0.7621635925898004,0.7100137361929215
0.9205727761064558,0.46874289973718525,0.6140997166811031
0.2705385979930031,0.8261649633523925,0.6554408749137219
0.7301856204592385,0.3262691404943346,0.7691890378439445
0.7289539464950431,0.7305254258594946,0.4357783043458931
0.7310463344220763,0.6167844934170441,0.7875922086632552
0.7274850879954516,0.6991361597520553,0.3920149251751656
0.7335269785368961,0.6854745820024088,0.7725479069134443
0.7232210560930838,0.6031401168219682,0.426995722212725
0.7406377324317468,0.8017734997102284,0.7866488777137348
0.7107458824013959,0.34848012392751637,0.39128786936434584
0.7606688402881709,0.8036753105628529,0.7747933254741525
0.6735914961004342,0.34734042916323127,0.4133532410418905
0.8135041721819678,0.7994775926769078,0.7906990104622975
0.5613459958906467,0.3531253316446343,0.35834321979592376
0.9110756745162836,0.8128411768537783,0.7748902739998348
0.2997621223376351,0.32310781578449943,0.3665059829840975
0.7766477316923057,0.7793522274643372,0.8197613278824618
0.6418243204331575,0.39446449203076805,0.29497370833834774
0.8505776898945903,0.8563566681791687,0.6978983774262292
0.4702525483882384,0.2259175449790848,0.5468640679679305
0.9217258297536419,0.6116234186028602,0.8189642953430584
0.2669451007188282,0.6975429061328104,0.24958959739678435
0.7240360315078587,0.7278525236508934,0.6700853365111326
0.739289069368976,0.5536652785247398,0.6283176681628374
0.7131407427379589,0.7949626724915017,0.6829452691929017
0.7569127880049115,0.39896234399740993,0.6106809873367243
0.6807845316303107,0.8089559747657136,0.6995360553542117
0.8040727265558739,0.3578271087646948,0.5913962186017603
0.5828971747700441,0.783947325197005,0.7087156121717328
0.8995738161360358,0.4179951210259473,0.602705259616967
0.33426083219639635,0.8188091121617972,0.6738889141273244
0.823362954546345,0.340089081620944,0.7274151737246162
0.5381146786201161,0.7493853397767131,0.4980396175385687
0.9196249037126355,0.5606208445062718,0.8227847321775092
0.27348527868139727,0.7466008193788006,0.23975192998192102
0.7351569997960362,0.6435311806839811,0.6518204550787347
0.72039438615363,0.6993407498278125,0.652579895776684
0.7452773638422692,0.6122448579775545,0.6553501191320702
0.7024043547103723,0.7368822309762876,0.6448557429344374
0.7734201656188279,0.5428190412837338,0.670762754309897
0.6483932282219993,0.7924283641900544,0.6140125278629311
0.8435239643260585,0.42713138665009837,0.7223956277400138
0.4883677579547231,0.8015056859377643,0.5022662778258787
0.9244993564965004,0.440348823679514,0.8318646316242799
0.2582610964360112,0.7850255216798033,0.21267769589845925
0.708780519263618,0.5711315408576307,0.6009281740926199
0.763719570671252,0.7885907351182163,0.721735760359105
0.6676723557663912,0.40252251161376934,0.5266182095742286
0.8209781301134704,0.8242926926431623,0.7867209035885506
0.543800247958782,0.2880781463123082,0.36583071667703465
0.9179016916313721,0.7330817696840148,0.7834592709189148
0.27882525168705896,0.5099076355426241,0.34344569519573515
0.7440024036222167,0.8745787175552481,0.8005210557262674
0.7047124599983492,0.1345836935434152,0.35580015779821617
0.7699433922692698,0.42110612908794565,0.7523531067054954
0.655383090389589,0.794744160172079,0.46139490220977436
0.835667552317629,0.4699394649422886,0.8034997179394407
0.5081109889880396,0.7905457657852303,0.31875960987238633
0.9247565838732528,0.5251067132253694,0.7430190418206924
0.25745282448840034,0.7865515733891213,0.4354585922159429
0.7073322103099775,0.49761312373816324,0.8696599750487627
0.7659494119015232,0.7718767779564392,0.1756121856429028
0.6633023681441655,0.6113734193487621,0.4847498506090777
0.8263296452664773,0.7795674648502253,0.8005205610034102
0.5309831616949438,0.39993896949672053,0.3294395512998201
0.9214481616581245,0.8544515609967454,0.7518112342071822
0.26781135402945316,0.21314175057106174,0.41701686878699346
0.725527200924747,0.5983991809242869,0.859710594841609
0.7368086820792805,0.702620486197103,0.19916546261403562
0.7175100979399348,0.7338367741366656,0.5346359849409317
0.7499506219883918,0.5813767537613604,0.7720946094286055
0.6938413403001796,0.7404170314701545,0.4229748944640612
0.7859744787253309,0.6012435544027249,0.7905387481205919
0.6224088108157687,0.7161314966501493,0.36744720514022866
0.8695595072282766,0.6631693190860029,0.7731577432629289
0.41967535128361544,0.6392666254497597,0.38350896544269875
0.901127417991781,0.7736203777281484,0.8151392966710711
0.32965813978041403,0.4097551917747099,0.2667387242552894
0.817639507430645,0.8704961750996916,0.6924187026670146
0.5516890302811038,0.18503003551831435,0.5658076046600986
0.9151145033498168,0.5281244626985372,0.7890300766120671
0.2874158117019491,0.7753276410746388,0.330416060431908
0.7577894626769377,0.5559836465447002,0.7850308691955458
0.6791149938511222,0.7585671122657313,0.38982229319194905
0.8062959302175361,0.5739981746608708,0.7789487815741389
0.5778763715890447,0.7454556696439819,0.3893124944284338
0.9025605017680626,0.6011746413318134,0.7944337904526483
0.32539665694010916,0.7152693759613146,0.32069869989465366
0.8122005885915472,0.6780769984446936,0.7686641689312772
0.5643639321874385,0.6166454453298678,0.4117649831426878
0.909671951663472,0.7920035149562447,0.8080841222873055
0.30402490047489467,0.36669213452433813,0.2828765415196505
0.7828969133546628,0.8363342280220989,0.7202289370995413
0.6288865447332962,0.2764628602464151,0.5240310760765273
0.8635365567708344,0.6981676841699225,0.7960292903566322
0.4360123359974617,0.5742530001618722,0.3290438154202108
0.9098506417653436,0.8485771803592065,0.7638923515458328
0.3034830703447833,0.2264184813689889,0.39293109716222596
0.7821100565278805,0.6264921721473692,0.8396556758475343
0.6305314892215936,0.6741038975699287,0.23815730209571503
0.8619576621898942,0.7662029019456438,0.6148845824378807
0.4402506078934976,0.48868359611359813,0.6688999108333286
0.9117910375287428,0.8137637638852032,0.7060854539025249
0.2975841232207056,0.34303299314946756,0.5144861273269253
0.7734029074623772,0.7812716496379215,0.8679782046241337
0.6484281457071398,0.37469935392507436,0.1577636454002374
0.8434856165791783,0.862007473390586,0.45337295741703804
0.48846523545192044,0.2933088762007249,0.7689469908969817
0.9245077120652354,0.6932981948118314,0.510681610661931
0.2582348488694149,0.6621414982775956,0.7407239248937005
0.7087335632855799,0.6494386887715302,0.6379211178600781
0.7637921083649879,0.6948690742382816,0.6783908439409648
0.6675307771881115,0.6129013188824531,0.6043575200930038
0.8211537231705651,0.7486528360389855,0.7281164717252775
0.543383058546631,0.4932466951409969,0.4972636755551009
0.9180362678552165,0.8467181392292721,0.821890283835232
0.2784090114034223,0.21222932598126384,0.24274828453817804
0.743320504959328,0.6113634661564944,0.6567828602307929
0.7059419879054492,0.7375078959960613,0.6432791142986545
0.7680752211849419,0.5420008270535571,0.671985380219131
0.6591020004105846,0.7926451646527016,0.6135121000281347
0.8313402478217962,0.4267573329310959,0.7203209907457372
0.5187904686415455,0.801761328358021,0.5098934866738372
0.9236935976664551,0.43726842899605045,0.8238247300242202
0.26078982059688766,0.7860317368113285,0.23552701302696882
0.713280413258744,0.5616898132824774,0.6452318066918045
0.7566924216846638,0.7856466538126602,0.6674442431592013
0.6812033024037522,0.42682450454826215,0.6236802223319238
0.8035118438325051,0.8182786103938351,0.7031547028480393
0.5841580744175543,0.3319306036512546,0.5504715274499266
0.8987944484882187,0.7651377843217474,0.7918988096920258
0.33656305506341666,0.43690871086641375,0.3283360142631596
0.8261669506102461,0.8725725234209537,0.7761747819044019
0.531375945219569,0.14938960668797524,0.3897662811223953
0.9213575352278408,0.45704267836915624,0.8019515508489256
0.2680939617748599,0.7914142131102734,0.29527632899161055
0.7260124809084635,0.530519565758276,0.742423452584238
0.7359979263523254,0.7839310750109011,0.49577535797202826
0.7189284214023888,0.48480680301555157,0.7839777527654183
0.7476602813183548,0.7920963511917731,0.4045571303915133
0.6980582247120594,0.4943100569926169,0.7751247309769924
0.7798598766084575,0.7916168408153553,0.43198686509151096
0.6352102630193861,0.48676012565086657,0.7780363848226051
0.8573572836646453,0.7928505522740095,0.4447415809622401
0.4524943557037571,0.4797762910099617,0.7661200329920616
0.9166498909119959,0.7964274948689697,0.5278840800217377
0.28269061309118104,0.4446856401068028,0.7335536647161478
0.750273532336859,0.8029541032299136,0.6441364967097286
0.6932436883430353,0.3911822896213933,0.6594043476990377
0.7868304445876455,0.7970609873243957,0.6526245837935513
0.6205946954133185,0.40336039183698835,0.6379433829232214
0.8711906019212252,0.8067693344246065,0.7008527261941634
0.4152048870678266,0.36310334024973057,0.5356979150984956
0.8983962186444339,0.7963546902612154,0.8362896940139724
0.33773767598832094,0.34662404467941954,0.20877457960657306
0.8275824713634169,0.8271320700417171,0.5862940302733138
0.5279519804851136,0.3465047831106088,0.7082157610540981
0.9221091411117514,0.7577801860502316,0.619162286813312
0.2657483300626283,0.5061410749113809,0.6488032179724053
0.7219667739867449,0.8135030623517595,0.778662931948161
0.742703779609894,0.3201079651352885,0.41626322373129315
0.7070510388433664,0.7693752054909303,0.7802518187253313
0.7663805090613663,0.43058929361360837,0.4171560317405871
0.6624532702511672,0.854939373097667,0.7765890813683359
0.8273530594433945,0.20321356363481738,0.43963275521476897
0.5285079055502826,0.5763135907457827,0.7709509581928015
0.9219930074882039,0.7452623655770959,0.4939168806277941
0.2661110360349244,0.5703802211371198,0.7477071797626922
0.7225950243807713,0.755685285891226,0.6221558366067688
0.7416703839474182,0.5098210262055368,0.6946632951197868
0.7089030744340178,0.8029738277452254,0.582950592580889
0.7635301703204563,0.41078430218690704,0.7391012340590933
0.6680418425242236,0.7934688401454938,0.491599395071598
0.8205191748959371,0.4634239099551545,0.7983738927260637
0.5448895965389026,0.7919488564386866,0.33678719983170397
0.9175442192535259,0.5161276754392989,0.7575003479494474
0.2799302523814647,0.7876300572683717,0.40532405726057824
0.7458064328775226,0.5045784674159393,0.8512706667649211
0.7014430309573035,0.7731076229075825,0.21703192169707672
0.7748566095313189,0.5959426022196128,0.5712419163930943
0.6454792235287082,0.7740342068989765,0.7340672425535278
0.8466924434294915,0.4338645956779857,0.5366605350872787
0.480276093774889,0.8353314869269293,0.743245771323575
0.9235605798359252,0.2716069227241664,0.5671078901011042
0.2612068102735027,0.6862101849611737,0.7037436989160611
0.7140179063989067,0.6207649618038419,0.7020481804278692
0.7555264422403265,0.7155490499588475,0.5776267131710209
0.6834130780692039,0.6040478363575984,0.7330187252383923
0.8005306783347663,0.7269665504964208,0.5276306248013681
0.5908208521046873,0.5968498530335077,0.7582061598989057
0.8944808194450206,0.7285299065148216,0.5028004300587722
0.34922406743294476,0.6010639691885439,0.750072689961816
0.8408864871865788,0.7260546929350689,0.5925874027516383
0.4950466905582996,0.5797389166348677,0.6987910752280087
0.9249092194846267,0.7589190931946129,0.6446197596107345
0.2569729742287719,0.49590651665003277,0.6137107619937232
0.7064700995557261,0.8231993935451823,0.8188170569670282
0.7672693625609598,0.28052945271757623,0.32049523807383445
0.6606982249941554,0.7269641846554149,0.7117718396501964
0.829451497789793,0.5433087845516004,0.5750614426808742
0.5234083292350293,0.8129356665167321,0.7182464709591927
0.9229725854529706,0.34127412595313344,0.6024362637020699
0.2630485102343493,0.7675286825775021,0.6685524778370964
0.7172597685420034,0.46920608609445585,0.753970338116295
0.7503533140003781,0.7999085692433644,0.47373949448646074
0.6930959072254042,0.4534280208653288,0.7852458354983332
0.7870416912673531,0.794380385837733,0.409621235690916
0.6201461496551969,0.4872678821784322,0.7706582496916219
0.871590140075215,0.7941804309202101,0.4663197976722787
0.41410684085586386,0.4697339408156079,0.7632043004635183
0.8977027512852883,0.7981362047186101,0.5458721572121142
0.33978032999441493,0.4347418242604807,0.7261597971651302
0.8300197321702153,0.8026255665171113,0.6410345694601869
0.5220218125997078,0.3930148635449324,0.6431778741458312
0.9232056471483464,0.8006234168066528,0.7194392065666464
0.2623188268204724,0.37298467129270296,0.4851926014787092
0.7159783416892127,0.8116299005228911,0.8782742947296507
0.7524074169083573,0.29277865189305596,0.14616968632652222
0.6892748347917076,0.7655660572353159,0.420279623500012
0.7924476365839157,0.5497135240244693,0.7904828738212879
0.6085552054689835,0.7618423272001631,0.3655387700135792
0.8813983392526711,0.57444472880299,0.7737628522686073
0.3867806352166263,0.7462575765643308,0.3784031934840707
0.8775710891207826,0.6028157385685748,0.8164532749023674
0.3975282688425402,0.7081729787850214,0.270870932400348
0.8861483139602951,0.7044605711905623,0.6916279766822505
0.37329107461479877,0.5920905510494813,0.5482428468460221
0.865595938442592,0.7830993052207837,0.8394805105692603
0.4304565562388377,0.3790924393603953,0.21062072841013377
0.907105724890401,0.8578036572439373,0.582220620918144
0.31178023641740643,0.2612989408430543,0.6935976791708688
0.7939212862085766,0.6571278848953723,0.7040741523089273
0.6053580267999351,0.6666082256332919,0.5514841315020141
0.8839288388986495,0.6930240794458226,0.786601570973944
0.37961499264915916,0.5861101121245285,0.3463175616740538
0.8713775650190108,0.8357793937084371,0.7895530188670452
0.41469120554203676,0.25485645395205675,0.3429121484522177
0.8980729154760774,0.6828821964526854,0.781322012758835
0.33869042966819024,0.6051541495101899,0.354917826341237
0.8287231233216575,0.8172910481599663,0.803615417497423
0.5251821003165209,0.30173868230994766,0.32069189162409883
0.9226536887475002,0.7577114011290437,0.7430281439677916
0.2640462797360856,0.468750313074578,0.4360637718611652
0.7190056150063882,0.8595466558813375,0.8687368238056791
0.7475352002039926,0.15765711178712957,0.17435267403164287
0.6982874012418865,0.4909939156363883,0.4833743025781916
0.7795237940823349,0.8497598692636164,0.7939580663793132
0.6359058596047208,0.21271568688828682,0.36098611568468064
0.8566595101028771,0.6023130307809391,0.7662902461994149
0.4543377772567501,0.7208124850500457,0.4036330270157631
0.9172853572323396,0.6443166894653665,0.8220995793177197
0.28072984336607115,0.6543957883330959,0.24241696041445027
0.7471062141160096,0.7914374800938161,0.6559601669799021
0.6990725200974354,0.4162820732044244,0.6434875391087318
0.7783694874456079,0.8113582162663731,0.6734723509219198
0.6382885852992973,0.35998098105824483,0.6083711862537616
0.8542421885509002,0.7832910463946651,0.7309845983583158
0.4606961458474733,0.4126110954846998,0.4817483957555975
0.9192842660804006,0.836622924681302,0.8399849379889984
0.27454260560445326,0.23556906266520536,0.19113212512397187
0.7369251642557724,0.6626784098330493,0.5541248007762858
0.7173059262067885,0.6980824614714464,0.7557628781681452
0.7502790974110164,0.5856514952568757,0.46981222603542094
0.69323338157677,0.807210751674746,0.7856138405263898
0.7868451829043037,0.33458709883459736,0.4086945151384804
0.6205634118650071,0.7868762377920904,0.7703557831687852
0.8712185157620341,0.3914437872706747,0.4668749866254928
0.4151282101551001,0.82735264882368,0.7632181154211395
0.8983480833675357,0.2873559079351364,0.5455310041315242
0.33787957656642026,0.7113731898158666,0.7262574781138749
0.8277527827311523,0.5694587565569104,0.641409071709559
0.5275390196243486,0.7806609137319875,0.6432416673196186
0.92219392887308,0.4463858755777273,0.7179383566220748
0.26548345976403664,0.805943470231365,0.4884793289790763
0.7215073717162891,0.4337119914126715,0.8776329868856949
0.7434575918187646,0.7761343214995909,0.14621570936296802
0.705695083647489,0.6113811697804473,0.4209103619306159
0.7684512704840343,0.7951715405893814,0.7879170152099119
0.6583554868893792,0.36505114421020335,0.3794357750021112
0.8322170971565024,0.8207563023659508,0.7760056259025438
0.5166376613205562,0.30133158792935705,0.38829166768264745
0.9239757964353952,0.7490048406103242,0.80333660474533
0.25990473893679766,0.469945905515444,0.2908058520341516
0.7117107827754731,0.8869205125244647,0.7369719198377632
0.7591606144894069,0.11765150907044615,0.5112964854747544
0.6764923708206503,0.36833848576970696,0.774262826987502
0.8097466392557924,0.7653983097226766,0.4406680762592736
0.5700109720380454,0.5438362863151519,0.7741727713985308
0.9068643160388657,0.7693269784224485,0.4738501745158687
0.31250728483663615,0.524991770268595,0.755569088486104
0.7949319825144779,0.7839720338334025,0.5925777828189068
0.6031559650532949,0.4543545976815584,0.7096935846813006
0.8856277334335165,0.8081433423363469,0.5952040264376103
0.3747776294656363,0.39367616404997013,0.6854309621164709
0.8669816242956917,0.7943328816606958,0.6993354563756984
0.4267006034883943,0.39532956571895234,0.5396628021346818
0.9051206343428273,0.8182488342274051,0.8320381497713468
0.31774590502976124,0.2898271301255004,0.2186345224312953
0.802098746006343,0.7526809523527,0.6077124114007566
0.5873244863471617,0.52069040865467,0.691862550273656
0.8967854061115563,0.7992833308071355,0.6305230671203337
0.342476963538483,0.40483683337026083,0.6404475177680582
0.8331900240405914,0.807057515077036,0.7688857120039974
0.5142423091553715,0.34039128275995206,0.40479460088635355
0.9242494795307145,0.7935892955201251,0.8130166628467839
0.25904580273629635,0.36110360231578637,0.26494442486820247
0.7101819768377156,0.8338064943917616,0.697012724461795
0.7615470854665829,0.2913372933291409,0.5876095195927962
0.6718945517105631,0.7119413001242691,0.7224504813100713
0.815673373441231,0.5694688124644598,0.5517544972083293
0.5562961888108624,0.8010752465593988,0.7400152950898973
0.9132737347638755,0.3652337965480191,0.5510336128891213
0.293057834570976,0.7958454667545605,0.7190137114729263
0.766547278619922,0.38526771692289413,0.6672776978506575
0.6621244285631607,0.7924097600894828,0.6213076377541619
0.827747977753354,0.4248647972628586,0.7107049942797582
0.5275506733907721,0.8028793576271236,0.5295308193165978
0.9221915534641455,0.4281785324317103,0.8150141661183692
0.2654908810790667,0.7859129104663074,0.26021012755927064
0.721520250628832,0.5541983933632642,0.6884696731059117
0.7434364806769561,0.7812768644270074,0.5991646337920942
0.7057331155397867,0.4586935839882018,0.7152425778291563
0.7683933751300833,0.8073196158076972,0.5557466044775582
0.6584704858892448,0.40853053705117753,0.7476266121992708
0.8320822888774988,0.7912026946166798,0.5049775232228149
0.5169690076313614,0.4646439138114831,0.7618346929147748
0.9239345952860252,0.7986820589431299,0.5174284780706415
0.26003399800279414,0.4424781876870541,0.7376420145357003
0.7119403761762648,0.8019366906876917,0.6431929344361588
0.7588007247011744,0.39407340228044085,0.6705583068439728
0.6771820841083435,0.7968870439230453,0.6182566422804046
0.8088440835627884,0.4147512710883556,0.7105082349771114
0.5720767285785671,0.7996557555174266,0.5352768199118247
0.9057782972304229,0.4343654226053369,0.8028828662264622
0.3157727019380807,0.7892183243094301,0.29784097579033353
0.7994231198005776,0.5347888138106063,0.74035001175254
0.5932794427168894,0.7820528494432768,0.47836139682821655
0.8928060985957784,0.49464504127583964,0.8147373944013128
0.35410246495206543,0.7836892814634534,0.2705371801533472
0.8462414642876658,0.5559802448533828,0.6958109962844515
0.4814323391093524,0.7784114148293048,0.5518383133455312
0.9237243952854847,0.48017828097125037,0.8137344520808651
0.2606932563078161,0.7872197917920284,0.2631764342398269
0.7131094449667407,0.5502970316403899,0.6939189785161856
0.7569621485240807,0.7826927669083106,0.5921749277003838
0.6806906806357867,0.4575241291903783,0.7190924694270862
0.8041982483460919,0.8065792631552906,0.5556425652243129
0.5826146751017267,0.4104466990894044,0.7397438152951915
0.8997468171939939,0.7932350169350563,0.543790958220375
0.3337491839301053,0.44742837792567985,0.727156675807624
0.822734464777548,0.8044127160265809,0.6409722431899825
0.5396171214055737,0.3884758664377487,0.6451318129626724
0.9191927896586833,0.7977384936505628,0.712395066806914
0.2748263988632324,0.38258777693560664,0.5002532448985093
0.7373983425990696,0.8163340073795738,0.8750066422992779
0.7164754996454946,0.2810268965134134,0.14876508870302194
0.7516119247969639,0.7470291517338297,0.42844400145735717
0.6907583254098778,0.586307477582397,0.7821431811087121
0.790361666761231,0.7334122947548676,0.4177614727109826
0.6130533791598674,0.6165041283400146,0.7727679260689293
0.8777100538039805,0.7031274122732939,0.46372409429679723
0.3971399264449583,0.6586115325956533,0.7622985783331563
0.8858532794925303,0.6490807489419521,0.5529662950610564
0.37413381280797914,0.7174213257395922,0.7236250039340505
0.8663835008104498,0.5586541118252787,0.6356766776236309
0.42832358223535294,0.7899462918290842,0.641225727497083
0.9059912172047827,0.4246061846255593,0.7459448530324528
0.3151331867445422,0.796820501245543,0.4346536067260582
0.7985497670200553,0.47343652844064604,0.8593255273692083
0.5952117354654015,0.7795983260883019,0.1752071353466992
0.8914584840897657,0.5948611776897769,0.4958615564232737
0.35801294436632786,0.7929976135664126,0.7531202920563222
0.8504068013201778,0.381607028388142,0.5838093127390331
0.4706957722776775,0.8029018393597477,0.7052805525544119
0.9218226702791136,0.37167837702894174,0.6404497787009835
0.2666428489028133,0.7875403271486675,0.6204663078730593
0.7235144281176776,0.4370148221602069,0.8098377098510589
0.7401528115659418,0.7884398055683347,0.3385105010174065
0.7116085202588011,0.5237553075287892,0.7327668475632139
0.7593207863693583,0.7893506804397749,0.5198716393571329
0.6761851001000774,0.46437956158861077,0.7706313019681331
0.8101475988600851,0.7970577064469293,0.4491065964048933
0.5690913276088978,0.46825484850078347,0.7748276323864209
0.907337637262188,0.7960639691998533,0.4726484792208336
0.31108138229773524,0.4631649870534303,0.7556763450804497
0.7929460967762225,0.7998700974499262,0.5927913996277157
0.6074755622192314,0.4154321093622255,0.7099492422821577
0.8822613130449426,0.7999921831756764,0.5935165682333614
0.38434226763187873,0.4148942822578206,0.6880126207315833
0.875506169090817,0.8034405225475834,0.6927297342132563
0.40328193280653346,0.3743252944072483,0.5492258659997864
0.8903887772699323,0.8030625288598039,0.8323886009985499
0.36110742955224256,0.33043469364737216,0.22254649522295214
0.8536227593353346,0.8069011208237022,0.6114874588570614
0.462318493096237,0.3916042673318869,0.6749705882740471
0.9197463849386082,0.7948578351500639,0.691292736747151
0.27310799762458815,0.3965707003770138,0.5395487723651574
0.7345240712548815,0.818975302504741,0.8652394939918202
0.7214943020075304,0.2769590686293936,0.17953672245143448
0.7434790144593285,0.7370656389140274,0.4961543415034046
0.7056564872162822,0.586284230470883,0.7823928482516392
0.768510014283679,0.7333761837570859,0.41250568326537773
0.6582387772487003,0.6181156674033113,0.774716550270257
0.832353810686894,0.7007182698429535,0.4452752493626169
0.516301494731031,0.6679070249168249,0.7706087299591432
0.9240167666972765,0.6325533394371576,0.49844122915175126
0.2597761917704732,0.752467668526097,0.7457637400886398
0.711482331250903,0.47959784748888756,0.6278200189501411
0.7595183272041283,0.8229861313340442,0.6905496587753254
0.6758058800271328,0.32334512802315957,0.5851358297772917
0.810641482427176,0.7513574245457679,0.7448617388646315
0.567956916763152,0.4823145434728115,0.46543262160689963
0.9079128726169704,0.8540237401285918,0.8198166877342867
0.3093462269074736,0.19118481803640555,0.25177945524554485
0.7905092135806588,0.565258869475064,0.6696431977246904
0.6127362682515646,0.7774933354702722,0.6111991628873656
0.8779749751366318,0.46384904603304905,0.734199698073681
0.39639919723071154,0.8038368184134244,0.4681162806259465
0.8852874325625684,0.44552680912846665,0.8519939866523204
0.37574829894457423,0.7819490332723738,0.16738904050058281
0.8678776047038826,0.5921520478070768,0.49329775369763934
0.4242644514421352,0.796057330308882,0.758584068053584
0.9037772687331654,0.372132652892192,0.5525234192635583
0.3217664938412249,0.8009519767166057,0.7199943576861244
0.8074614239446946,0.37196512953978805,0.6572932111976711
0.5752296493078329,0.7852386701772687,0.6256673411402434
0.9040598495005757,0.44093576954207764,0.7272917539681726
0.320921860679817,0.8035375753649372,0.47481295645623633
0.8063447740651981,0.4441174537780731,0.8666889367712634
0.5777656537908883,0.7792309195583192,0.15026587401411248
0.9026242614347602,0.6034370275921858,0.44026468859281187
0.3252067051852215,0.7982881473852387,0.7577684606136845
0.8119550251248375,0.36670437244133736,0.5842536113040256
0.5649310305076395,0.7921386604948149,0.7138378815556412
0.9094006567256991,0.39621247818505956,0.5985892327148321
0.3048470784084951,0.8094149988691052,0.6760992305409264
0.7840867476189098,0.36421377186538906,0.7321965568729113
0.6263904633610465,0.7686343110509134,0.49979305663357915
0.8658941678541059,0.5185553574796076,0.8047735989571917
0.42964939434230004,0.7767706766003202,0.30572105225669644
0.9066879314493008,0.5604543524855214,0.7370500225492556
0.31303822772990847,0.7659519681288902,0.45365336280302054
0.7956675941256178,0.5386482270159325,0.8652050620221492
0.6015484930006849,0.7529373999280481,0.15847972509525332
0.8868452432063725,0.6554355742308614,0.45798041888294383
0.37129780389182937,0.7336037134213013,0.7609686974790192
0.8637122554526557,0.5154229882792513,0.5636322583605533
0.4355395623641057,0.8278972476570822,0.7202110451430943
0.9096259523252194,0.30008293621780097,0.6241342342562207
0.30416434297213124,0.7190085601170395,0.6455858949288784
0.783099063114913,0.5780205333529697,0.7726079757504112
0.6284632057147967,0.7433570606122981,0.41153636380691655
0.863939657676668,0.5987709644757044,0.7974337834794496
0.43492732460970185,0.7171313628035177,0.32532942936815334
0.909332523594931,0.6734664366480395,0.759905649996383
0.3050534749713994,0.6265491343313571,0.4023077085697396
0.7843846538033109,0.7836382781322592,0.8454069784429987
0.6257638641203329,0.37589914917024486,0.22093204753993942
0.8664787667816332,0.8535648724743093,0.5849898931136238
0.4280652599433893,0.2727385805936957,0.7003768627490247
0.905853954740055,0.6733635780321185,0.660715898370075
0.3155454994608723,0.6534315553333161,0.5945090442420266
0.7991131877541855,0.700625716814322,0.8217352495502838
0.5939658133726589,0.56256089692625,0.28226572670891453
0.8923305758936942,0.8666889230288974,0.6865789680112249
0.3554838611100123,0.19871814894751355,0.5554382715798409
0.8477258167212202,0.5577362846625633,0.8395872081687827
0.4776209986265735,0.7450921509644054,0.21631566363762228
0.9231469671008543,0.6534647446419038,0.5892995326517425
0.2625025836633894,0.7019410152857962,0.6827311771890683
0.7163014157637083,0.5991561373120474,0.7340991796212512
0.751890680892877,0.7318992568917547,0.5158004629849732
0.6902390140534943,0.5907163467632864,0.77394106024694
0.7910937348682313,0.7310208036574388,0.437155693555965
0.6114784188257164,0.6154311251181581,0.7769757543753136
0.8790184799036371,0.7033639521560626,0.4545765228356666
0.3934764699986842,0.6607778333382818,0.7624920870858054
0.8830151289574174,0.645753698103783,0.5536751257571165
0.3822078206620118,0.7216820448663953,0.7237212038264691
0.8736625092011867,0.5503210890027042,0.6331648597728191
0.40839241810465027,0.7960506485866108,0.6427647268018143
0.8939497884753611,0.4090288598583981,0.7491797295256893
0.35077318739280744,0.7911432190410875,0.43113157580802874
0.8426060260766621,0.4881559372181584,0.8518648025427044
0.49069811031504273,0.7781325902810207,0.18231655151145598
0.9246798569386689,0.5958411710136091,0.5187823278675763
0.2576939707090414,0.7866339484733245,0.7368046463887746
0.7077648162262218,0.40260068352527867,0.6454475951631995
0.765284990212392,0.8051974933109911,0.6685733496380848
0.664608333681641,0.3775765384006312,0.6196291962118621
0.824745156985448,0.7947642562700492,0.7120382511010341
0.5348001571536377,0.3902100251637786,0.5278479421868687
0.9205191115297039,0.8170478666668912,0.8141978456974548
0.2707056043015934,0.29894141276590486,0.26296666417144354
0.7304690963748194,0.760750529768745,0.6925179155719889
0.7284707837798448,0.47726128097340986,0.5897799157192999
0.7318640735483867,0.8304539062561395,0.7281602132637202
0.7260844901709289,0.2903434184813575,0.5231819316004286
0.7358774722253595,0.7180857931785463,0.7760511503067602
0.7191387269573265,0.5423093358296657,0.41808881265912123
0.7473194078858325,0.8475401114598541,0.7847753308885634
0.6986825087871045,0.22238456353717023,0.39372806637117064
0.7789434645976301,0.6186505327970337,0.7779509818999356
0.6371050111656015,0.699273437256236,0.40021296292709974
0.8554481988791373,0.6829532497432268,0.790967202018112
0.45752933828023584,0.6023988013602929,0.3444050976055286
0.9183260987044161,0.8223770679223286,0.7769094674546213
0.2775121180281496,0.29659102661952125,0.3593721701048216
0.7418468267900159,0.7459670801446231,0.8165405332329142
0.7085874157749202,0.47266579597558955,0.31496457644300924
0.7640177729272601,0.8826265471861103,0.7133622642352386
0.6670900776405598,0.13974338909835976,0.5426441650609917
0.8216993520300654,0.42408098498026153,0.77843807241216
0.5420852495427135,0.7911649121410017,0.3857399082941687
0.9184466775524319,0.5024693648234143,0.7977924631908639
0.27713879876772496,0.7846304415610862,0.30701715890658293
0.7412316744456374,0.5424072307810003,0.7574238110736882
0.7096869332033698,0.7738692884620726,0.45891608325249045
0.7623161431619325,0.5194269914007487,0.7934463567505585
0.6704038918355997,0.7787184162094045,0.36772517024695617
0.8175613004949406,0.5368129032104085,0.7663027801155611
0.5518728355834598,0.7753328943414791,0.4155883260124635
0.915044073035566,0.5295572739048864,0.8117530066112407
0.2876321445207767,0.7697497856681398,0.27133752288476193
0.7581296076488762,0.5864037008052243,0.7042759567629067
0.6784656909236381,0.7515840228679063,0.5611963786667088
0.8071549895036494,0.5370322195152408,0.7637676165272796
0.575926505965148,0.7757490363141853,0.42459558043352535
0.9036701130601201,0.525826287775569,0.8110343858216865
0.3220866273415103,0.7718934706678101,0.2769552982594264
0.8078832777683411,0.5800475009417211,0.7092525078384097
0.5742691829013032,0.7562192050181566,0.5379165069044469
0.9045911273433392,0.5341363804569151,0.801088350079838
0.31933227279766985,0.769439021765618,0.30290343077973275
0.8042289376859144,0.5773555914315072,0.7467982093383121
0.5825455878556501,0.7499136564197803,0.4631785029619803
0.8997890359245911,0.5699756072934036,0.8170273024478356
0.3336242889915983,0.7402166532160165,0.2620556414324098
0.8225807543098606,0.6492875470339012,0.684411583060542
0.5399841307108612,0.6830040358054833,0.5782980905822115
0.9190846963777981,0.66041402457576,0.7822854848276743
0.27516166386913643,0.6410776257584625,0.3459767998854092
0.7379565736418479,0.781047857093923,0.8036700754677985
0.7154936755243378,0.39534382954476016,0.3497288390949388
0.7531811604933423,0.8482927296057189,0.7459056018965533
0.6878274098936046,0.23335789999994522,0.48033239929395255
0.7944671971428414,0.631413780118111,0.796406733957043
0.6041695582853042,0.6785761069736259,0.3500845285164833
0.8848502015685852,0.7294343711996196,0.7617901412622055
0.37699419270469164,0.5237499409291825,0.4054251655895127
0.8690174140750291,0.8579312917446674,0.8355896613885379
0.4211567480047007,0.17397461264875327,0.22059524780207218
0.9019998439747813,0.5278629597979263,0.6024286312752334
0.3270656641437305,0.8148655135327274,0.6736149442752255
0.8143467472832187,0.3506874627097172,0.7297446785318271
0.5593886531481032,0.7583628723699074,0.49594258146921094
0.9119500551458409,0.542238030717899,0.8189688978853594
0.2970994626417531,0.7606258533534329,0.25277940028058005
0.7726760761770182,0.6113321232317106,0.6726006976805518
0.6498967026786084,0.7336745334727257,0.6112964897088013
0.8418646205464992,0.5592006161355811,0.725008870719712
0.4925757505088128,0.7695820221617633,0.4975164229859583
0.9247960579221227,0.5171386380326315,0.8319512442870937
0.2573287439431509,0.7717960362344684,0.2123330492284073
0.7071094474900274,0.6002086152153101,0.6003057798714134
0.7662910040133897,0.762918642053514,0.7227793966187437
0.6626296743717012,0.46313416704853044,0.5238302066388736
0.8271408793508915,0.842821174593181,0.7890453153552897
0.5290217267128443,0.23474072790908876,0.3581437827004491
0.9218836357008384,0.6454014472949565,0.7793554097078165
0.26645253233301647,0.6638859805376993,0.3523032654073348
0.7231856472814553,0.7499187572278513,0.8113018705904793
0.7406962173359641,0.4655393276779569,0.3348103133952981
0.7106417245525857,0.8781641593194889,0.7292929138119317
0.7608312363467966,0.1482537039092503,0.5271137164032421
0.6732781447394658,0.44605914890947773,0.7668473963254596
0.8139063328559003,0.7971779349467684,0.4585873405979637
0.5604124125139549,0.464940055759081,0.7743213126333621
0.9114962595327019,0.7963484274626534,0.47648617090907247
0.29848206504520247,0.46125175889830256,0.7542170664092438
0.7747449309987497,0.8001710296186106,0.5995419943144884
0.6457063246948213,0.4125175402996303,0.7073431274821547
0.846447767692531,0.7993543979065281,0.5873784657897617
0.48090359376518943,0.41845322609034163,0.7027237373610031
0.9236507108949858,0.8022406614738348,0.6419425327862351
0.2609242780852404,0.39370224119377906,0.6178783499720767
0.7135183570064652,0.8049849363994392,0.8138216789768562
0.7563166715186608,0.3313545557957776,0.33136866523950326
0.6819165264359014,0.7935717327337966,0.7239682609494341
0.8025535964151352,0.38941481174161025,0.5459238025821133
0.5863068887961898,0.8137377370779865,0.746901291753444
0.897439147501392,0.3298167234306075,0.5280625288830616
0.340555858923457,0.7658567847646025,0.7375088851390993
0.8309369937425449,0.45189976917651037,0.6196878609286429
0.5197786128387929,0.8242397497380123,0.6707416880328143
0.9235525839544406,0.32646246569435416,0.6820969929283244
0.26123187191441105,0.7420926309656674,0.5546663726886347
0.714062189738864,0.5588130462347412,0.860924492302919
0.7554563020195496,0.7394867414912341,0.19950720911441736
0.6835456877064376,0.6691890860678505,0.5338115959984244
0.8003506279401722,0.6939093433044434,0.7797933608339007
0.5912211510949937,0.5864264900977585,0.389139069464971
0.894211195893746,0.8254845621729637,0.7922537577469299
0.3500108722184839,0.28294874465769637,0.32888952476153305
0.8417620677251583,0.7296959333904309,0.7750369198107149
0.49283514953763013,0.5193498460898076,0.3876407849233658
0.924810060196052,0.8630562326695839,0.8066193115671525
0.25728472719803874,0.1682957201608548,0.2818748420853114
0.7070303964900773,0.5101198515659796,0.7239988288630911
0.7664121352378973,0.7968824148787548,0.5385915601530558
0.6623909245325421,0.4401562867259354,0.75934652926882
0.827427994229025,0.7977703398658641,0.4785967854279475
0.528326361802083,0.45711394928368887,0.7698941256658134
0.9220311837401127,0.7972760358265962,0.4963224937093143
0.2659918158184011,0.4526674911073347,0.7468997639679754
0.7223886280233143,0.8012925181096618,0.6237629945946452
0.7420102030658595,0.4019356057907592,0.692780005197777
0.7082949279644792,0.7972679755164985,0.5861295019622077
0.764468925041808,0.42404710520021766,0.7363429357292093
0.6662078944427531,0.798296140244155,0.4970437852233288
0.8227872625521547,0.44993812595390964,0.7975136927146065
0.5394910175961195,0.791993870610198,0.3382527986174209
0.9192297002581251,0.5155579533198661,0.7596830367707015
0.2747118961594854,0.7874207986907887,0.3998114758656273
0.7372074999913985,0.5068035466734655,0.84872641837366
0.7168106272069735,0.7727700068301668,0.2273353802508381
0.7510746621414393,0.5934836730135598,0.5882503325082316
0.69175760191308,0.7723190476906254,0.7243002212840505
0.7889473818016156,0.4409276882235289,0.5424285342665375
0.616084819034968,0.8361408424333807,0.7521242996959459
0.8751399647215893,0.2663425444771555,0.5081830702825321
0.40429902541413343,0.684487542549365,0.7518583733023287
0.8911128968142668,0.6104901541999344,0.572440335416483
0.35901359719854514,0.759065804162558,0.7064353336151356
0.851454486632892,0.47681259460966774,0.6700222091672428
0.46797505215475815,0.8151776499945255,0.5942665415547398
0.9212052900473854,0.37573320388206277,0.7857026409019449
0.2685685834535625,0.7685425173602894,0.3368339119705252
0.7268261479106446,0.568856510822582,0.7947765964690083
0.7346346249088682,0.7462326552472208,0.3756913755833876
0.7213023933373365,0.6036753633698055,0.7621178440185371
0.7437934276017172,0.7203416573665233,0.45452758739285004
0.7050896292353632,0.6305132519809713,0.7870781531864819
0.7693715027263746,0.6821072978252742,0.40143616105870006
0.6565242760200589,0.7101145892301357,0.7703194141167555
0.8343505587606668,0.5593140067716144,0.45587662312497595
0.5113759042687906,0.8297101154412168,0.7706132686287981
0.924521178567649,0.27832663672248203,0.49994944405774927
0.2581925451058767,0.7035945787316756,0.7451144507942352
0.7086578726032181,0.5786127603464689,0.629545131785754
0.7639090011425871,0.7759345895963838,0.6891183333302732
0.6673025447289113,0.44330688609657243,0.5863819532406231
0.8214364765507535,0.8288718042580959,0.7457242805018944
0.5427107887077567,0.2889238795125428,0.4603587798736649
0.9182504175534572,0.7233857158811616,0.8242176234353402
0.2777463764005272,0.517882644705929,0.2362292387228889
0.7422323091485443,0.8948555884865842,0.644936220020436
0.7078969810968871,0.12480675054957203,0.6603787907736978
0.7650817274279622,0.37992160423928495,0.6473244927606299
0.665007207800088,0.7921238322331949,0.6511567806070092
0.8242586990838686,0.41610993812884084,0.6717944739520466
0.5359682954532176,0.8065819466261832,0.598717394776109
0.9202132423721032,0.39654253110797427,0.7653907219887215
0.27165707445995907,0.783136977379535,0.38626301343306846
0.7320801809165167,0.5209717091872453,0.8399052680578999
0.7257135216153003,0.7683107552018357,0.2542564002999073
0.7364976027920715,0.5947361292988891,0.631542586466009
0.7180548703323331,0.7608342713997733,0.6795793179611689
0.7490726720400928,0.4810106311277244,0.6148446234297803
0.695462374958391,0.8253382264833886,0.6967105284008795
0.7836395019098138,0.31489731235599716,0.5922400975243615
0.627329941938505,0.7408879152099841,0.712708269586346
0.8650122177779669,0.5144432089131794,0.5828480194729684
0.4320344992293972,0.824274586069031,0.7027984219094697
0.9079085556085044,0.3157983015727289,0.6555535505566794
0.30935925796711955,0.7339345164984943,0.6019144347382869
0.7905275976654651,0.5614318348712836,0.816878905374015
0.6126967454805144,0.7472860410465213,0.2981603372441877
0.8780079411649706,0.6247271173488524,0.7053772446993117
0.39630698674001436,0.7099277755380654,0.5253603680329298
0.8852167083039384,0.6292294768644868,0.8443258946845297
0.3759499242808704,0.6693631295230767,0.18999104739751044
0.8680628412420894,0.7857057719268593,0.5439165034662085
0.4237600561181618,0.46550362644755044,0.7339639053317495
0.9034936425405085,0.8038366569549245,0.6019606802422932
0.32261365758875205,0.402491596336211,0.6737798941631387
0.8085761164460503,0.8005838823200855,0.7307098015645989
0.5726888873285724,0.3694766703115049,0.4956617159194601
0.9054504049380562,0.8073484601790438,0.8163860043308854
0.3167568858015953,0.3242863794133523,0.261948798817493
0.8007612560658206,0.7943128839583729,0.6860040129887448
0.5903078673439267,0.3996153911648355,0.5815671525629238
0.8948246096544296,0.8139474025040406,0.7679286283780495
0.34822005216154095,0.32241056263172935,0.38809243630276014
0.8397625355063721,0.775736288462539,0.8293566861717967
0.4978772520252406,0.4002598760531351,0.24788485513151307
0.924983327581832,0.8677088664555866,0.6441826956713227
0.25673993372665127,0.2103217017626945,0.6143229216354188
0.7060507985797382,0.5761247308206036,0.8182921123951437
0.767909353097213,0.7345196666568046,0.3220249682445419
0.6594309405352217,0.6424885191634057,0.7132541896081879
0.8309525682402021,0.6849516915796389,0.5726875078485391
0.519740471028293,0.658791744436364,0.7199950152959693
0.9235581610732503,0.6599572787327501,0.6002759395159457
0.2612143914965122,0.6898210785332869,0.6708385206152575
0.7140313027349906,0.6236954610610611,0.7513357531492696
0.7555052253633825,0.6997219768218924,0.48041796313764934
0.6834531953044263,0.6597564761160946,0.7833902304526653
0.8004762229906053,0.6417876311744076,0.41708249302716704
0.59094194584401,0.7619365376200026,0.7708779883016091
0.8943993811985892,0.45070732384785744,0.47482777412155713
0.3494617740076288,0.8502121351087479,0.757768588704798
0.8411514973057583,0.22368290050890294,0.5769014572805341
0.49437792677834497,0.6047754962900375,0.7138959271936862
0.9248830514829542,0.7308048150585272,0.6186307848988188
0.2570552524813732,0.5627967966281233,0.6487830099409536
0.7066180437165095,0.7840406057390621,0.7809434191744269
0.7670432408398216,0.3951165910544609,0.41565187378387974
0.6611452578305306,0.837725618021745,0.7760044800749129
0.8289191617513078,0.253826985138959,0.44139540753759643
0.5247050846214232,0.671112414511193,0.7708712219946376
0.9227417375372388,0.6273871484205598,0.4952670457663235
0.2637708663727867,0.7593704326773084,0.7471152390743646
0.718524446775224,0.46377309036524594,0.6240078044996744
0.7483141447978544,0.8242799584872936,0.6934481346495742
0.6968583163252478,0.3188665223619341,0.5832226682894474
0.7816131721862781,0.7465926335935966,0.7416658067691977
0.6315678786293722,0.4936571449880205,0.48086490718717806
0.8609526052579771,0.8498949648765419,0.8071583836539199
0.44293890200267205,0.20782794278414238,0.30106182044107027
0.9129529150527556,0.5972945248356721,0.7294349977828207
0.294038592812897,0.7349426589921831,0.4678017212407865
0.768045625373181,0.5988283832499514,0.8711226636115549
0.6591607080577111,0.6994193630055194,0.15001206264026165
0.8312711153391019,0.7527081122310291,0.43477858760309324
0.5189599581253536,0.572699397882461,0.7696081900206707
0.923669923955174,0.7487202759175549,0.4998401631840313
0.2608640434825232,0.561466302076003,0.7453249747549809
0.7134117789117443,0.763328815252176,0.6283428485034235
0.7564850267003816,0.4910341136706882,0.6894177055185414
0.6815970949904666,0.8092850919039362,0.587916201603495
0.8029832318367867,0.39309879978158163,0.7409583683193742
0.5853442965352231,0.7852947261114509,0.47602246272129584
0.8980504988809592,0.48780698298206304,0.8164064756358753
0.3387564612602921,0.7851385167632988,0.26430972779976797
0.8288019284943765,0.5546630801950095,0.6875397043690235
0.524990379728002,0.7811640060957096,0.5712296633818668
0.922689279407886,0.46768928943684734,0.7911699352464643
0.26393496037247577,0.7930450660396916,0.3226170489911821
0.718811199142925,0.5180510038707198,0.7788913067156313
0.7478501387796502,0.782366160219916,0.4167067395501202
0.6977101422155602,0.5132112482030221,0.7795378286795087
0.7803695887608811,0.7843132170098369,0.42175742097002605
0.6341537066828011,0.5071314918591865,0.7755758615717747
0.8584102970380804,0.7874801786026524,0.45076183063880426
0.4497056182151775,0.4906160525625376,0.7662058031891705
0.9156407580952655,0.794301992340784,0.528553407934783
0.28579821277697415,0.44966794501760265,0.7333810775164565
0.7552350990967078,0.8035128816152729,0.6435441737895368
0.683963663499647,0.38994772461044236,0.658938801890395
0.799782270893618,0.7964378428744997,0.6557509821983533
0.5924831832141023,0.40392504898907644,0.6299756654712756
0.8933533850435711,0.8083239217046153,0.717855539102975
0.35251052355662704,0.35355551633767485,0.49692547605363785
0.844513361052301,0.7936578726074318,0.8598962520723945
0.4858490130088535,0.346046531541308,0.15768828881101202
0.9242590733985527,0.8335806915341616,0.4634553358715107
0.2590156829643054,0.36984545830214366,0.7536907738706107
0.7101282680885075,0.7694663822689818,0.6124973952457052
0.7616306105154599,0.482007682218002,0.7089402443562838
0.6717328674728387,0.807090467567849,0.5516193479013893
0.8158789422493588,0.4104460941085867,0.7718715091429964
0.5558158272206773,0.7879601117790801,0.40313799878787016
0.9134729956971847,0.5044958567764852,0.8054698480106474
0.2924483027680248,0.7823811154556726,0.28857001767521273
0.765612484011668,0.5532775303702397,0.7299494640162595
0.6639650308474602,0.7727246332855116,0.5097550987355325
0.8255272340390084,0.506288288534957,0.7942621735983801
0.5329184736259769,0.7840002744675267,0.3456103341546707
0.9209905841483027,0.5317362919725266,0.767656598919395
0.269237633816342,0.7779164640104785,0.3806971958186067
0.7279703023072817,0.5345817729686625,0.8360534433206895
0.7327093026839285,0.761703928887368,0.26644443847250354
0.724631607644131,0.6049310723807025,0.6489901673211426
0.7383003711346889,0.746342469632511,0.6593116644383576
0.7148878525331571,0.5187832469794651,0.6408776134755265
0.7541458800846461,0.81067574911828,0.6729087643061199
0.6860165250532027,0.36195226164217936,0.6157929714114818
0.7969720539063857,0.7838088034293214,0.711144532750767
0.5986881170349041,0.4175701503906706,0.5374499814405219
0.8889644255575887,0.8295468813659561,0.796076728915561
0.3652146999074236,0.27033447715188974,0.32082592580406605
0.8577818146521303,0.7109270424207325,0.7637074045400101
0.4513710404856461,0.5596508803381514,0.40926753648983066
0.9162503298972399,0.8399311251189158,0.8254829411302331
0.2839219525836242,0.23086949185897146,0.23336677386950502
0.7522480264714879,0.6496590416416935,0.6390298284884005
0.6895724526225862,0.6942756049609916,0.6658114583258827
0.792030455264632,0.6174287584107492,0.64407430814998
0.6094573888323476,0.7338076395567337,0.6487318616763965
0.8806705961110158,0.5479447150001535,0.6895594893709989
0.3888326198489902,0.7851747391158169,0.5534200773372447
0.8792747102843351,0.4637803057455626,0.8333091072354634
0.3927575683133147,0.7854522045541849,0.22364369566939804
0.8824465251299287,0.5667298335800194,0.6107580565391557
0.38381822503935836,0.7897142240972106,0.668780938956175
0.8750566421178809,0.4164698982652278,0.721352214907542
0.40453030625206143,0.7984572961314187,0.49524227389003844
0.891276489029997,0.45011793344270146,0.849779590746935
0.35854002378972677,0.7825941129604609,0.17191833694038225
0.850959577983179,0.5893144331101429,0.504932369347614
0.4692612861009151,0.7958211099040281,0.7580386844733047
0.9215039864309719,0.3729064372437689,0.5400203756167895
0.2676372408643565,0.8033916857122879,0.724989563118098
0.7252279282174223,0.36408393855877524,0.6640787884037368
0.7373078072982845,0.7784592273177648,0.6372073288941065
0.7166345170025369,0.4534845640107735,0.6720406585150852
0.751357098359387,0.8149172417219971,0.6272524708734186
0.691232553686093,0.3656630133032815,0.6812450896209052
0.7896914085195734,0.7771420568322909,0.6194392958626055
0.614491884970799,0.4621098882776556,0.681265071109458
0.8764989506205833,0.8136454727001216,0.6403191201796148
0.40051959867191855,0.364751134691844,0.632259610824819
0.8883835040809344,0.7836083097689261,0.7636345644478109
0.3668855389039148,0.40160455853021676,0.400088017033111
0.8594379989142658,0.8441324456487882,0.834150852758525
0.4469760022650805,0.2156918904881123,0.22787635639982606
0.9145972859575668,0.6197980048688665,0.613787142931077
0.28900363476349217,0.7385814771101422,0.6572880262731629
0.7602779752708341,0.5356538572555263,0.761985522191079
0.6743448896789858,0.7769306796555866,0.4429442165247868
0.8125342799384426,0.517454746477925,0.7984111842374092
0.5635925982944289,0.778591691530096,0.33924226358228343
0.9100371313360047,0.5459691272349,0.7573860831630403
0.30291733842523827,0.7716084851882149,0.40785916022743474
0.7812861706744494,0.5402619448075338,0.8489983996957651
0.6322489336930266,0.7553999179019439,0.21158015183362147
0.8602878122871126,0.634502881986952,0.567039517048335
0.44471296157425555,0.732700641399568,0.7181543414918636
0.913690370513808,0.5298376967866387,0.6252112842033926
0.2917830261733486,0.8091305080638346,0.6431785276609863
0.7645890596987448,0.37561073601542594,0.7786722314183594
0.6659727291046159,0.7695221756171914,0.4029657415696071
0.8230762968161935,0.5463760424344409,0.7876281141505024
0.5388003138114787,0.764733760193228,0.3629334401895122
0.9194297818980839,0.5690636351223518,0.7818919998492756
0.2740910348106255,0.7489916885850099,0.34683935321032017
0.7361710159541442,0.606739948347421,0.8047093336490911
0.7186260295257931,0.706633165540091,0.3476447907120185
0.7481498390910121,0.685341402340029,0.743720313300592
0.6971601322286877,0.6112706451207494,0.48646782796111815
0.7811731643603956,0.7792538273487655,0.7936604046835153
0.6324841110811792,0.40284023047790923,0.36120598430087464
0.8600574531508101,0.85111340053834,0.7669559245276363
0.4453269325930434,0.2178926702627872,0.4010420041664279
0.9139401660911634,0.6092167727721342,0.8221332898028816
0.2910180939167546,0.6995680571001076,0.2434238800222665
0.7634082828403104,0.7263357640928105,0.6567712426935185
0.6682794831651404,0.5605440437953465,0.638018889525885
0.8202234575189911,0.7880890275751664,0.6885869509218525
0.5455906678419569,0.41421068386002446,0.5717799905492028
0.9173095167211801,0.8224449780718242,0.7860500638381707
0.28065523883955984,0.29339734151276997,0.33719186116760586
0.746985140280437,0.7440795126341866,0.7935419920070464
0.6992938597784155,0.48362388844938914,0.37235349752703
0.7780432425820987,0.8719546722877208,0.7652338921168074
0.6389602344413992,0.15513624121573608,0.4301476312954475
0.8535531970027681,0.4687481795009633,0.8019099127664906
0.4625005064897509,0.7909506389513471,0.31713439711276814
0.9197970155499567,0.5246793415106571,0.7469339094481731
0.2729507232207929,0.78593739908333,0.4283569247470698
0.7342599158819444,0.5012817674586222,0.8641381105755482
0.721952479700642,0.771723117973782,0.18293999295383379
0.7427272579925235,0.6094379395537575,0.5032097885668371
0.7070088694414947,0.7770581606369601,0.7804626232144674
0.7664451134984506,0.4122566316841031,0.4166698684122526
0.662325905523352,0.8471881963863181,0.7764268178761501
0.8275061114652881,0.22624829259127255,0.4400491193260062
0.5281370637256795,0.6219026654097276,0.7709725836569795
0.9220707308861191,0.6970402559338552,0.4939830765130525
0.2658683030782518,0.660511583875088,0.7476703889078127
0.7221746894372079,0.6500742177328209,0.6223001448403899
0.742362107281877,0.6980493043288584,0.6945949838731781
0.7076642531293853,0.6027904500341581,0.5828775888009934
0.7654395644971941,0.7645197687558399,0.7394558022033797
0.6643047991182977,0.4543792919609325,0.49029512702163447
0.8251145520507746,0.8480208977052992,0.7993674710926476
0.5339119537658495,0.21601977082134238,0.33278242304209715
0.9207449237495967,0.6114077341631382,0.7549118034114038
0.27000272381410056,0.7134602712987325,0.410241813283469
0.7292746359041483,0.6556867193800072,0.8557231378489918
0.7305026229247749,0.6289445008633429,0.20965223110395442
0.7284136010517567,0.8294072861964255,0.5551366020317814
0.7319607393619052,0.3506616374228757,0.7569434124883245
0.7259185969603097,0.754526235505475,0.4627847639933083
0.736154913925695,0.5604446764309111,0.7904702708683022
0.7186541695263663,0.7539836052505778,0.38336909119435547
0.7481043103503198,0.5855393970294696,0.7691937813918075
0.6972437293866912,0.7371844784990647,0.4302542406415755
0.78105117150523,0.6054798183377506,0.791907339539894
0.6327378842834899,0.7111501851166063,0.3656111289481072
0.8598084200809887,0.6724691966364872,0.7702810236946702
0.44599023310364433,0.6253654376044003,0.393329541817175
0.9142068967952651,0.7872017762485977,0.8175032040493296
0.29020079259477555,0.37579123841365786,0.25604635443883456
0.7621418825169165,0.8481948631504588,0.6788882800011312
0.6707420436928025,0.25638225420189,0.6039925410995479
0.8171344717077388,0.6587173013806034,0.7277209746349229
0.5528751893622178,0.6580323743286626,0.49923418902253386
0.9146555930946655,0.719192502050675,0.8195921396280234
0.2888247347266515,0.5276107572051535,0.2501846013244149
0.7599985271459044,0.8893182674288519,0.6689394312504707
0.6748828337632535,0.1341102411168203,0.6204720300757444
0.8118391794832568,0.40566664539798414,0.7085113739149329
0.5651984067150738,0.7963948319190696,0.5381866688654966
0.9092719207187184,0.4414837589752111,0.802902516250731
0.30523703117148093,0.7902693428613117,0.2966675589737118
0.7846493281004749,0.5327323077372097,0.7399784465673922
0.6252066120442082,0.7832659227878863,0.48351704771796195
0.8669962259115213,0.4902054055855473,0.8080700995889872
0.42666094961678885,0.7861892368143398,0.2967077764637015
0.9050991196488887,0.542094440231594,0.7256234026148882
0.31781040206087274,0.7809594947202205,0.4779255371546793
0.8021857164902829,0.4973172671903072,0.8674314284478221
0.5871300331722413,0.7724173441425971,0.14944178007206768
0.8969109220817953,0.618309059360027,0.43774853320395635
0.3421083637490623,0.7838256597486183,0.7585355119377114
0.8327598554474058,0.4026706813670955,0.5775523901958054
0.5153022508296997,0.8161667083221024,0.7152415536135882
0.9241336121423164,0.33364341764714234,0.6102301607989876
0.25940951248911137,0.7589506322196388,0.6592257582439112
0.7108300040813099,0.4914025524782518,0.7672836544048166
0.7605376247025769,0.7939025386275517,0.4460778496105451
0.6738445406230551,0.4768315707471679,0.7834801390441475
0.8131788800735682,0.7935357601490635,0.41987959430254396
0.5621002595807029,0.4860271541874496,0.7695453932937804
0.9107311637120347,0.7946540082037619,0.4866997790174296
0.3008096712763037,0.46211350632371484,0.7520408848839776
0.7781958878888996,0.8005629393113359,0.6031999909831579
0.6386460774583153,0.4103622326477448,0.7026180131001174
0.8538758812600644,0.7992968084885944,0.5977892044474037
0.4616558844509275,0.4152685679143891,0.6902515364538714
0.9195599965702097,0.8032059022776449,0.667888719280132
0.2736868143286207,0.38290929895853365,0.5794802665669265
0.7354946653677056,0.8044199689653775,0.8430618972331944
0.7198063715584039,0.32343133374826094,0.24416073776443495
0.7462350883826169,0.7955651598251057,0.6162127495724976
0.700662640622058,0.4186889153648111,0.6958240699770047
0.7760176672367565,0.8034750283510377,0.5923337409462348
0.6431127152807629,0.4065028413725125,0.7144204875024026
0.849219377682379,0.7957907201802717,0.5751875790579923
0.47376955712918833,0.43118809734186997,0.7135860248187761
0.9224542663071641,0.8040254852261645,0.6250672232270731
0.2646698536518401,0.39458095539707444,0.6411740948704481
0.7200929722130885,0.8017941638603897,0.7879801532256513
0.7457686092549118,0.3479995132164179,0.3945232563825714
0.7015118256081541,0.802748760156878,0.7709244982953515
0.7747540413182551,0.35099377741226573,0.440626627469004
0.6456878020833605,0.7992103287203994,0.7803353616619619
0.8464677379992424,0.3571277849645719,0.4361117463831334
0.480852394145047,0.8055418152527543,0.7671542333148753
0.9236434660030866,0.344925147245836,0.5169432702064349
0.2609469907376992,0.7827750729260976,0.737943573684151
0.7135585374217619,0.41168708185521735,0.6423585614069428
0.7562531790488283,0.8097388430273501,0.6712664545470679
0.6820369404412658,0.3649335807666912,0.6178252656583605
0.8023914435646972,0.7858556212610248,0.7098041476270608
0.5866698349777766,0.41300177937648347,0.5384375471900803
0.8972068569082225,0.8274400842904875,0.7981498776912213
0.3412388374528359,0.27555122590608255,0.3128745223676712
0.83174110508669,0.7200888034359714,0.7570347115971047
0.5178070050246885,0.5438473844626405,0.432368589122095
0.9238267691165877,0.8436755874633275,0.8234312975370851
0.26037221818672046,0.22064964892484862,0.23657581820007062
0.712540546878015,0.6291414330268551,0.6472215374264643
0.7578581089513388,0.7190814590254797,0.6649034110825389
0.678984023897746,0.5723246421156891,0.6272805611463137
0.806469461000673,0.7816241233542486,0.6993693387579357
0.577482937053641,0.42654250636491,0.5565289388917876
0.9027866595225036,0.8296498078732527,0.7895582756574687
0.3247227555696003,0.2722084470777201,0.33297926732191513
0.8113281840640778,0.712603704110518,0.7829767803701861
0.5663766186872456,0.550961872124553,0.37801735563649075
0.9086983346190977,0.8518736551057179,0.7890071955674027
0.3069729837344313,0.20812526114772362,0.3324985983403525
0.787140112668964,0.5952979941349452,0.784801768516417
0.6199370560768822,0.7237947775098231,0.3811636028605812
0.87177587954456,0.6453284027233359,0.7829468511230925
0.4135959729388146,0.6630619609269088,0.35915914360524753
0.8973770731981568,0.7492349058594875,0.7967908236166593
0.3407384082769266,0.4714004161417305,0.31631584320372885
0.8311522579867824,0.8822636331284617,0.7613753028459948
0.5192512735119457,0.12395216955120493,0.4227330570969247
0.9236287373322226,0.3895032786045003,0.8199890573667457
0.26099316375333514,0.7710926233343307,0.24615186870305988
0.7136402092412318,0.5912808685178704,0.6645898076111887
0.756124085682842,0.7563206000401287,0.6395147225122089
0.6822816751125744,0.5031817915153863,0.6641715950566057
0.8020615463971693,0.811282110816719,0.6484765536658753
0.5874076420961577,0.3682920605858631,0.639944289428573
0.8967316451818029,0.785153850262644,0.7067827501350986
0.3426348063319583,0.4156646457247555,0.5174183432713167
0.833373924540733,0.8320859265738921,0.8579571433660311
0.5137887578143459,0.24257995742512953,0.16734441800733554
0.9242965195843681,0.678280243235021,0.4839539089590713
0.2588981148337904,0.6935545153830739,0.7501154199437313
0.7099185595864096,0.595290160768654,0.6196038820952243
0.761956533862318,0.7631391504512465,0.7008377521659606
0.6711014651573088,0.46932974603239286,0.5663476521982246
0.8166798678977822,0.8351227683626121,0.7615938235863022
0.5539412866924996,0.2660687829439169,0.4266441205414837
0.914234249082843,0.6927373091345136,0.8154480463727718
0.2901169514810607,0.5786252919901704,0.2616279988106452
0.7620116919942674,0.8610784489949151,0.6882640082874
0.6709945310557142,0.21511277497593667,0.5883646984453146
0.8168152202914347,0.5875865316961945,0.7430372518862272
0.5536240299092519,0.7413626332765713,0.4675007117739206
0.9143605146402792,0.5861575960987276,0.8225430708899607
0.28972984645605887,0.7240846157901567,0.24215303656055437
0.7614099113558475,0.6850556857960047,0.6546120047749896
0.6721599755062334,0.6361733357797046,0.6417026486723065
0.8153354884846646,0.71161314367972,0.6827730021708756
0.5570850598979104,0.581383039657325,0.5830541667004431
0.9129427949648725,0.7843731857477185,0.7744151539125285
0.2940695179204171,0.39634635629440973,0.3670716286573454
0.7680927552367411,0.8461923847070189,0.8210899481503333
0.6590672159814193,0.21405012336016163,0.2942033359033636
0.8313811969597059,0.610729781090485,0.6948896575231994
0.5186900585157447,0.728897177522615,0.557619761482
0.9237075223369088,0.5843720023118166,0.8019567319976839
0.2607461614059366,0.7306351360559115,0.29450894467076355
0.7132031226566217,0.6578606674385787,0.7422003146593513
0.7568143854110225,0.6554966788247298,0.500045275372839
0.6809715743500474,0.7224913523579726,0.7786234092709308
0.8038223703258816,0.5328614489392873,0.4291245008644147
0.5834602789713828,0.8494525118338639,0.7733372392949899
0.8992272127858704,0.22063221649243403,0.4715820988950822
0.335285240513534,0.6083662835189532,0.7573720306204088
0.8246154776270679,0.7163066666900793,0.5820115874401829
0.5351117292343174,0.6013796780040023,0.7130053449704236
0.9204385159396512,0.7346349982465238,0.6086038403720212
0.2709563809635154,0.5580567860380763,0.6620503995351105
0.730894376141078,0.7844744810049166,0.760556852889708
0.7277448121457628,0.40044576232524254,0.45509497964836737
0.7330895120005575,0.8346399027942994,0.790021561438584
0.7239763337627653,0.2579475843327661,0.38543886893272744
0.7393880270825045,0.6837629640436417,0.7695583320769112
0.7129654782113206,0.606875639655328,0.4320976101097389
0.757189108833827,0.7969315136988853,0.789619795773207
0.6802589204998691,0.3600145762951487,0.3788111871025583
0.804774869846821,0.8163764071394191,0.7722894947733892
0.5813154312264572,0.3144529936351419,0.4055856923979866
0.9005348623844848,0.7638482718017171,0.8025304026242739
0.331415748854175,0.43664727374103907,0.30044568014069417
0.8198435959827254,0.8773531983893236,0.7420334611132903
0.5464902742027048,0.1463350784871566,0.4687411173302085
0.9170030212968622,0.4447645387632987,0.8239001372898116
0.28160137684836833,0.7868907598275536,0.23752240190008256
0.7485175532002449,0.559120482155762,0.6469578448810395
0.6964843952800446,0.7870970724032174,0.6559568963702398
0.7821573649223104,0.4269138233438702,0.656774603966091
0.6304327192543635,0.8126543298534342,0.6330883741763397
0.862053031267276,0.3697018773086322,0.7044615928277215
0.4399951294356545,0.7766483597192428,0.5315737996536616
0.9116778373816579,0.49056192171608937,0.832735560939315
0.2979290253724168,0.7812599449017131,0.21447319080622315
0.7739190884883169,0.5789512227360206,0.6011658058994643
0.6473828319583994,0.7822198713826497,0.7058261075333451
0.8446297131225121,0.4230858662424555,0.589628600316495
0.4855523350824516,0.8228529257365819,0.7009090418860784
0.924227680420192,0.3202974136213107,0.6437130628376392
0.2591142381116229,0.7404605344400416,0.6151942143507046
0.7103039839619875,0.5442247899073226,0.8168744578291964
0.7613572670199499,0.759781622802828,0.3243852773515378
0.6722618022106919,0.5913162729800536,0.7164839900931158
0.8152057245467605,0.7440124016638465,0.5629950897900708
0.5573877994879215,0.5523809112615677,0.7316548933884749
0.9128145697387562,0.7729677090162769,0.5672437541691799
0.2944612847422008,0.4879625787284744,0.7060638470342991
0.7686891951616414,0.8066391856305967,0.6888768233138846
0.6578826306925408,0.3673056932762592,0.5854781613357997
0.8327703772247302,0.7924228104615177,0.7487493950398507
0.5152763413543298,0.38443760172481983,0.45040578063673703
0.9241365435608562,0.8252581881120862,0.8280169607608492
0.2594003119401248,0.2717717691242117,0.22366583639504323
0.7108136233903157,0.7237924620864529,0.622731084599577
0.7605631799142706,0.5753947842161738,0.6969076453908001
0.6737952683099648,0.7631142585238305,0.5737489326203441
0.8132422574383492,0.5081795561961341,0.7551315467679869
0.5619533661732297,0.7912501328499392,0.4422154115962372
0.9107985875532812,0.4843940999647694,0.8181769261479145
0.3006047257176476,0.7855513729405174,0.25532225495979805
0.7778936409973023,0.5565528635261742,0.6765935894564754
0.6392679598850711,0.7822866644478402,0.603463559174813
0.8532364107929657,0.4549552257740947,0.7358685186176468
0.4633289409333818,0.8034153690193667,0.47189375050509136
0.9200243636796507,0.4453591736459486,0.8396045314484653
0.272244275487367,0.7841441246342963,0.1919851455417962
0.7330711208213849,0.5795931905698959,0.5561651371501554
0.7240080547645347,0.7921136022464971,0.7551817356313465
0.7393354481822542,0.3831753620014514,0.46905902453338333
0.7130586100005781,0.8215178303453496,0.7877218948073602
0.7570423062070998,0.2953963236556034,0.39736718209293687
0.6805382354330216,0.7398068067749749,0.7704858902639936
0.8044019985229041,0.499618106247642,0.44809702211079305
0.5821558661924693,0.855448494473191,0.7757985648495516
0.9000265305056109,0.20195878447007978,0.4663844898478248
0.3329214670990812,0.571551842069646,0.7578930249034708
0.8217136262216035,0.7523776003384188,0.581659675164823
0.5420512680023819,0.5291838828375993,0.7140108421587225
0.91845725617975,0.7906433657772516,0.6048094241674399
0.2771060415769056,0.4344144967431371,0.666939101040173
0.7411776482043904,0.8128492822877414,0.7524034302384632
0.7097833654244177,0.3303974991382626,0.46994228929232473
0.7621664764874594,0.7741611657828621,0.7932162187208264
0.6706943328427567,0.4152478995263645,0.36834508236804175
0.8171947455208549,0.8566667592371816,0.7667023917976615
0.5527337256316524,0.20141836908055158,0.4147777168768644
0.9147108704697208,0.5745917160751659,0.8112775912451861
0.28865510748271195,0.7375070135286361,0.2727215189493879
0.7597333447053671,0.6513181688372548,0.7063525266848613
0.6753927816982027,0.6744245348338366,0.5569414941427273
0.8111782768742165,0.6797515853826906,0.7674768124417487
0.5667218960058957,0.6141883773474139,0.4148326885753602
0.9085282977955004,0.793798468383024,0.8089791810028177
0.30748713063115074,0.3618531247749674,0.28086634912200503
0.7878735419712779,0.8322074200422402,0.7168221330437684
0.6183766481817705,0.289214630472549,0.5292098877853033
0.8731517859114224,0.7158307189589067,0.7959256160973897
0.409803655283129,0.5410174384453936,0.32624672136382105
0.894899091778947,0.8680383474325851,0.7642136095914115
0.34800241705500246,0.16764390131407883,0.39675352078545334
0.8395179186818508,0.5008536982246886,0.8351169383674888
0.49849205670759333,0.7776886823209351,0.23179323836173313
0.9249915865959994,0.5814152125420857,0.6161834595540903
0.256713959893676,0.7766411339296044,0.6517994155060204
0.7060040399507213,0.45322970694727976,0.7773494037171802
0.7679806414387322,0.7958042630427908,0.42432285892769
0.6592895905121169,0.47917821149392503,0.7783467530365711
0.8311192575115838,0.7941744707896161,0.4365235116409063
0.5193321380284165,0.47921368764289773,0.7698898970306882
0.923617193225226,0.7957900617922465,0.4991017032398741
0.26102935233473173,0.4554090746191193,0.7456054324819656
0.7137042093514362,0.8016618426174579,0.6277520928562793
0.7560228903502669,0.3997225418522071,0.6900756538672469
0.6824734345817723,0.7966544328707827,0.5869158382429851
0.8018027489861472,0.42531779568833383,0.7416759826981197
0.5879858726062969,0.7977381107671319,0.47485377940551904
0.8963563990203215,0.4583870430105397,0.8159647978964462
0.34373593833588184,0.788843331280665,0.2660603297558382
0.8346517092192609,0.5456808565658297,0.6898308993110858
0.5106304640115207,0.7865411139094376,0.5656395186873862
0.9245818749691291,0.4566805435096262,0.7984390993854992
0.2580018563564854,0.7920539045791685,0.3033859389002532
0.7083165243504437,0.526463866579689,0.7548859746661698
0.7644356350254387,0.7833846534143545,0.4744439965541577
0.6662730412361642,0.4927712041088349,0.7824976742429453
0.8227071203048844,0.7905655457880398,0.4245827961848268
0.5396824236667568,0.4915966764121685,0.7691186369394807
0.9191736294321485,0.793494605822681,0.4945476683885215
0.27488583303811526,0.46242590093890834,0.7480593420256408
0.7374973637823098,0.801294541084655,0.6188432475838938
0.716301508126877,0.40350735972715,0.6949016654387716
0.7518905330535428,0.7976458894941197,0.5895859834287301
0.6902392896246078,0.4220058400121111,0.722822940107509
0.7910933469275612,0.7999917228013845,0.5457334499043941
0.6114792544856889,0.4301858753157407,0.7495289992365367
0.8790177905314656,0.7976015191750369,0.5150466627014215
0.3934784035043904,0.44589720901952956,0.7480637125552014
0.8830166530760982,0.8005117080318461,0.583348781455274
0.38220350082562,0.41684744464083473,0.6981144125126433
0.8736587436943631,0.8024608830216375,0.6772638189680841
0.40840283006477585,0.38180473695080125,0.576429460271922
0.8939568463014734,0.8041595462365965,0.8141035907183531
0.35075261203312996,0.3334330785966364,0.27187144417944104
0.8425833035847463,0.8038652683779915,0.6982575390382579
0.4907557163883576,0.37145510337972093,0.5484454297595922
0.9246838099158778,0.8010509305860991,0.8136082181350837
0.2576815479027377,0.3417156664826185,0.26320543535786556
0.7077425407607911,0.8143195753979181,0.6942841294603329
0.765319236005529,0.34540045008886117,0.593033913070547
0.6645411011201371,0.772720469055283,0.7162581460792605
0.8248270363560395,0.44247007072503347,0.5656313901935117
0.5346033668729631,0.8323793768689046,0.7273569514138088
0.920569645903904,0.28522575997422533,0.5821698078572959
0.27054833989377963,0.704216327252648,0.6905118748072518
0.7302021619956482,0.5928498200029594,0.7202567025112075
0.7289257690663586,0.7416106607222025,0.5391583836496524
0.731094071352292,0.5644015689510058,0.7670932543024424
0.7274034616875407,0.75614276082092,0.4402927076848662
0.7336643627663358,0.5638278919554985,0.7886301700988493
0.7229835726201082,0.7517396062524588,0.38866062417884706
0.74102980746382,0.5885820711993628,0.7714870827750989
0.7100471380816293,0.7337057729491484,0.42713855189304956
0.7617567391997528,0.6131848836398834,0.788935896358304
0.6714886150889965,0.7030696820731929,0.3790488034607049
0.8161891231109747,0.6825239332660403,0.7737686235324638
0.5550904221773576,0.6078231103591648,0.3985721419285024
0.913770667921986,0.804149844974158,0.8032326579256542
0.291537187159356,0.33695528847266126,0.29435765629072563
0.7642100459514966,0.8048399277265836,0.7383592812288473
0.6667142909877399,0.35603008557641075,0.4929430212590456
0.8221634771676841,0.7964496505232064,0.7983538777034733
0.5409795677231403,0.3584650790273367,0.3363131047714026
0.918786497608131,0.8210559325571661,0.7575531460136263
0.27608611685812506,0.30657187137729364,0.40482708164880704
0.7394915198644091,0.7539299748353037,0.8515978152899932
0.7127821040782308,0.44444591880638334,0.2182300466770874
0.7574779718809513,0.8945373711145077,0.5724329907269476
0.6797088477854664,0.15178111229588143,0.7370407257567434
0.8055075011021944,0.4419032871451935,0.5205902619276731
0.579661117050083,0.8402214187910158,0.7606871285497506
0.9015201937922321,0.25180443245777656,0.5008207618872597
0.32849167571507903,0.6617045146700107,0.7493974818970085
0.8161641103936201,0.6478073579341359,0.6001509993651608
0.55514894460634,0.7069053897710939,0.6967588890538301
0.9137467974625852,0.5861617579870504,0.6312617104699577
0.2916102740809815,0.7689292629374028,0.6351804051948728
0.7643227718861665,0.4762557344863634,0.7879316271311239
0.6664938473709302,0.7927660909309762,0.3807011724009042
0.8224352555142139,0.5002859083809207,0.7755621821717091
0.5403313722054894,0.7897985586837183,0.39238372699054846
0.9189815075392824,0.5035818457434611,0.8021108095004625
0.27548163645840784,0.7833801272648349,0.2956220983013522
0.7384885664006402,0.5488159683259191,0.7420390009004694
0.7145558536758195,0.7730951235476874,0.49287676680500137
0.7546734069177292,0.5106677722383505,0.7889360539771906
0.6850233864929919,0.7834161439928604,0.38128373509089647
0.7983354818674604,0.5218910602407026,0.7730966780485723
0.5956849789579679,0.7817996560100795,0.4056795169124482
0.8911242237667091,0.5179622029294364,0.8002426870706187
0.3589808138566905,0.7779822319958765,0.30941184602516975
0.8514202798160708,0.5566170540349025,0.7504461321786084
0.46806401165577977,0.7657987986252482,0.44109143140304335
0.921226342799368,0.5428318595936998,0.834507173674791
0.26850296208791635,0.7568664998460903,0.20624242016987812
0.7267137493203458,0.6331549012812687,0.5868374412780233
0.7348232407157124,0.7293561382806361,0.7313633078302192
0.7209747687931513,0.5327862525770362,0.5159030912181306
0.7443295607602096,0.8309903031413823,0.7802779363214476
0.7041213432332751,0.27152232514038377,0.40545914224516244
0.7708375657755808,0.7036397752822776,0.7825537631741739
0.6535939479696045,0.5679922008424069,0.3917190046504595
0.8377129268443086,0.8385279533357255,0.7839737725938526
0.5030149224563274,0.24885398858222352,0.36731710945768314
0.9249663678975547,0.670015742881786,0.7906039371409929
0.2567932687770527,0.6238509326039849,0.32333076751840817
0.7061467977850416,0.8063342974016371,0.7806796282601406
0.7677629417230006,0.3384866435104186,0.41642471232390155
0.6597211260474264,0.7900111055935507,0.7761302523422885
0.830609899008326,0.381817044135483,0.4415459419040578
0.5205792503075065,0.8247680356498849,0.7705882458176861
0.9234330294900897,0.2920846114968575,0.49716814403672477
0.261606537286326,0.7235090371453279,0.7463295736359888
0.7147236606609212,0.5401747485025299,0.6261789989132842
0.7544068733437822,0.8036006073206072,0.6917553815347406
0.6855254283431307,0.3742267993791844,0.5844691241862304
0.7976471671209622,0.797714961709086,0.7431902987758257
0.5972028064480042,0.37282112165961834,0.4728720857424001
0.890040973348938,0.8133418338142295,0.8143021490385672
0.36211174470334834,0.30894546251655847,0.2726117609560592
0.8546512674896081,0.7733341921820062,0.6981695019749435
0.4596231703316536,0.44662288614595147,0.5452347364574611
0.9189679330159534,0.8368246157993297,0.8221471979993528
0.2755237230860566,0.24095868832585504,0.2417320356226076
0.7385584840805621,0.6680539499464185,0.6552261257264869
0.7144324437907814,0.6631541876901299,0.6467969159394217
0.7548692900846795,0.6728086543719618,0.6649993950345321
0.6846540863954066,0.6531515594697531,0.6279286941596636
0.7988406129966676,0.6922855450344186,0.6971538284949061
0.5945688656879708,0.6121874902127155,0.5626390519413225
0.8919098996772149,0.7596485597688896,0.7815929537576365
0.35670453297948285,0.45266793939057803,0.35617992203610777
0.8490257137860759,0.8720390828812489,0.8022343237503677
0.47426988912964485,0.14196668708191182,0.3177473906570892
0.9225504571600172,0.4424060973063922,0.7461572214669766
0.264369111269284,0.8004197204376481,0.4292455607180842
0.7195689118210998,0.46641676345915684,0.8659852637161441
0.7466211239582828,0.7791727707622866,0.18246937713642922
0.6999586785049471,0.5935264241002872,0.5004342126049793
0.7770611494950542,0.7931272427391994,0.789885990575561
0.6409773419297731,0.36961682683894637,0.37187805205838204
0.8514639395309386,0.8257599082022516,0.7735891690828394
0.4679504670747532,0.2883486542472281,0.3880808430109928
0.9211994615253121,0.7309089801105936,0.8107626158518931
0.2685867503599124,0.5064168715125573,0.27199730525161914
0.7268572591967537,0.8897467440586188,0.707392999887739
0.7345824006140267,0.11904821000577692,0.5643263993535906
0.7213930600919931,0.3695574543059259,0.7487893689010607
0.7436449178894816,0.7699940485984039,0.48367774003078506
0.7053574697505229,0.5204785553617611,0.785135134537665
0.7689647455853532,0.7799563765165458,0.4060360200302484
0.6573344728391629,0.5220641818292076,0.7722643122054483
0.8334096955287641,0.7818911751842117,0.4511899949709474
0.5137005072314423,0.5035186508756612,0.7707269637479729
0.9243054955759245,0.7897230397909878,0.4989805764055569
0.2588699317690559,0.4700863345716772,0.7455119385020711
0.709868273721279,0.8014355626860823,0.6285766136957743
0.7620346384354261,0.4000308930164783,0.690018524140848
0.6709500385620575,0.7968118609489167,0.5853546063750353
0.8168715119678349,0.4254252812878698,0.7458008008665703
0.5534920461419076,0.7970649446262935,0.46155554347899286
0.9144128236983425,0.46426824510637277,0.8223149995303012
0.28956944275115576,0.7874639568939659,0.24276636053334713
0.7611602281309814,0.5561698062338117,0.6557316916881261
0.6726427403975229,0.7871946546767179,0.640134467943491
0.814719591495724,0.43165851805318006,0.6847151498302361
0.5585208412964288,0.8091200394295688,0.5799344270700304
0.9123286511956454,0.39610672202418673,0.7766688273710616
0.29594480859176514,0.7811418887483167,0.3618193295749153
0.77093747177959,0.5331730273221705,0.8161392797393121
0.6533936796270303,0.76678291977825,0.3065312144210849
0.8379404024867758,0.5819484228023682,0.7106455406601716
0.5024462521581812,0.7541916230572829,0.5267464129174537
0.9249778586464009,0.5418543261020394,0.8214741169500465
0.25675713274318274,0.7603305325410425,0.24161619087606007
0.7060817578561249,0.6153386254339382,0.6568299705618179
0.7678621435920392,0.7330455251140474,0.6529939563501649
0.6595245265120276,0.5482376615363193,0.6423616638413311
0.8308421241321194,0.7953376812979582,0.6851460339284068
0.5200109089290648,0.39732298895091794,0.5747826451006524
0.923518385038181,0.8137993472802585,0.7896388100031325
0.2613390568782092,0.3157402659966247,0.32622843480166014
0.7142515306444042,0.775461383494545,0.7835663158469232
0.7551562419811607,0.41512731130981384,0.4070099614212266
0.6841125810587901,0.8501868685963634,0.7748901669711395
0.7995794627347206,0.21793483587158252,0.4368548286361129
0.5929329383780318,0.6061779850886817,0.7754471372107696
0.8930448351683722,0.7143615768529947,0.46384415367161036
0.3534083029256285,0.6387646759028311,0.7594435974639632
0.8454902350907662,0.6781714012873612,0.5722456842350511
0.4833550405906305,0.6697714546419351,0.7170524320895748
0.9239748977071637,0.6439470288554492,0.6161078962459752
0.25990755862254045,0.7079792362035516,0.6521432257529417
0.7117157924956212,0.5968131838793925,0.7760922910787907
0.7591527658694188,0.7242979995853759,0.4254928781235817
0.6765074225862517,0.6315562837188614,0.7801434841835536
0.8097269801562458,0.6824975212738519,0.4269438740695469
0.5700560317241826,0.7025505405650333,0.7718624356275887
0.9068409639505233,0.5730100442367501,0.47905590103571283
0.31257759119169326,0.8150492991875306,0.7545971963205309
0.7950295105030203,0.3237985233158955,0.5945225259893465
0.6029430753496885,0.7506402833448543,0.7076984494116755
0.8857900759789289,0.49504752898334836,0.5988434854931943
0.37431426392183753,0.8263248929600618,0.6814756245912698
0.8665514542620149,0.31722749378869475,0.7054533246468334
0.4278681161000874,0.7292104414137942,0.5284501830219392
0.9057488679026834,0.5922679715166065,0.8365461902550502
0.31586106792405605,0.7146356229408349,0.2055800760795733
0.7995435586675443,0.7120953183056028,0.5815650022933663
0.5930125289048989,0.6093069909323569,0.7192567788792307
0.8929900770268467,0.724537217493284,0.5805551369356099
0.35356755762620223,0.5861703620835086,0.698488445497236
0.8456628973356444,0.7531589576766359,0.6846555521733857
0.48291349720045285,0.49648006450276827,0.5715615374605841
0.9239197902616999,0.8314456024101874,0.8005437680772087
0.2600804422705624,0.263500173588473,0.2981299175893427
0.712022841529971,0.7021534913509769,0.7473892034300647
0.7586713642773604,0.5806136157982494,0.4894674513955673
0.67742976362069,0.8067588751950502,0.7810493477141554
0.8085191122315725,0.3372507943151958,0.4245194726367081
0.5728190423350169,0.7876101793254897,0.7715131639024301
0.9053803321716208,0.389259205799532,0.47898886612083524
0.3169671092671776,0.8240635509242256,0.75489090049558
0.8010461553669508,0.2992038101486939,0.5926037046848623
0.5896734856534777,0.7216700501937524,0.7082181727109281
0.8952470640917954,0.5548198921426661,0.6016731248946345
0.3469851058092199,0.8001121789245904,0.6760863420659323
0.8383698359764022,0.38816756411447717,0.7208194361375966
0.5013716601748198,0.7858059638764207,0.5068829400634989
0.9249930386289498,0.4769058599122484,0.8281690690366541
0.25670939333264853,0.7850005046131748,0.22295458164804133
0.7059958186174987,0.5679606291196782,0.6215806963948589
0.7679931740347943,0.7863281685736769,0.6994781104273557
0.6592647370817989,0.41509342333921484,0.5670977927944477
0.8311485510323822,0.8235900751745767,0.7637051057653419
0.5192603574518689,0.29760219289198003,0.4174088191298797
0.9236274429340572,0.7404640706601271,0.8179272112040445
0.26099722149466276,0.484170891202769,0.25180690532255967
0.7136473859068961,0.8952858511050968,0.6745603373895557
0.7561127396320544,0.11280185225031053,0.6240874330650413
0.6823031790132049,0.3501340193870611,0.6839684057999257
0.8020325384102137,0.7643096672690106,0.6174294004341008
0.5874724792434861,0.4921678073560309,0.6806230618712146
0.8966896918874924,0.8107758185478642,0.6486972243802847
0.3427579668957636,0.36954230725565973,0.6150755382140177
0.8335172891934111,0.7897488143152019,0.7964095318914638
0.5134350058935907,0.3760670675908494,0.33763752293845944
0.9243321522815651,0.8361518335756507,0.7625929754459573
0.25878623079835017,0.26280994540607266,0.39153145427324704
0.7097188949258729,0.6911811747976135,0.8457034377509265
0.7622665449109616,0.57302636850933,0.2453348915229117
0.6705001598557264,0.8686084803356418,0.6139377069476826
0.8174398733099355,0.21809444002814252,0.7170495677801233
0.5521581292819967,0.582046775288313,0.5202909215331862
0.9149342593342693,0.7984208135568324,0.8135552512659348
0.287969373593669,0.34854838994070353,0.2665213198834289
0.7586591498232339,0.8211376783113927,0.6965142750489333
0.6774531435870709,0.32639719024017505,0.5749747885920632
0.8084884127749457,0.7560105414142522,0.7532816743951387
0.5728891269793006,0.4694579635497128,0.44774822138434134
0.9053425481223231,0.8573943682781544,0.8172394410070168
0.31708044912229816,0.18189922597548155,0.2596633347198042
0.8011996202547894,0.5436159489558106,0.6821927621204021
0.5893315184059716,0.7894687669071186,0.5878885336625188
0.8954735553313491,0.4426177543845757,0.7626807561417097
0.3463224680242547,0.7975230929788261,0.4001314323984817
0.8376178998136221,0.48274881153970833,0.837467919362493
0.5032523687841246,0.782160401647604,0.22575805274119962
0.9249608617599806,0.5734256155821021,0.604778528307329
0.2568105840971943,0.7859026065765645,0.665401243734559
0.7061779595735532,0.4268454355611936,0.7598770014593582
0.767715401248519,0.7950309768083436,0.46412251593149706
0.6598153165570746,0.4683797010149798,0.7826860374105928
0.8304985389969196,0.794582891419741,0.42615831360597156
0.520851648167336,0.48152783590188997,0.7681468051713476
0.9233912724442108,0.7957565577007089,0.5024857102570176
0.2617373725468666,0.4544135417859951,0.7443806472779033
0.7149544053287786,0.801842028301359,0.629901635240741
0.7540400334300793,0.3985768120817723,0.6870867227861593
0.6862155472349235,0.7965736794437367,0.5925582781769255
0.7966979488815925,0.42371998788645454,0.7354815490731278
0.5992902103789868,0.7983502466368081,0.48933754033684007
0.8885233802547171,0.4522662542474106,0.8122750014707049
0.3664834570831593,0.7894414014385084,0.2785515512568109
0.8590413312398811,0.5403654412051012,0.7067395603309657
0.44803049310752757,0.7860819320367436,0.5281551685036309
0.915006930307407,0.46956465034381845,0.8323992574971113
0.2877462168482455,0.7851524397599026,0.21431949329213432
0.7583088266897415,0.5703315762355559,0.6017304815274922
0.6781232352004255,0.7890277566729381,0.7089823677846202
0.8076068184024153,0.40546726632895486,0.5752231294562316
0.5748987675076709,0.8179266054285658,0.7231286599760458
0.9042436461155778,0.32634123800240317,0.5785042859340532
0.3203721759281789,0.7554892360173604,0.6978303968521432
0.8056152258311248,0.4873801047006168,0.6949846817151852
0.5794175348387052,0.8089093077812826,0.5646131263710512
0.9016635640925292,0.40160532427300244,0.7836108369822824
0.3280656107378007,0.7825229701247851,0.34816006644990843
0.8156226934194278,0.5343060159991776,0.798546302701993
0.5564145669750638,0.7698840702314483,0.3379117966398781
0.9132243675421595,0.5656134212909268,0.757058362911877
0.29320880165671453,0.7574456941123695,0.4076404549072038
0.7667783810646676,0.5709618781975533,0.8504578299644808
0.6616683929671057,0.7317338767955797,0.21226195982013002
0.8282943236471041,0.6798840644030358,0.5658305593315314
0.5262244971260348,0.6688060421764261,0.7264090791679743
0.9224554202768005,0.6429563735757396,0.5864071144403716
0.26466624615138207,0.7169362597645601,0.6858520068538498
0.720086689908217,0.5704232627552667,0.7288988469322749
0.7457788410234042,0.759940988763508,0.525143639301688
0.7014932168292112,0.5299567087257394,0.7709918004622298
0.7747817892157212,0.778170900565776,0.4404778046838514
0.6456313827670059,0.5154003873164195,0.7803107700957492
0.8465285513074684,0.783234500852697,0.436186995872218
0.4806964635763649,0.5051069806548496,0.7671538915896321
0.9236212818817031,0.7899034985182911,0.5169918642532835
0.2610165352865396,0.46396406173544763,0.7379240734094049
0.7136815432961359,0.8031432340192691,0.6423745893089261
0.7560587328019519,0.39126627710257167,0.67121329659822
0.682405523816677,0.7952597238876989,0.6179612765064998
0.8018944320603058,0.41889012314895235,0.7095566351141042
0.5877810819966461,0.8012415836702045,0.5390441760765353
0.896489582080943,0.4292164175294325,0.7975930669866543
0.34334524181473314,0.7891249916876205,0.3145371731936839
0.8341993609302877,0.5297338164338088,0.7588472316116355
0.511749912469013,0.7808632865691156,0.42754102149395384
0.924489176360791,0.5132773430189541,0.8229512386033834
0.2582930748643881,0.7753727418999088,0.2376894855378771
0.7088377206635045,0.5846428651611161,0.649481262456728
0.7636311837838666,0.7660326782657947,0.6627271830111623
0.6678448160658536,0.47440832969343777,0.6290622364269918
0.8207640355633332,0.8231514050906593,0.6999893521256599
0.5443086039097612,0.3197876927860904,0.5514054094144469
0.9177359661924013,0.7517058564956909,0.800115956609844
0.27933765143241374,0.46493419144210435,0.30122305862583154
0.7448400733211572,0.8843325110029168,0.7493571698883698
0.7031973524355343,0.12157824625364044,0.47543362704462205
0.7722300930638002,0.3805716157475449,0.7940254880310796
0.6507958727927564,0.7702119095418368,0.3631341754767698
0.8408642375700821,0.5571291738142855,0.7657855263404713
0.4951028147193364,0.7620064703037415,0.40964329573566377
0.9249112650324094,0.560652527234874,0.8185024579996396
0.2569665423396631,0.7475362155031047,0.24981214785902525
0.7064585322933467,0.6386861561755388,0.6714731181969277
0.7672870354401253,0.7007518133877007,0.6308735619949243
0.660663270536828,0.6158268045789379,0.6726598100189749
0.8294930599515171,0.7285913155200386,0.6413409027973399
0.5233069967420079,0.5605697547457632,0.642889495837357
0.9229901004406118,0.786978569377874,0.7194758136417144
0.2629936872381922,0.4072068581046973,0.4851813446827609
0.717163628530893,0.8334243876572975,0.8781432634041492
0.7505078462401964,0.23202410713285265,0.1461595774513125
0.6928095301967631,0.6599891026001462,0.42036711010636185
0.7874505947416229,0.7372700963412896,0.7899162665663545
0.6192769756559429,0.4992443104435265,0.3685206236129394
0.8723601113899752,0.8714051115199081,0.77440647083257
0.4119874055488876,0.1536514562263864,0.3796635241439483
0.8963389979065409,0.4682270125895878,0.8135645370747455
0.3437869753322242,0.7888108469871115,0.2725476368939035
0.8347107164193361,0.5437083409035337,0.700068040676243
0.5104843243620026,0.7855254827697736,0.5473570199418264
0.9245932920878877,0.4648510961098602,0.8098903316995727
0.2579659843616879,0.7897386528513862,0.27323322702065533
0.7082522805137751,0.5413615830571937,0.7105118587543463
0.7645346543450042,0.7846757196552059,0.5638586395265607
0.6660792416071056,0.46168932343290475,0.7423943278391251
0.822945436376672,0.8023498500142832,0.5136339818286771
0.5391131069568794,0.4346040084691756,0.7602314095613673
0.9193396099974649,0.7966744698388104,0.5141398752511241
0.2743708785025441,0.448459653799881,0.740188576852718
0.7366385482694594,0.8021808952885029,0.634156668848562
0.7178081306498142,0.39635240490752915,0.6761896969504608
0.7494705874244839,0.797188360375245,0.6203709644281681
0.694728376237307,0.41332591178648964,0.6901203745797646
0.7846991801055329,0.8025052839680621,0.6037593016950653
0.6251015943347782,0.4052862790458369,0.7004427355912363
0.8670934870511173,0.7975388638212203,0.6054013319618523
0.4263967755292093,0.41722652449091047,0.6786970595024056
0.904955491785759,0.8058333594957567,0.6954528875485282
0.3182408837884503,0.3672736598121562,0.5361476237999441
0.8027654075937866,0.7996452963878494,0.8568896219165892
0.5858324994689027,0.3315208899373058,0.18103030905752782
0.897741293529207,0.813697772540233,0.5090996355135176
0.33966689466033895,0.4073229185951023,0.7468760653482375
0.8298851927289224,0.7908455279343921,0.6017985855672155
0.5223503105873466,0.43487367412330463,0.6916803244056565
0.9231517153816019,0.8086499375448585,0.6488024171247807
0.2624877153475487,0.37503750304767475,0.6080539415221122
0.7162752841649399,0.7947557222848636,0.8227238901168293
0.7519325053996858,0.3550442547893158,0.30684064630895513
0.690161047075238,0.8219972012538354,0.6989154240087465
0.791203471848422,0.3232786840348238,0.5898637928797205
0.6112419905386736,0.750672842818989,0.7132782229352419
0.8792133123016765,0.4933011792674456,0.5863918862743672
0.39292987596080714,0.8291232519221949,0.6960101431325136
0.882583157591458,0.30471112816897783,0.6776844168123092
0.38343147185119375,0.718240136441528,0.5733079416658055
0.8747235795073177,0.6002541882597927,0.8220787948032898
0.4054542841565249,0.7096250935793836,0.2564700473586262
0.891926098177886,0.7060976375932655,0.6677838114755911
0.3566575541981148,0.5958315984002587,0.5870312407386985
0.8489758899566743,0.7703769269555444,0.8180754442400963
0.47439856444710465,0.41657750095829715,0.2758296724596765
0.9225748960412345,0.8727320212933892,0.690720030753012
0.2642926917722372,0.17872238090885462,0.5397918516885777
0.7194356399376829,0.5162418597892593,0.8670445671740049
0.7468375997230164,0.7649609635731826,0.17932211761820765
0.6995634376430259,0.6247579318640778,0.4938865882345089
0.7776454071175631,0.762742207515534,0.7916589696628508
0.6397782032541337,0.4425208083856397,0.36730638423986467
0.8527095994116706,0.8674951315369268,0.7705018967106848
0.4647049723865777,0.1671382432667681,0.3949971073423898
0.9203907657953407,0.49977988337221946,0.8155618922806187
0.2711049349258258,0.7819592458912396,0.2593107209259615
0.7311460819833514,0.5633779919066448,0.6863752894435284
0.7273145084998596,0.7751411170318964,0.6000467740648786
0.7338140226342289,0.47279567172768994,0.7181961021346962
0.722724710432521,0.8063785112815011,0.5420835666701239
0.7414567024421738,0.4153299297855912,0.7667009056079577
0.7092850451292807,0.7905275680962922,0.4380085221535684
0.7629391485753694,0.4874411828960808,0.7914350930677438
0.6691931153419013,0.7900925805267878,0.3725172554632661
0.8190826519673378,0.509169746190217,0.7698287243439892
0.5482891664899161,0.7878927630795034,0.4069346081717684
0.9163721786789241,0.503456788203125,0.808533323326991
0.28354657264201455,0.7821301952789425,0.2795157636234388
0.751647281004431,0.5566745624923156,0.7174562349051976
0.6906924900633847,0.7731027629233373,0.5383819522687153
0.790454584663676,0.49657841981735523,0.7757772432658904
0.6128536967170503,0.7908620517061271,0.4017958415526888
0.8778769596079955,0.49810319534926256,0.7956272822123567
0.39667331257044436,0.7864646034285923,0.32550363344775385
0.8854973039598892,0.5324069227162262,0.7650823453700641
0.37514976596673005,0.7780961564918485,0.3976092809909542
0.8673259505287997,0.5289130535442442,0.8313348317742331
0.42576509045202104,0.765958515808786,0.23319278355116888
0.9046099593562925,0.6061793371895483,0.6254736037805061
0.31927588892188735,0.7507244149503851,0.64510985356839
0.8041535439975963,0.5136589851270918,0.7692812362980543
0.5827153001926981,0.7862354857879568,0.41280583769341095
0.8996852627219178,0.5054767131002752,0.8054981913287805
0.3339312558227726,0.7820223899550378,0.2929376401977534
0.8229583371673749,0.5527180271140093,0.7313772528220268
0.5390822760801117,0.772796503450699,0.4900909856509155
0.9193485300766724,0.5122039758916813,0.8239549929244059
0.2743431981933766,0.7756238087031321,0.2365970400830202
0.7365923288541033,0.5844350118243694,0.6459387207661582
0.71788905873135,0.767047673218151,0.660453627335357
0.7493401249151153,0.47279157481832723,0.6445742633813322
0.6949691577970646,0.8203019596161546,0.6590434667923178
0.7843520017792424,0.34095129572488897,0.6526973002676071
0.6258325746113096,0.7603640704496322,0.6384849746981395
0.8664148037167503,0.494563468382475,0.6988236336058338
0.42823870898369676,0.8066432227791147,0.5407568287802664
0.9059461733131918,0.4150872177885014,0.8311914344845351
0.3152685061777912,0.7797387414007201,0.2207556297087755
0.7987348182037963,0.5803480874485677,0.6120850847341965
0.5948027810531555,0.7785080553953766,0.6877079261099067
0.8917460010069737,0.4376432703476443,0.6353082974479379
0.3571797615716635,0.8190866322598545,0.635279539004975
0.8495288041325106,0.3519948745485122,0.7711583426256963
0.47296957580227883,0.7536196315077096,0.39443164015203963
0.9222966178204577,0.5829588009799732,0.81392012939404
0.26516259633638856,0.7291926640550628,0.2631391337773276
0.7209501572099759,0.6696876815793446,0.6933867174303107
0.7443698037068817,0.6504180056289313,0.5909189632046118
0.7040485764341625,0.7057375877279402,0.723304627663934
0.7709474602842095,0.5808150248364569,0.5408057235675892
0.653373652932486,0.7946693261491383,0.757032682041108
0.8379631335687378,0.3761462949731593,0.4863851418076573
0.5023894052890784,0.813834994250872,0.7662813175472493
0.9249788757467488,0.3232480936655918,0.5122420007594423
0.256753934125409,0.7606756263386615,0.739917284323656
0.7060760003151764,0.46300744593185844,0.6398850021888798
0.7678709237481678,0.8213186543450591,0.6764847553220588
0.6595071223781223,0.33248751898772383,0.6063524582484755
0.8308626682694078,0.7582897199152654,0.7279661492486222
0.519960610558897,0.47201897084682165,0.49474097857412175
0.9235258238966294,0.848629643371537,0.8269987863051862
0.2613157430229206,0.20484259122641446,0.22672517857475497
0.7142103542438082,0.5971171640639066,0.628494900346495
0.7552215192985461,0.7592339723496057,0.6890282792092339
0.6839893115216847,0.48172201485771393,0.5889305183865845
0.7997473530093729,0.8302568413081897,0.7394509980639759
0.5925606401463354,0.2871432829654248,0.48015758528461533
0.8933003532140924,0.7185862179383831,0.8147263618681891
0.3526648789981794,0.530211392925724,0.2704058810483204
0.8446817398417019,0.8842009756293276,0.6957608678911028
0.48541964341287996,0.14095575175267874,0.5523623791197709
0.924213428846632,0.4265662593304601,0.812549414618049
0.2591589771088789,0.7859738303383232,0.2662162196929352
0.7103837262632064,0.5521721076508556,0.6990870066488922
0.7612331445773505,0.7803045707156925,0.58390742016876
0.6725018034446478,0.4657526825306726,0.7260136341682728
0.8148995728908731,0.8053093992433802,0.54467616295116
0.5581015582746393,0.4171985919458276,0.7450324815048406
0.9125095730264173,0.7947534425005615,0.5403262732309684
0.29539265299778256,0.44482467645725354,0.7267293463243824
0.7701025841450425,0.8041856257396893,0.6529007452281427
0.6550649979412299,0.38521941951399524,0.6419112466081177
0.8360329317298996,0.7962894102185044,0.6868862211052842
0.5072029145341322,0.39437948322670385,0.570369769664662
0.9248080366821918,0.8128546243267348,0.7958616315100825
0.25729108828981967,0.3162531766624113,0.3099654362377046
0.7070418214529015,0.7781652350261543,0.7637585984527766
0.7663946314270199,0.41478694993905096,0.45520110624093774
0.6624254312833903,0.8420278310687682,0.7829887063017491
0.8273865233078972,0.23908480643976865,0.4246240460482802
0.5284268381185604,0.6470614663447842,0.7683334066359022
0.9220100850359504,0.6643860806446488,0.49974632324960944
0.26605770607341456,0.7100440779251475,0.7456913006126451
0.7225027115157583,0.5664425377578881,0.6260863527161923
0.7418224104621004,0.7864559940911262,0.6899206667782838
0.7086311106537078,0.4177875043041693,0.5911006772065961
0.7639503207693814,0.8206695882954708,0.7315775480396708
0.6672218442132404,0.31615305917595143,0.5069476809904007
0.8215363628263141,0.7531279188067268,0.7945218079393267
0.5424731593075721,0.4634506281398125,0.3462242627788545
0.9183253137322043,0.8757673212900037,0.7669062963651546
0.2775145479961556,0.14260732940776305,0.3832832416484734
0.7418508274925867,0.44031881084697083,0.8367765075258391
0.708580255792259,0.7841568537042561,0.259778154586998
0.7640288245064525,0.5583007276783388,0.6417022212587045
0.6670684853700413,0.7888467482426095,0.6591925899075121
0.8217260484257933,0.4216245893864887,0.6598360748582605
0.5420216941279993,0.8104993294923953,0.6180812403660993
0.9184664557236676,0.38018905657902097,0.7441259965010176
0.2770775541060655,0.7775759527879951,0.43491538528921986
0.7411306575316636,0.5184851138005334,0.8660399372123578
0.7098672221938859,0.7640968499856708,0.17483542419398204
0.762036271479902,0.6279193087114899,0.48703298017865104
0.670946871986971,0.7608195738407776,0.7809197872754305
0.8168755177441196,0.4502028827242378,0.42685047657763947
0.5534826531412657,0.8587588080606834,0.7706213460483899
0.9144165415079929,0.19377305723550384,0.48695218500293985
0.2895580414608499,0.5527874395587045,0.7512558336724858
0.7611424737189646,0.768353062430139,0.6081454153557269
0.6726770511537777,0.48588131916633437,0.7013388748617568
0.8146757532178918,0.8079395224985493,0.5904912593055689
0.5586229302459842,0.39572239639395795,0.7071145904228291
0.9122844025826855,0.791968533540863,0.6124210229257437
0.2960798141320409,0.4287642673207135,0.6595039717965497
0.771141263843635,0.8127095831678797,0.7572512313342407
0.6529849356527224,0.32919393570058453,0.45023804216320934
0.8384037550143298,0.7754333369057631,0.8031888772982279
0.5012867247911454,0.40910811024563165,0.31868596913439
0.9249938740554539,0.8616213455068581,0.7438046083441961
0.25670676595674713,0.19433823837670897,0.4336747616894563
0.7059910883944674,0.5581261189934221,0.8691046832583992
0.7680003845576321,0.7382007096726751,0.17776158149885624
0.6592504373447569,0.6780349045792232,0.48911574892752224
0.8311654033603636,0.6925324849396376,0.8005793944952887
0.5192190597835205,0.5831092006939027,0.3277399845509568
0.9236333226418386,0.8424477335021018,0.7515469932754776
0.2609787894055126,0.2484620738747557,0.4169521512393236
0.7136147852779992,0.6643956606225248,0.8608170968481675
0.7561642769893471,0.6140727148906274,0.19998028106168927
0.6822054938197427,0.8466914577656236,0.5346688080267631
0.8021642846810438,0.3095832201686755,0.7796272350660484
0.5871779567338145,0.711398876858589,0.3889723776688123
0.8968800142809535,0.6653879411408213,0.7927846631574907
0.34219914077809555,0.6306012714227038,0.3266978765877228
0.8328658886666662,0.7981192653335567,0.7735566182924218
0.5150411105999572,0.36209595979360276,0.39391284077766126
0.9241629304701036,0.8160600588635992,0.8069807916935748
0.2593174911355521,0.30398291119400134,0.2811248986221646
0.7106661407288454,0.7655793313500465,0.7226282854256789
0.7607931754565329,0.45709588708319443,0.5402053431717435
0.6733516026506027,0.8392716600007591,0.7595929176431588
0.81381212087633,0.254900196356767,0.47472560026455785
0.5606312253270688,0.6695175465510957,0.7730887025167733
0.9113982617067515,0.6293385887845431,0.47920485864326684
0.2987804399792537,0.7611335375347225,0.7536927409293858
0.7751895480607119,0.4577747328248644,0.6005053152053957
0.6448016367611223,0.8283018972580919,0.7062209180486759
0.8474201981678099,0.30359787636923885,0.5896503490589885
0.478407061848647,0.727584420540101,0.7002290252188832
0.9232748565813699,0.5454258613499757,0.6468612111203693
0.26210206440827666,0.7960740031362299,0.6108739621958369
0.7155969172924262,0.41912554584206346,0.8202253773321087
0.7530164862398102,0.7827652760772658,0.31375493208898253
0.6881358334561817,0.5445269724630075,0.7064584672043899
0.7940381602280673,0.7836313020469277,0.576978878456216
0.6051037732198656,0.4600559314955534,0.724698919594507
0.8841268283633041,0.805608087256011,0.5667714511049895
0.3790523450067302,0.409323708819669,0.7129755145515537
0.8708751595810272,0.797185009857666,0.653164104060325
0.41607097922126607,0.4028773911884965,0.6152018595434668
0.8989369020431546,0.8102036435910345,0.7782430813471483
0.33614258829637866,0.3290504320779701,0.3621639603456028
0.8256577699302227,0.7868661239051696,0.8106290689540009
0.5326039624710742,0.37879296452718164,0.30333476753199734
0.9210668320353836,0.8435070398711043,0.7214978455213865
0.2690000749508382,0.2555356084733385,0.4816728865194132
0.7275644281209421,0.6698626399646478,0.8769224978804638
0.7333933948997576,0.6009674160073886,0.14629043552985727
0.7234518359035134,0.8712987818093203,0.4216737280268696
0.7402563250159925,0.2769171490694154,0.7851535287645761
0.7114245236722961,0.669915686619269,0.39503142361252797
0.7596087819227881,0.7300112337316252,0.7765975275011646
0.675632137289695,0.5182484986448044,0.4094328441787387
0.8108674036988989,0.8588660481668545,0.7888366408299523
0.5674373920747716,0.18719129946480118,0.3637962615233995
0.9081731331555681,0.5478899117926348,0.778415934090836
0.30856036546887755,0.7657362880105021,0.3588680165323004
0.7893982054231841,0.5681530662399757,0.8116111807274804
0.61512011118201,0.7429947507747121,0.31250855218266127
0.8759652320053343,0.6289275376050673,0.7223385618771614
0.4020055339957483,0.7004482231625797,0.49300651134046103
0.8894692131404036,0.6549913132106432,0.8505415206109712
0.36376080845844094,0.6313567558844653,0.17027659062678946
0.8563238659459789,0.8367755117991853,0.50079482061088
0.45522321946205485,0.34865978565683986,0.7584606271954385
0.9175816477212297,0.7526455195124553,0.543389392166988
0.2798145996997643,0.5401316762116324,0.7235549280807223
0.7456180411301123,0.7825861411194298,0.6631017891419821
0.7017855781242041,0.4355746672289228,0.6332715768927389
0.7743455477059988,0.8189758206116938,0.6861595709884658
0.6465177256794136,0.3356224906817261,0.5885521210370214
0.8455704574284089,0.7638519986432294,0.7486259498239624
0.48314991812506497,0.4531086530255713,0.44684231518160317
0.9239494765409896,0.8557012941496261,0.83313151802854
0.25998731296029726,0.18157682043671686,0.20925844512021397
0.7118574672219323,0.5465346523037546,0.5937841592054122
0.7589307302545393,0.8070050611922586,0.7282049820541503
0.6769330446404488,0.3536609908395892,0.5152087930141336
0.8091703815427657,0.7911671999335889,0.7896347937757628
0.5713305981537927,0.37464462165642765,0.36235583784864245
0.9061741993379819,0.8312993237645634,0.7767112037743874
0.31458332323095267,0.2718382661332772,0.3636287228264755
0.7977964271109137,0.7086823230801953,0.8150620812952781
0.5968739655999047,0.5493393450771976,0.30063604540679867
0.8902771087191095,0.8697375944072473,0.7103681991756394
0.36142998011645383,0.18111816916796863,0.5124024026899908
0.8539538934810526,0.5235061946875086,0.8553487550296104
0.4614515727715339,0.7637992455562631,0.1680940558952476
0.9195018694053831,0.6305935961760043,0.48917210609014744
0.2738672717919387,0.7571457627596041,0.7496459885697909
0.7357967601627627,0.46801498078013304,0.6160365943748121
0.7192795852179548,0.8258071613515333,0.6986010004960552
0.7470909149745745,0.31298795819877595,0.5822786553314526
0.6991004950270021,0.7399016727426866,0.7308103917491787
0.77832827365601,0.511159235904504,0.527458851928306
0.6383734767095613,0.8366830966071285,0.7629807075385235
0.8541552894902414,0.2611669570812205,0.4779024097871645
0.4609239144265081,0.6794592521080328,0.7649023625333067
0.9193503202841367,0.6153747495550611,0.5279307501291195
0.27433764284709033,0.7647330606268552,0.7329566066060557
0.7365830520875128,0.45587755735949187,0.647689101205357
0.7179053000203418,0.8195343638551994,0.6580283713249084
0.7493139368252659,0.3433429023161959,0.6481397438106343
0.6950174753473431,0.7632196608586176,0.6540991154307707
0.7842822819438491,0.4834157283008551,0.659818754625799
0.6259792614393523,0.8163736505781523,0.6279899688729663
0.8662781350426229,0.36158137060493173,0.7118175937060088
0.428609212821883,0.7696242774163877,0.5164430950008703
0.9061424153725286,0.5112175337979802,0.8404532962454195
0.31467885221086334,0.7726625664645699,0.19419242549428717
0.7979274670738329,0.6039582847808879,0.5576687260097161
0.5965851301429898,0.7694248527013634,0.7396367855058591
0.8904838567504685,0.4429727703669456,0.5398735418647759
0.3608327231839344,0.8370473320087701,0.7317861049651552
0.8533401355353221,0.27057274012134114,0.6245228005306088
0.46305776989355674,0.6784411024017475,0.6591457998907375
0.9199505050486216,0.6457635205918522,0.7136930918301071
0.272473821244808,0.68033553968353,0.49750224840368484
0.7334578005299236,0.6866835877556526,0.8757542563213285
0.7233405848754025,0.5727176899877156,0.1478369922873636
0.7404402376457987,0.8911443357005547,0.4258755249285525
0.7110974208470779,0.21487646599319335,0.7834265414125718
0.7601201519733333,0.5703673053100728,0.4083331145085662
0.6746487741882691,0.8331231687816001,0.774588625805599
0.8121418809957794,0.2673983555376848,0.4404859353109077
0.5644995506751418,0.6933745895793066,0.7737292126853248
0.9096072894620079,0.5890580233205482,0.4765611062543018
0.30422091315247135,0.8027307095662096,0.7545629174779211
0.783181031866647,0.3562942336315778,0.5971139943734298
0.6282914618064818,0.7818385980467271,0.7078568624980761
0.8641028130619574,0.42337135078368926,0.5913831827748695
0.4344878236253666,0.8226541506820303,0.6945283549967581
0.909120172562638,0.3229377967983679,0.6685247896969306
0.30569653228857396,0.7401363609501838,0.5812420014896219
0.7853108010106649,0.5549451804799277,0.8343735566511933
0.6238116632586154,0.7483756490034761,0.25198586111189786
0.8682814865522004,0.6363780168526191,0.6383023436559797
0.4231643626527353,0.7122152861998622,0.6371551145423126
0.9031562538837267,0.5932498164027743,0.7521725901616815
0.3236206293314284,0.7336404027737621,0.42170967182689545
0.809894175129467,0.6149046716876098,0.8526091434374092
0.5696727208170607,0.6853830059147968,0.1912711945344993
0.9070391343036073,0.7626556629240313,0.5318490790723845
0.31198082963786883,0.5219782855440904,0.7332633952187421
0.7942005288324429,0.7900750618105632,0.6360824120844434
0.6047503806884307,0.42591627277126853,0.6590406716677683
0.8844012236588268,0.8119753945478542,0.6764845220582334
0.3782720872235075,0.3573822004020661,0.5748204584849989
0.8701745664289909,0.7859431769232512,0.8221996504066343
0.4179919243657019,0.37745308625621404,0.25763418350931033
0.9001162994638091,0.8493349927862047,0.6684071736491238
0.3326557035425336,0.2566272966371252,0.5838394921002263
0.8213847798396757,0.6611779088235891,0.8261648803792725
0.5428337461633919,0.6283051696723598,0.2628135680500502
0.9182114997015575,0.8167219719992574,0.6636568295008584
0.2778668236142844,0.3490083416636815,0.5866142317454789
0.7424303522105324,0.7769284381594453,0.8368922131711826
0.7075418400101857,0.39503207568904,0.25925985630642256
0.76562762318719,0.8623845741210802,0.6410294832488229
0.6639352734597196,0.22747507409549816,0.6596957957979168
0.8255633366280418,0.6042342827837711,0.6599316569993017
0.5328315012213806,0.7444297774445381,0.6169231858532566
0.9210117423519368,0.5354580411579573,0.7476573203263334
0.26917171736660966,0.7801118595794312,0.4263964997718865
0.7278577245651228,0.5153563818026797,0.8639374408364288
0.7328991722172171,0.7660143367680452,0.1857548697241156
0.7243045096479795,0.6205971312227182,0.5081941568217113
0.7388437017208439,0.763871400405334,0.782515295728523
0.7139286387486528,0.4427092997872272,0.4018260014677647
0.7556677888356491,0.8614363489308738,0.7793961054686787
0.6831457324819927,0.18263498005199189,0.4040228637873852
0.8008932704924472,0.5347608156813104,0.7853302101982595
0.5900139871577283,0.7724470424062638,0.3755561444864853
0.895020683829083,0.5483815691113862,0.7837577125047233
0.34764703958465354,0.7642325521772138,0.34987965988908487
0.8391177291749157,0.5741290084655103,0.7975117953756072
0.49949691330921975,0.7410786220654001,0.3330481269077482
0.9249990635439918,0.6265846115878189,0.7597701035545428
0.25669044515090106,0.6940064483999246,0.39785786135458556
0.7059617039207933,0.692280093830881,0.8503386540529828
0.7680451731167608,0.5697782123656157,0.23329510816201837
0.6591616051245811,0.8734245962059641,0.5937183497970125
0.8312700587804176,0.2104671042123889,0.7407842236124818
0.5189625481757892,0.5657609703748797,0.4680087044503425
0.9236695605367193,0.8227409467413525,0.8290411961416828
0.2608651828561053,0.2784342478602765,0.22093858849613063
0.7134137951493574,0.734827826185215,0.6172499163120162
0.7564818425478079,0.555126306259072,0.7027172983636383
0.6816031384401415,0.7774741782801289,0.564492041969692
0.802975110402156,0.4784193492753368,0.7606238696915852
0.5853625051641653,0.7976806907315996,0.43301492429873284
0.8980389980347621,0.4718768024971262,0.8119200782914682
0.33879033736088604,0.7887598440102125,0.2764114594648869
0.8288423452855974,0.5426062005415438,0.706572159452917
0.5248920342041512,0.7847820361933914,0.5370051774311403
0.9227074305427637,0.46986613860032206,0.8121579986730412
0.26387818420655784,0.7889253553932613,0.2677597799155807
0.7187120059937088,0.5449566936491491,0.7010974804404543
0.7480107162065692,0.7845331197847644,0.5780075978752666
0.6974155331928069,0.4575881745500228,0.7344207596824716
0.7808002968405392,0.8037757741844652,0.5206959173584749
0.6332594151887806,0.42877354905461734,0.7657828351625896
0.8592951345751134,0.7944843067369322,0.4732416063198538
0.4473559232014093,0.4668013820573861,0.7646747528120243
0.9147458243586891,0.7980533871033099,0.5325711518356719
0.28854783435501613,0.4391925098506165,0.7311866317270919
0.7595655320829714,0.8025705809727732,0.6467832700380605
0.6757152178515906,0.39130925462347177,0.6533416670298644
0.8107594001968618,0.798080840370725,0.6659399965798657
0.5676858022003609,0.3965491507999006,0.6115989283527992
0.9080489390678265,0.8075345301357892,0.7447915152819493
0.30893543430479853,0.34691915174938975,0.43656400613960084
0.789929027422105,0.7958394738600361,0.8610822174851174
0.6139822885148674,0.3400573540040647,0.17290749640823797
0.8769297402481802,0.8247819766826544,0.48953418189150966
0.3993186923908259,0.3847694155338851,0.7578777027554197
0.8874941149029955,0.7781655645914521,0.5615627230657224
0.3694387503875132,0.47772290321428,0.7165478710509958
0.861928912368616,0.8061995713240654,0.6496698926714414
0.4403276108491815,0.3810886535396764,0.622680288811543
0.9118250621002232,0.796632589422158,0.7643389843039669
0.29748043743674496,0.36883548634947805,0.391287256391553
0.773247559082995,0.8222401397509348,0.8394752048049884
0.648742354384185,0.2763896011333473,0.2416456361896518
0.8431401344453233,0.729278575979844,0.6189949408652234
0.4893429380915282,0.5657225451701884,0.6685657679955214
0.9245797800164723,0.7773833767193774,0.693435189632159
0.25800843848430677,0.4385349918677617,0.534353655938218
0.7083283113742269,0.8369862490260985,0.8704626529772841
0.7644174643158638,0.22431810458336546,0.1728282761873088
0.6663085968896449,0.6422106772661799,0.4789610458131738
0.822663367222211,0.7455161869199306,0.8006990431927865
0.5397869003754512,0.4783747723893159,0.3301556093715147
0.9191429094665016,0.8800570354319098,0.751403255446296
0.2749811193426374,0.134493047753935,0.41862382996433267
0.7376560623865183,0.41748884660828534,0.8593203987563757
0.7160225052404606,0.775762745301854,0.19615336518970394
0.7523368257496502,0.5966821641556458,0.5303791781719945
0.6894066675711856,0.7830795551852998,0.7669573176451199
0.7922629228344401,0.4018579112893702,0.45339150545646506
0.6089548205641993,0.8357119476492548,0.7782367397188549
0.8810767341805457,0.2588318088238959,0.45244925233792965
0.3876879338652719,0.6783039721216599,0.7621318023430815
0.8783281992620293,0.6180422700030919,0.5561996141920057
0.395410762479656,0.7548276161696865,0.7228404422911714
0.8845260381611784,0.4812897380506244,0.6309451945046539
0.3779169861114515,0.822209741694652,0.6429795031776205
0.8698542295635874,0.34109813082065715,0.7567543750274908
0.41886904083352333,0.7463047396466629,0.4214607526204179
0.9006457396194917,0.5898671634580216,0.8364387577506659
0.3310870679015769,0.7171172123067001,0.2075953382451592
0.81943315906868,0.7072631628341384,0.5844453385367678
0.5474610904833926,0.6172760259800468,0.7119070674297486
0.9166655460934708,0.7172338753205796,0.6070583007735955
0.2826423439849301,0.5924585850581582,0.6647755237602688
0.7501959026750478,0.7551455435100617,0.7538408946788835
0.6933874380530866,0.4712210042969321,0.464089716518885
0.7866248055720754,0.8543937594351372,0.796485287904413
0.6210310170738491,0.19804631538659417,0.352384849593672
0.8708005237524578,0.5724392070528717,0.7614035660004946
0.41627579486414124,0.7508217802168428,0.41059336391378926
0.8990639526551639,0.5838813064946781,0.8318959751646804
0.3357674582575773,0.7241122383316924,0.22105255595869538
0.8252023872614466,0.6911178590675668,0.6108516613394656
0.5337006070819877,0.6380633867566049,0.6826578024632242
0.9207977956045303,0.698715954902777,0.6601524397398661
0.2698380962931612,0.6112316269038575,0.5914396847786025
0.7289943429035624,0.7536293888694015,0.8350590932118799
0.7309778863972131,0.45011063348971186,0.2688743611117864
0.7276020991832618,0.8871824895891169,0.6526646083837184
0.7333299524552789,0.146726095823038,0.6533478288819646
0.723561393162704,0.4349014633536784,0.6508743164468299
0.7400751229024582,0.8157545653173778,0.6569424082956944
0.7117465608444673,0.3537689184519416,0.6438982859557438
0.7591045576909992,0.7730537794972485,0.669654057647217
0.6765998642798813,0.4560979345506331,0.6195941237981559
0.8096062053644119,0.8246762206446571,0.7091068334288013
0.5703327911194438,0.31261921223692374,0.5377015987896656
0.9066972044253901,0.7450399645332884,0.8020448112983366
0.31301032047651783,0.4790092965486353,0.2997357116288019
0.7956289810813101,0.885904018642245,0.7432783306057454
0.6016329705158577,0.1186858701146633,0.4732847200147093
0.8867817354252544,0.37291735631943257,0.8134475361920578
0.3714795898232854,0.7626135244515777,0.2759722213163625
0.8638852654216335,0.6001249776704349,0.7022917632555503
0.4350738003534012,0.7385203263430037,0.5350905156491536
0.9094029778179651,0.5718783549261345,0.8322978535760774
0.30484004648899643,0.7350813869873097,0.21647300922304819
0.7840765924186568,0.6724547708942258,0.6045624403855278
0.626411811667276,0.6699639916079184,0.6997188060808006
0.8658741993226895,0.6482897113543308,0.6062932724213985
0.42970345999892917,0.7046569342647216,0.6779809929601309
0.9067160669163481,0.5955791351972259,0.695628378663733
0.3129535513747578,0.7447475980252347,0.5353389083414544
0.7955504164097331,0.5590958116794194,0.858339835971094
0.6018048200321233,0.7398413665429577,0.17918328490595298
0.88665238088744,0.6745328468757783,0.5039917375662694
0.3718497645100737,0.6938711260492502,0.7511945360117794
0.8642368134323428,0.594431989477201,0.5835402503626221
0.43412671184041485,0.7725422288083371,0.7023114322448217
0.9089446266560637,0.4471982770175794,0.6557838527975912
0.3062278816177909,0.8171551134025185,0.6012922915927705
0.7860737547093833,0.36824012839134257,0.8181793367146283
0.6221986854059598,0.7588621053636977,0.2961345827440015
0.8697496807547046,0.601813626164382,0.7016908576923558
0.41915514225263795,0.7369016174873478,0.534555208488189
0.9008172032104926,0.5752915782200068,0.8359334619644745
0.33057860755891916,0.7312096615335689,0.20898390066237332
0.8187966495983036,0.6818046904154332,0.5873175805726034
0.5489641759581169,0.659885513693207,0.7092799143681507
0.9161292850491476,0.6611530168337638,0.6113234273985592
0.28429474706059565,0.6851609542108381,0.6598778737949499
0.7528436022610862,0.6345552700462798,0.7598733982628312
0.6884594173438594,0.6836899759902186,0.4499465082119948
0.7935872776533283,0.694405645525758,0.7967721260587469
0.606084088480398,0.5808271370404544,0.34944256635219895
0.8833608148337475,0.8391188712596821,0.7609601164034739
0.38122759690501906,0.2548795209879656,0.4077863822528071
0.8728045301732605,0.6763077347968784,0.8361837641486138
0.41076209444448947,0.6012938834578891,0.2176373824465774
0.8955354059846433,0.853869885127029,0.5976505553979031
0.34614144766648436,0.2675273501992079,0.6804405596873061
0.837411919733189,0.6679008616570971,0.7146698082889393
0.503766826761267,0.6475077241725624,0.5191815626283505
0.9249475007597572,0.728283132729715,0.8240127123498049
0.25685259991273396,0.5079663229322955,0.23459123596399967
0.706253564773971,0.8970943334920769,0.6438543117094857
0.7676000279667086,0.11791559951445833,0.6711283245136689
0.6600438326192021,0.3615089117287186,0.6149969108964404
0.8302280950700605,0.7835696802245902,0.7184356757546848
0.5215127993376768,0.4158657687234689,0.5139171896693769
0.9232876380192304,0.832754782805153,0.8220737231290571
0.2620620293503734,0.2526223521850522,0.2405146803134084
0.7155264318556086,0.6893764978763113,0.6543107061011929
0.7531289215348821,0.6290095597189443,0.6541494843104866
0.6879252716055736,0.7175011849876436,0.6445415654743947
0.7943311414802942,0.5811966917188421,0.6749222047667641
0.6044659628731562,0.7631738065885878,0.6017315767507552
0.8846213916236422,0.4995051784576716,0.7460100502327842
0.37764562489032355,0.7959447211641064,0.4408875057653427
0.8696088054986262,0.4735663760806215,0.8504015574058947
0.41954052432215133,0.7812701426285174,0.17744707165922252
0.901047209262489,0.5904996243587873,0.5131912483245599
0.3298962029882464,0.7928254162617235,0.744388869551309
0.8179393834960813,0.38480921558949666,0.6095911545900157
0.5509838291618873,0.8010129768352234,0.6858785320005248
0.9153824019067685,0.38273964793024806,0.6503077254291139
0.2865926026888062,0.7934656172159424,0.6078441270832012
0.7564919462595904,0.42653721492874586,0.817053624459672
0.6815839615646796,0.785198657642406,0.30881664246080553
0.8030008801391647,0.5405483578193615,0.709836208309935
0.5853047265490987,0.7853047212743552,0.5382041683264376
0.8980754834250189,0.4682508867916504,0.7985650650356889
0.33868286513496904,0.7916182166581098,0.31152643248637046
0.8287140933960685,0.5249003238249939,0.7556536314892057
0.525204065770363,0.7839991668942047,0.4363770153713294
0.92264959375398,0.5032744221076823,0.8232670778035133
0.2640590873285038,0.7792277663155361,0.2374192206845886
0.7190279771926432,0.5762789504739185,0.6484338826316068
0.7474989572655262,0.7735346331473101,0.6615418216625812
0.6983537847641658,0.457485676760146,0.6351230435045111
0.7794263714580049,0.8219438940140982,0.6846631262954457
0.6361073408551084,0.32810917757855007,0.5896884523270461
0.8564567295317999,0.755921523484071,0.7500341899142576
0.45487281989452527,0.47063898202844723,0.4404876706785867
0.9174650891781938,0.8588171101877875,0.8366784639343756
0.2801747274745382,0.17090455160892282,0.20127980374196597
0.7462043433686939,0.5218517286639016,0.5754930233091158
0.700718658833644,0.8230662457684782,0.7370248313370781
0.775934473985286,0.3078264948076296,0.5144287125695785
0.643282614445915,0.7420602049823768,0.7695603525870929
0.8490393418709102,0.4950938748846678,0.46167652645035634
0.4742346899573909,0.8534797269899729,0.7677438646454707
0.9225437505541104,0.21059534265647897,0.5176888799075795
0.264390081810363,0.584796742662349,0.7377997687666906
0.7196054758674885,0.7452347963952553,0.6416119478156148
0.7465617093853516,0.5264097820097224,0.6707163407853787
0.7000670968204016,0.801134881408396,0.6212916081227554
0.7769006800484676,0.40312586897540986,0.7012943214213146
0.6413062495381758,0.7964422692583163,0.5613334036378017
0.8511204122133829,0.43399322824707004,0.7720115066543302
0.4688434876702853,0.794511834586101,0.39192633301038216
0.9214083054359589,0.4925772617663232,0.8130498633613465
0.2679356484054962,0.7845957830282859,0.26577883421003884
0.7257407058603834,0.5554282272521653,0.697437807534479
0.7364521947553266,0.7784360919145141,0.5825245185267217
0.7181343305029397,0.47056599162069696,0.7330651142248724
0.7489444312673269,0.803742951030642,0.5173563374090356
0.6956986795216525,0.4299294267175476,0.7738909189391436
0.7832974992838818,0.7933532421437339,0.4355816478644337
0.6280473495281461,0.48147980370318866,0.7780870201758088
0.8643343422316222,0.7938501945088031,0.44685330997076245
0.4338638021614094,0.4767109640325069,0.7650003324418017
0.9088162123411827,0.7970761882525964,0.5359999634021558
0.30661642674993334,0.4405057679582552,0.7303287071806976
0.7866303363090337,0.8029348462097872,0.6430768029128451
0.6210192861372698,0.39157170089884014,0.651502497202701
0.870811029816455,0.7985157125584298,0.6827765689380174
0.41624696661590244,0.39007490877917417,0.5678971932991714
0.8990460887761602,0.8107152945811026,0.8182964990244074
0.3358202104200607,0.31470150669206826,0.25884239323390884
0.8252664877659014,0.7826284540095264,0.6788861895751497
0.5335463341648083,0.4305317138019723,0.5868541914815513
0.9208361808171812,0.8256945779398704,0.7766920588284665
0.2697185629862725,0.2875049297027055,0.3591199373932482
0.7287907011375029,0.7330177935335006,0.817423920229523
0.7313228157701365,0.5000817244945645,0.3168880633217155
0.7270120931454493,0.8816120030827179,0.712569481061899
0.7343223853931707,0.14324329199624233,0.5546902305070479
0.7218441729035211,0.432116920030142,0.7559448194278705
0.7429051029103848,0.7969187157418208,0.4680414226216443
0.7066893106263529,0.462556076423775,0.7871164310192379
0.7669342568293712,0.7940660655713059,0.40083994953637947
0.6613605793645196,0.4908077028593174,0.770455142416352
0.8286622246804424,0.7934224688827813,0.454077475553708
0.5253302256519791,0.47544419428573786,0.7716442324764987
0.9226260047731534,0.7959711987396243,0.49335179327161377
0.2641328623310854,0.4567984398565606,0.7477639034223996
0.7191567654611312,0.8013141494746714,0.622636931095003
0.7472901549646747,0.40224186782485843,0.6949424566803791
0.6987360432529246,0.7970618731815474,0.5809010090726321
0.7788647449150354,0.426225421867276,0.7432941103990145
0.6372674799608472,0.7977022996181472,0.47823543906685545
0.8552832640972342,0.457395424430803,0.8063322932282395
0.4579630683339351,0.790613652933992,0.3050601509072609
0.9184617165915797,0.5292813157638516,0.7327517403824435
0.27709222946474504,0.7866263230770315,0.4592732852152195
0.7411548655895079,0.4899448442205668,0.8729253416810085
0.7098240239692735,0.7735437105052753,0.153858139346118
0.7621033521717646,0.6145507109140699,0.4406063403309803
0.6708167812871985,0.7870893730244667,0.7825622750892194
0.8170400207535212,0.38707265518743295,0.4230074831777692
0.5530968133902454,0.8313013760486369,0.7697027896207844
0.9145686951088653,0.2741629300388044,0.4891206435285176
0.2890913490322111,0.6985714958935753,0.7506259278412171
0.7604149015037055,0.5862058337428451,0.6095345319334031
0.6740810925768169,0.7739840555896593,0.6999684766632663
0.8128743608668683,0.4445399707872883,0.5925126968210166
0.5628056469549501,0.8280151891293962,0.7055066595545226
0.9104051676291096,0.3046267228903017,0.6140680351242751
0.3018001140182929,0.7258900749269185,0.6579768731287426
0.7796521792283018,0.5610729352129112,0.7577301059773887
0.6356402370155887,0.760844223225363,0.4465933446422633
0.8569263865787133,0.5518947142128536,0.8058404727130227
0.4536331518862929,0.7569245890913344,0.305818785756169
0.9170454269652015,0.6028885723685813,0.7342405845739802
0.28147051383542704,0.7279185964115588,0.45655582841266695
0.7483059956035966,0.6157065775683213,0.8715760852657873
0.6968732904250349,0.679739262870313,0.1555018677421748
0.7815913578137134,0.7806022641255127,0.44516821786334515
0.6316133366571284,0.5083720286973253,0.7796398767417835
0.8609083395717165,0.7861962142151353,0.44212934875339316
0.4430571305820703,0.4963465598692058,0.7652885369298891
0.9130027856030747,0.7930102129333012,0.5325671935899849
0.29388618661117255,0.4515356677054002,0.7315603532868342
0.7678132549421678,0.8039913310767342,0.6445346733613608
0.6596214237659415,0.3884073269977751,0.6543352826996586
0.8307277039772548,0.7962684975103027,0.6687464799942859
0.5202909875411534,0.400209712571552,0.6018531156736718
0.9234766205510376,0.8110113914884812,0.7661530065551144
0.2614699418326881,0.33082430992168815,0.38347503109081066
0.7144826219975856,0.7860696896379457,0.8393827079996095
0.7547896579858511,0.37173509958841444,0.261638341111971
0.6848042516787762,0.8439078140029324,0.6396506712068305
0.798635337677356,0.2820071506025328,0.6822372072244638
0.5950226598342268,0.6884127562339862,0.5885138161801572
0.8915915682367068,0.6487562265184758,0.760783309663155
0.3576273616378914,0.6639294279019771,0.4056872896318537
0.8500011178295053,0.7356815072390692,0.8388770690899859
0.4717471048169579,0.48817843997950205,0.2175852966281182
0.9220465634809714,0.9019835674484602,0.5922419058940425
0.2659437835394389,0.12050983264701348,0.6799182769333597
0.7223054438838179,0.3678569295887266,0.7372534030601213
0.7421470715925892,0.7705129205304087,0.5075954019584985
0.7080497441607939,0.5119465058983513,0.7791012162660653
0.7648466246321245,0.7849172640045549,0.4195643744721269
0.665468182057591,0.5064184087469823,0.7775710514905381
0.823695038688257,0.7873337613967897,0.4364105206904989
0.537319631135849,0.49548029543539224,0.771170054321016
0.9198468069879715,0.7920829566446902,0.49071057844676585
0.2727960370494185,0.4670455312013149,0.7491275652318162
0.733999929112338,0.8009442586313262,0.617376284803114
0.7224029227490569,0.4048614547927835,0.6974871851763944
0.7419866778249049,0.7978316536799943,0.583368867030333
0.7083370566944831,0.42352797777509266,0.7310038600397666
0.764403981989155,0.7990544380722581,0.5243715968646784
0.6663349769406307,0.4393405741323975,0.7674577193163592
0.8226308991507916,0.7962211147111848,0.4593413216850708
0.5398644207786616,0.467021629859216,0.77270301759502
0.9191200634371327,0.7965413653790567,0.4864930519926573
0.2750519779704792,0.45759423042762926,0.750463122038874
0.7377740333245231,0.8008395797548876,0.614071248690292
0.7158149835833778,0.406184144319695,0.7003761020687785
0.7526684035853535,0.7979379850545266,0.5801039507155464
0.6887871079696269,0.4243057866705786,0.7314797225372613
0.7931298830985185,0.7991936276968036,0.5291382325112034
0.607077025048201,0.4374728330529866,0.7589714460729508
0.8825776896152597,0.7974097803397913,0.49621204821085213
0.38344695221200487,0.4523755211238267,0.7547683500593484
0.8747369320899187,0.7998511257901543,0.5727808372633625
0.4054172573929921,0.42188180392333446,0.7098819520462879
0.8919001877634651,0.802138217928968,0.6510130286549359
0.3567326984745548,0.39105226740662985,0.6129101854589245
0.8490555771603835,0.8042609130111138,0.7951167571205076
0.4741927549969567,0.339275090342702,0.33597136390929416
0.9225357485898058,0.801758476974015,0.7661858616761755
0.26441510230551385,0.3550816817363349,0.38368618481846606
0.7196490971196304,0.8111190399938297,0.8390915098754526
0.7464908142977653,0.30687344438068104,0.2607224673079888
0.700196430327251,0.7720105440571635,0.6391653251670383
0.7767091403516369,0.4679418494542522,0.6789382940203206
0.6416985910896751,0.8140337430502821,0.5999546119109899
0.850709584347844,0.37687369573596213,0.7388377494023172
0.46991031355228124,0.7763154666229001,0.466383747715005
0.9216500598470686,0.5115717370876982,0.8381327917564206
0.26718154001456496,0.7729878194493249,0.1956922652442755
0.7244435893530384,0.602798423676396,0.5646019612336017
0.7386127782338012,0.7689183209643835,0.7508659936290185
0.7143365856351233,0.44069965289966245,0.47404677500050857
0.7550213638156268,0.848142612511315,0.792042738143026
0.6843671847911856,0.21814552785765381,0.37352139010307284
0.7992323423370395,0.6121166453720347,0.7682414469257202
0.5937020196081086,0.7093835116681988,0.4167317128397135
0.892513746629038,0.6610302579057485,0.8052411957355446
0.3549519472167708,0.6340662697093343,0.29592392760608704
0.8471559308200363,0.8020050171751562,0.7330574891030146
0.47908621087695463,0.36507111143653126,0.47953964938528826
0.9233816696707121,0.8061556281056936,0.8365463780404254
0.26176745861130785,0.32094117628191826,0.19967927526689833
0.7150074480268949,0.7981712837187626,0.5735759451707331
0.7539556499839599,0.42581014805075906,0.7458176495646519
0.6863741530125305,0.7971636834680965,0.48028872906572645
0.7964792978287891,0.45805486400450574,0.796691544923558
0.5997700960481082,0.7923781141352878,0.3487244241609057
0.8881699333578398,0.5113382044285248,0.7612086120256046
0.36749918049678965,0.7888200446073929,0.4057515860479266
0.8600410714746174,0.5016576776463396,0.837310769516015
0.445370579350215,0.7769722625147533,0.21869511399015545
0.9139578176780347,0.5870544477072522,0.596667179470454
0.2909640231779841,0.7762429088443477,0.677106844565635
0.7633246534580429,0.4463078984343284,0.7345098834153082
0.668442469460446,0.8029758331288329,0.5011512253518046
0.820020397583647,0.4370524072806222,0.795998764751389
0.5460716969824966,0.7908648596269591,0.34297711088921473
0.9171463753274662,0.5167036365177725,0.7633629445507527
0.2811589357392796,0.786172372859455,0.391934426046103
0.7478017777949704,0.5121871028933295,0.8424788675780921
0.6977988320101128,0.7718358495237243,0.24167172000439446
0.78023980160511,0.5910655651276625,0.6142960815072082
0.6344229183064158,0.7684169933366555,0.689684128293011
0.8581427724257505,0.46067375917508396,0.6211335781297332
0.45041489186902917,0.824698052683397,0.6622066449349042
0.9159028730910678,0.32803082770531716,0.7128160023916154
0.2849917605720023,0.739682312983018,0.5003706889186053
0.7539543908188695,0.5798018904156701,0.8729588794043637
0.6863765193201224,0.7184703849078848,0.14928575624470583
0.7964760342706293,0.721680253770639,0.4314517164228805
0.5997772560816943,0.6346946563542027,0.7750638332550058
0.8881646469245895,0.679649231977433,0.4625981183232932
0.3675143654482624,0.6972430777076392,0.76045077142756
0.8600559595584667,0.5858521216343406,0.5658646387792382
0.4453309121497975,0.7845339822624688,0.7191919776593542
0.9139417760844193,0.4132805424073892,0.6231607744100432
0.29101316224468315,0.8135573117088315,0.6457598299856098
0.7634006560866217,0.3632121978783999,0.7757953036308654
0.6682943491806079,0.7615614604468018,0.4101483983297016
0.8202049445253399,0.5614522918130249,0.7903273428278025
0.545634535955639,0.7532328286756362,0.3571491687519823
0.91729470977402,0.5949938568826546,0.7761391724601393
0.28070096322008087,0.7261706959643202,0.36156008287244107
0.7470593501293789,0.6466192307599579,0.8181078229563677
0.6991582068005013,0.6521388879642339,0.3090935368417141
0.7782432320568324,0.7768784419896887,0.7079814538659948
0.6385486041139006,0.4352126696711471,0.5486939092765812
0.8539758519029318,0.8336144184776674,0.7810324279598904
0.4613940561974965,0.26385940948439973,0.3694041476857399
0.9194854500815365,0.6952299052035877,0.7983780196621596
0.27391824152859595,0.5789038639811285,0.3051716843651483
0.7358820423999676,0.8508003744379984,0.7553591335697698
0.7191307496709137,0.2227658543013965,0.46508308321457004
0.7473323438300545,0.613031991432765,0.7916823906740402
0.6986588332734673,0.7025751934753063,0.3768476020143522
0.7789782714609715,0.683975729177936,0.7682654087797303
0.6370331589947993,0.6068681221887081,0.4229004300205523
0.8555210793428525,0.7991714769225203,0.8001264027189209
0.45733761992870486,0.3509012159626385,0.3211078082285983
0.9182657089086138,0.8158980606776282,0.7522091391480774
0.27769904797934647,0.3222974185412675,0.4170817031213518
0.742154460903631,0.7718646333174488,0.8580940717244477
0.7080365031385457,0.40068578154203205,0.19824398787829484
0.7648670094389777,0.8759432542380643,0.5351235180538326
0.6654282290501545,0.2232648767317814,0.7616914491701023
0.8237439538233194,0.5874952194553102,0.47250502096269376
0.5372024537425244,0.80502476085024,0.7714985155275139
0.9198791165114807,0.34487824093045877,0.4900130703268072
0.272695651814892,0.7864448283918902,0.7493278557122935
0.7338311131957298,0.3991265751289362,0.6170131285465764
0.7226951388560894,0.8080302724225213,0.6979521188305161
0.7415054379805083,0.36075701151894246,0.5824690048066457
0.7091979566756188,0.787659143809923,0.7319381974681803
0.76307399521416,0.40160625461818283,0.5222457522824787
0.6689306702556227,0.8245097116618415,0.7687542095289119
0.8194109859938487,0.2934031051454172,0.4556114630242192
0.5475135014978185,0.7301898658812991,0.773337111702047
0.9166471285490421,0.5188345561902777,0.4827019789764648
0.28269913000580077,0.8434820940702065,0.7518999427139633
0.7502872280291274,0.24535013769623448,0.608928094299152
0.6932183228963338,0.6401197953230239,0.703112584636853
0.786866714879374,0.6907546408769223,0.5815682233274442
0.6205177052089691,0.6467675014992127,0.7222027738415597
0.8712592861053069,0.6767372424585824,0.5670726063773873
0.41501620717813803,0.6734240593789014,0.7156377978814326
0.89827769334316,0.6385419971181766,0.6382207514284018
0.3380870522454316,0.7094348135426949,0.6296097030386555
0.8280015301928777,0.6005312656405922,0.7823637731208372
0.5269354859071836,0.7188637335510464,0.3742876420951371
0.9223155745160926,0.6563082332670336,0.7923204431978166
0.265103355428228,0.644643470782303,0.3198135876701755
0.7208471955650138,0.7834495503773685,0.7753087652583867
0.7445381099809537,0.3983348906193531,0.42449125197808507
0.703744117237689,0.8382948263506427,0.7823701899959613
0.7714068383568289,0.2500612345295551,0.413158154497402
0.6524518139446557,0.6675397838192864,0.7744603869144215
0.8390062443724412,0.6321037430638523,0.44765873146676655
0.49977663522302274,0.7658470081288608,0.7695732683636096
0.9249998154002527,0.4420997380116805,0.5058226456514524
0.2566880805660793,0.8428781518720123,0.7427195385459933
0.7059574464871107,0.25019385701863733,0.6345855781625168
0.768051661875083,0.6456084823472167,0.6834224406655963
0.6591487342942229,0.6883677522150236,0.5948835982018514
0.8312852173784232,0.6470770157887192,0.7396625140643857
0.5189253875621643,0.6717849234762429,0.47038198567442424
0.923674769910801,0.7070537629501096,0.8290994547186207
0.26084885056181023,0.5484594786307215,0.2207727026943752
0.7133848925728528,0.8876893937923092,0.6169241508612532
0.7565274842001868,0.15779960009925365,0.7031011761216934
0.6815165044447149,0.4579781564748406,0.5637835280358889
0.8030915068724357,0.8350449261120005,0.7611746692546062
0.585101492308646,0.266429694320948,0.4317334219099351
0.8982036232253136,0.6927711270618376,0.8116204406794394
0.3383053354658602,0.5796256429451793,0.27716067933599825
0.8282628912064104,0.8567741066217425,0.7077686356172588
0.5263008547501912,0.22129311908094687,0.5349283633032961
0.9224405806458147,0.604028567317148,0.8128483331708068
0.2647126365474197,0.7076996104952215,0.26598670863713725
0.7201674694182736,0.7066386193647406,0.6981205224397713
0.7456472560168281,0.5862682492801755,0.5828780459503095
0.7017324747621908,0.7801792864307295,0.7305996075158658
0.7744248319173914,0.42026889279721236,0.5271104259133689
0.6463567430203124,0.832359107024951,0.7639829310853341
0.8457449039581991,0.2730882025150443,0.47324219737184486
0.482703707131662,0.6986769722790946,0.7672396836883799
0.923893101536147,0.5813727217084178,0.5161888036091791
0.2601641623392433,0.7999314191435971,0.7382637623143697
0.7121714526021837,0.36873137196754985,0.6419891026690473
0.7584381163925136,0.7851764997269781,0.6721189076494128
0.6778760379833114,0.4264963074097178,0.6158910643382454
0.8079324259120303,0.8195073372409816,0.7130385338791871
0.5741571979661484,0.325382808178073,0.5307314680889883
0.9046526269622951,0.7606670431003415,0.8045974289168617
0.31914813052230073,0.4433468793280768,0.2937074403390242
0.8039826248337587,0.8807820915666433,0.7341949007602288
0.5830998860569597,0.13825260712159734,0.48985624688230484
0.8994493130680852,0.42325519246015325,0.8153631791978518
0.334628911270909,0.784694006734716,0.2666802219949445
0.823813891146454,0.5549234903952337,0.6917946330955574
0.5370348864321921,0.7800400535929708,0.5651951141966808
0.9199251435917323,0.4722132776227962,0.7927767035699024
0.2725526329840132,0.7923375804187358,0.3194102137227895
0.7335904723787315,0.520724147342336,0.7738584263226942
0.7231113174913599,0.7821898190457804,0.4239277444671229
0.7408189580268975,0.5113576784884286,0.7858536244807783
0.7104230489829059,0.7837714778482728,0.39316015868106774
0.7611719196899293,0.5173516813598624,0.7758131082343139
0.6726201449522654,0.783314628015649,0.4107980599270617
0.8147484565596378,0.512876413667373,0.789875591414773
0.5584536136453053,0.7823298441033504,0.3599963987954734
0.9123577476916799,0.5310412968870523,0.7766677330144702
0.29585602529898614,0.7763806791388816,0.3618129422529636
0.7708033790951057,0.5438980312201644,0.8161463183062507
0.6536624605214881,0.7601556493061331,0.3065562641730232
0.8376350384379838,0.5959537737303914,0.710642089606761
0.5032095490302305,0.74079312707095,0.5268397799029186
0.9249618855415834,0.5697188572235249,0.8212758862964644
0.2568073645966861,0.7394679382189213,0.242168757234602
0.7061721657166862,0.6566058901710522,0.6578294588118384
0.7677242409096577,0.6795200907653528,0.6515179449433668
0.6597978040685858,0.646092376670577,0.64452295409145
0.8305192487149742,0.6977549791785712,0.6821988586427974
0.5208009970468895,0.6067723596709332,0.5798775889607628
0.9233990785308647,0.761165249745332,0.7854644727099888
0.26171291510709443,0.44802914797567917,0.33673846140426394
0.7149112811409926,0.8744428770592566,0.795594370711998
0.7541086225818477,0.13673503807901732,0.3774494046388552
0.6860865893393575,0.42554156143878913,0.7602754876144414
0.7968755906917676,0.7946319294549251,0.46934888793279744
0.5989000695102321,0.46768201386840014,0.7769000257792541
0.8888094721282238,0.7957151031273219,0.4586599259145498
0.3656606192184762,0.4684636919176756,0.760577998926155
0.8582258438535759,0.7987193726628671,0.5661633072688689
0.45019470574295584,0.426816022933904,0.7193569975331296
0.9158219008566864,0.801941481690277,0.6214626436642666
0.2852409430413486,0.4010318020689794,0.647458553589193
0.7543506255806538,0.8041154299131827,0.7752395515385975
0.6856313092869014,0.3460493498828969,0.4142636878088514
0.7975017629459938,0.7980686939632728,0.7890424774863651
0.5975229938628949,0.35728206311109323,0.3675054331619238
0.8898102829716658,0.8154861723070064,0.776858927227696
0.36277739017133454,0.31536375061904276,0.36835595527508874
0.8553288348016965,0.7696712952195696,0.8120793403735856
0.45784325088633415,0.42009488069023065,0.2898581749732865
0.9184243914654194,0.8721581756395896,0.712642494102625
0.27720780591913563,0.17284875389551765,0.4999900916993114
0.7413454615495476,0.5058653292871025,0.8745595371142817
0.7094837623009125,0.7679062208193007,0.14876287226523616
0.7626312473293428,0.6280008768633211,0.4288548890521836
0.669791863327064,0.7753391329252376,0.7803474926757278
0.8183316756473175,0.4164184285656852,0.42855949359885875
0.5500602938344131,0.8472093487160995,0.7707325416434244
0.9157276778304853,0.2281158998044447,0.48775872680083365
0.2855308421769873,0.6210725479693683,0.7507808960833712
0.7548110272679445,0.7030748744857249,0.6102968242141604
0.684763959415823,0.6174813051994917,0.7004812421845849
0.7986904334136561,0.7198153515934387,0.588617326541576
0.5949008924525006,0.5928766632071581,0.7127375152441286
0.89167713626336,0.7433672622188857,0.5920397549796014
0.3573793774355732,0.5450783913571474,0.6873233773225482
0.8497396246715407,0.7874607596901695,0.701210942313745
0.47242412125805633,0.4117742174579887,0.5410539737238552
0.9221864123729557,0.8264604480414618,0.8214874257824406
0.2655069428683144,0.27057037037903386,0.2424966896405391
0.7215481227810333,0.7197835626438162,0.6575805860837209
0.7433907883811407,0.573081522745517,0.6478358800825967
0.705815419285465,0.7763062550467159,0.6560596452694827
0.7682680487820884,0.45269406341281215,0.6541780346394498
0.6587193398098087,0.8180839157359059,0.6405387442297251
0.8317902333302525,0.3529437356154223,0.6877516608089911
0.5176863919466295,0.7661603841612026,0.5700414018050601
0.9238426086976678,0.5025224408760466,0.7937093609391733
0.26032253929371596,0.7854332428017333,0.3157884874006112
0.7124524448687344,0.5378230152765294,0.7708832169202048
0.7579966470764002,0.7737529113081412,0.437347838941146
0.678719601360141,0.5263646531661837,0.7827946307691188
0.8068194251317875,0.7775583714096981,0.41998194822935697
0.576688809338658,0.5231697128656208,0.7706414167594351
0.9032396581322102,0.7817002619622837,0.47975387912491607
0.32337177900484754,0.49502846471549167,0.7551420599656266
0.8095691447279241,0.7953798470687871,0.5901607562267793
0.5704176951399599,0.4274370308609811,0.7086498860280095
0.9066529883813501,0.8039355653452646,0.6063600633653381
0.31314338404991493,0.4008258224692403,0.6680143719517118
0.795813038780025,0.8007187798684208,0.7413150430309644
0.6012301905245916,0.36573390364067065,0.4773941551907787
0.887084059547513,0.8070167949113897,0.8132894783510451
0.37061394412360454,0.32616449202642994,0.2762984414296818
0.8630592196155761,0.7947255007947752,0.7028822971653594
0.4372956112928771,0.3932180090593876,0.5342286186592379
0.9104521906564044,0.817871626707976,0.8321953220459151
0.3016572969858272,0.29080826065843096,0.21641449539592994
0.7794426369958173,0.7544086760079762,0.6047216483879773
0.6360737067266485,0.5178612294161692,0.7006658255479331
0.856490601449379,0.7986550247772892,0.6019375588874747
0.45478346898956196,0.41554738353948306,0.6851229460689914
0.9174352216965137,0.8041596970091045,0.6778806847610611
0.2802669920425752,0.37725067111763455,0.5635288320758226
0.7463543992917345,0.8030085845008549,0.8518109932036424
0.7004451868135521,0.32433769941113005,0.215270820370128
0.7763403902081367,0.8004314412022229,0.568102810678492
0.6424531583365745,0.4219298471374795,0.736330203612813
0.8499162614157589,0.7976892175558205,0.5330076237245484
0.4719668569882275,0.4399508967307438,0.7447423092621118
0.9220923287036616,0.8003096989257136,0.5665789968647842
0.26580084438322416,0.42272177372434117,0.7045348636510488
0.7220577953810401,0.8032972354258575,0.6994692364682912
0.742554241388895,0.3725280932276953,0.5799658422457944
0.7073195279417532,0.7971570233392802,0.733949887946866
0.7659688693358319,0.37718799597255487,0.5187400784281018
0.6632640740136112,0.8097220478551866,0.7697580706519904
0.8263759159049688,0.33307708408507747,0.4550766203651921
0.530871417613613,0.7790466402398857,0.772066887074846
0.9214737356257459,0.4100721905512939,0.49069684818795783
0.26773159365741195,0.8339426461785016,0.7488123359790522
0.7253901334357753,0.2736765118762842,0.6195115198236874
0.7370373646742728,0.6835613248498751,0.6971122098495267
0.7171091646686205,0.6270262289796689,0.579946911017137
0.7505953592825072,0.7385504245821605,0.7398694901133447
0.6926472738524632,0.5113217964182775,0.4938239327899658
0.787682003145692,0.8435142918083608,0.7930397847169711
0.6187845407445034,0.23137602344989702,0.36068972013163936
0.8727938616564345,0.6388576006033827,0.7685289537043883
0.41079152583174794,0.6757239569895327,0.3934520464840537
0.8955548381053177,0.7219317342586429,0.8231181183910937
0.3460845691904611,0.5211269978595179,0.24675325012780883
0.837347148587242,0.8918768846737846,0.6572628343797877
0.5039285349582118,0.13003586578123344,0.6178555873368344
0.9249428964684038,0.39548096440999997,0.7537874008076234
0.25686707854186075,0.7844629878408886,0.4115179525819188
0.7062796152619522,0.5099972152608072,0.8585936838002023
0.7675602652113096,0.7694700553855214,0.20908443350729441
0.6601225665761987,0.6061649771145375,0.5509754941069227
0.830134825590288,0.7688027919471421,0.7748490333658844
0.5217406886501398,0.43359388310087843,0.3916921260823644
0.9232511670909654,0.8603969365018406,0.8046174967040625
0.26217626335770206,0.17711493035715165,0.2876688150529771
0.7157275200711312,0.5305367993529376,0.7321175665782037
0.7528080572106509,0.7861090404773678,0.5199730631322136
0.6885259189746922,0.4720731018047362,0.7719400409233407
0.793494518136567,0.7962870821798007,0.4423005541824741
0.6062855809480021,0.47228950035358785,0.77723005305772
0.8832024885454192,0.7952664072639593,0.45560446167626456
0.3816766552586121,0.47052032089433443,0.761711616840289
0.8731984685300795,0.7983546676510918,0.5589151332774389
0.40967474142117205,0.43003637867009864,0.7218703709372959
0.894812986351871,0.802325038514889,0.6285847401992091
0.3482540114892942,0.39777466835266895,0.6435070728458474
0.8398006733923623,0.8031106053395208,0.7637477107446461
0.4977813587397594,0.35235901779695855,0.4146678429721941
0.924981787234546,0.8041593090695118,0.8203469645542192
0.25674477792004474,0.33142543430475324,0.24472309838902118
0.7060595186440771,0.8051393040592962,0.6624488260153851
0.7678960566718335,0.3796987846456576,0.6447392899164472
0.6594573004328226,0.7923717045507017,0.6540308978673803
0.8309214665531034,0.41458678156048195,0.6692188947851563
0.5198166370050701,0.8064435972983597,0.601050334009436
0.9235470133218944,0.396143698524518,0.7670400622690594
0.2612493317725811,0.7826851886001951,0.38136630769048147
0.7140930381575555,0.5235408338879587,0.8377922178044331
0.7554074327461298,0.7674578596149988,0.26623003737494644
0.6836380602027156,0.5928744549284194,0.6462631093949998
0.8002251325264403,0.7591338331610488,0.6736943991330462
0.591500018258081,0.4866020169753697,0.6021256753090682
0.8940226626374522,0.8271232402810754,0.7487387495911313
0.35056072291394236,0.2927839695507499,0.43208424394912653
0.842371239116787,0.7320895971704496,0.8522526083303302
0.4912931581148525,0.49181799589827013,0.18125009743116824
0.9247195063462321,0.9090901233075782,0.5164236454477469
0.2575693614373479,0.12460887021846329,0.7379777742035842
0.7075413262985875,0.37554463811953276,0.6432914882019722
0.7656284121494259,0.7898171941021092,0.6715571586973682
0.6639337226382067,0.4153397010258937,0.6148481892024137
0.8255652179533243,0.8157590104475274,0.7176454247395594
0.5328269687783167,0.3339495262590339,0.5168001044192368
0.9210128434470615,0.7717409078275453,0.8188040409075824
0.2691682869146946,0.4131111731242205,0.2502624034468125
0.7278518648661821,0.8751077760377701,0.6710427333023818
0.7329090524049112,0.17823802543905112,0.6258012242545397
0.7242874812390314,0.5090370661153085,0.6876653204460483
0.7388719653099691,0.8046724379525441,0.5997610731544812
0.7138786814991257,0.40107590501706086,0.7157188920777795
0.7557468655207235,0.7931859676210669,0.5525165541145352
0.6829961008724024,0.4447793650737751,0.7527152213752902
0.8010959801423411,0.7995566966902754,0.48678163830643356
0.589562479745855,0.45012086157556996,0.7733664972188389
0.8953206802205612,0.7963522728424083,0.46962807255660377
0.34676977122282515,0.4634269956522842,0.758381381058128
0.8381258388589102,0.7993621680413123,0.5764558151480086
0.5019823932550458,0.4219262769956934,0.7149977655333907
0.9249854594328347,0.8012884483655156,0.6144800584284303
0.2567332293014509,0.4049212149042026,0.6538928086835756
0.7060387296134284,0.8049188648776832,0.774748847823855
0.7679277550273529,0.34410857121937743,0.43038754578959776
0.6593944569182103,0.7938979026148332,0.7797706584019782
0.8309956062838706,0.37087549023954836,0.43315898882695275
0.51963506189686,0.8177163135679397,0.7693987921033313
0.9235735180739341,0.3117730030938341,0.5000957262421564
0.26116625670994154,0.7487103205009301,0.7452498982080471
0.7139462393444164,0.487990691024254,0.6283976027442819
0.7556399246804124,0.82179396300169,0.6892154447504896
0.6831984469647544,0.32701864283863,0.5884952748365582
0.8008218174098977,0.7549131908444286,0.7400435180277866
0.5901730664297627,0.4759053767814379,0.4785930891368079
0.8949146269354183,0.8516995079545339,0.8153141879071537
0.3479570185000996,0.19968110700760708,0.26829166508212854
0.8394668475734975,0.5826472556208879,0.6929362536619038
0.49862035977449365,0.7576854870963774,0.5588464345528443
0.9249929573935383,0.524629224026334,0.8056571172601815
0.25670964881380826,0.7736385497003923,0.28436339938982846
0.7059962785728882,0.573963153608805,0.727823654738371
0.7679924728922479,0.7572237441552597,0.5313822256299003
0.6592661275504619,0.5339497783859817,0.7630973601969947
0.831146912275796,0.7776609528840661,0.47126708145300594
0.5192643732137635,0.5069842109702217,0.7702519682946344
0.9236268705213191,0.7886133800554803,0.4983198477010262
0.2609990159175601,0.47294207792645904,0.7458848581879947
0.7136505595482137,0.80112841037445,0.6272210822416452
0.7561077220975203,0.401242100731212,0.6907443714668698
0.6823126883234716,0.797270907244769,0.5857428339791971
0.8020197096021943,0.4241631408647093,0.7427872719995011
0.5875011515436831,0.7972351606964926,0.47243013399065154
0.8966711293705588,0.46038659443289903,0.8161511381588251
0.3428124559583759,0.7887703239998523,0.26545259805209526
0.8335806811932013,0.5460397732042755,0.6889533775793873
0.5132785377983151,0.7865093040741622,0.5674641401797974
0.9243476176055733,0.4561826122144482,0.7965618883682726
0.25873766790015423,0.7923914648639943,0.3083098589714487
0.7096322023060518,0.52411649390536,0.7613996406163701
0.762401057098364,0.7831766880078129,0.4596877662123008
0.670239035364546,0.49787874463059545,0.7837681410040332
0.8177690821011507,0.7888943917921689,0.4203245876917456
0.5513843987041909,0.49688463089315454,0.7688934217609666
0.9152306812082925,0.7921427834895912,0.4914480043591743
0.2870588811182,0.46666800948233306,0.7498126150152394
0.7572274955906585,0.8008349141691701,0.6117522573249673
0.6801858573949837,0.4069387531005557,0.6982482788014734
0.804872310140888,0.7986059907784359,0.5938197045459216
0.5810956356846255,0.41826307798818274,0.7060764355427454
0.9006669421297541,0.8016158244025156,0.6079017360346093
0.3310242054922514,0.4062039805817241,0.667682042058005
0.8193545692207581,0.8032586781833043,0.7369961989115997
0.547646838735949,0.3605697410970863,0.47951354109878686
0.9166001814063407,0.8023545576239525,0.8233971046407503
0.28284386875315476,0.33517633935246166,0.23905086908785722
0.7505198942490409,0.8102596700790596,0.6496430209468089
0.6927871955661626,0.3705813663941871,0.6516699100164656
0.7874824597352165,0.7850893990250329,0.6638385790735574
0.6192091907749817,0.42930779821240556,0.6210392475802362
0.8724199246886639,0.8194630788594112,0.7216788580547175
0.4118225788710926,0.322670158320911,0.49535075407919066
0.8962315468913046,0.7622006385080157,0.8483209403897553
0.34410207661805847,0.42649181415752124,0.17454498818158853
0.8350745986952337,0.8947981427368104,0.5119494940914493
0.509582549244144,0.1725915495428849,0.7584624123461075
0.9246602465749392,0.48743632962510397,0.5268938309880614
0.257755597421974,0.8416724647941951,0.7324302934277084
0.7078753028525766,0.2571359591658229,0.6535161072122825
0.7651150763166135,0.6548274815681097,0.6572868690293872
0.664941786345654,0.6822237425501051,0.6368102907073375
0.8243385663332872,0.6457043989925928,0.6909958440999615
0.5357766292388112,0.6862798397833257,0.5664507762488918
0.920264121361142,0.6583358252896363,0.7921771399182856
0.27149885269722507,0.6416270806313566,0.32082809049040095
0.7318127350208676,0.7868390942859966,0.7757366444623106
0.7261725667639365,0.38984223498586174,0.42008822461452555
0.735730089160627,0.8336234555808121,0.7842218646013844
0.7193959027379946,0.2627702774858682,0.3987004569129897
0.7469021200885877,0.6903627302184736,0.7770974675125617
0.6994455694543142,0.5934288252403119,0.41220091741278253
0.777819419852664,0.814159823968435,0.785998872316506
0.6394205688250982,0.31595614550574275,0.3811752047772861
0.8530790484573983,0.768789449989032,0.7799835786055557
0.4637401864995471,0.43204617679330704,0.37223114842607363
0.9201353359221758,0.8632165926814767,0.8002240316342064
0.27189930818537383,0.17001194691959856,0.3001740114207121
0.7324892752566491,0.5129745373969788,0.7488119739363063
0.7250103264953608,0.7907150896429658,0.4803057820115759
0.7376703059906693,0.4736182927599481,0.789266491799978
0.7159974549061159,0.792844721525743,0.38584123399913917
0.7523768680540978,0.4984697688123691,0.7710155906435103
0.6893318909434568,0.7912599634361757,0.42473032649301756
0.7923677097655674,0.48990481433837574,0.791812188009581
0.6087281524598168,0.7894497285329298,0.36226324258506104
0.8812592987918969,0.5139118231788719,0.7712184048982014
0.3871729842134309,0.7857331206325401,0.38450158957505054
0.87789923868218,0.5155416331181805,0.8208281847960011
0.39661101199268645,0.7748185287196103,0.25885593071815727
0.8854496534876471,0.5792881057538742,0.6726142357457462
0.37528568911713517,0.7653816673496406,0.5809336745098606
0.867451460445745,0.5009299232328951,0.8184265962809218
0.4254238696002698,0.7810069823990071,0.26883061186051166
0.904422082866029,0.5625291527082927,0.6854590723665555
0.3198382818941203,0.7759843126549554,0.5540726200345343
0.804904494717809,0.4851067871690741,0.8482378306223076
0.581023021673247,0.7795671950523637,0.20577696058027298
0.9007104988480652,0.585396666256707,0.5601455668667433
0.3308950556178587,0.7862710685177634,0.714731342940924
0.8191930158063978,0.4104357180593397,0.6638720483449833
0.5480285290435419,0.8056870245889166,0.6125672024316173
0.9164650634722805,0.39436459585719125,0.7485807636090289
0.2832603483560088,0.7847340899373362,0.4257130399303831
0.751188516599393,0.5049135485584749,0.8612359353404979
0.6915460177758069,0.7709688627097907,0.18579177046526543
0.789247455374652,0.610160941179285,0.5113428375923404
0.6154428653693682,0.7743274925852562,0.7680909715739928
0.8756898958906467,0.4226323509104244,0.4735468558091708
0.40277127786499745,0.8423193648103036,0.7615247811790491
0.8900223296903795,0.24547114237077275,0.5528816907482726
0.362165554668689,0.6458263291068258,0.7227662994578335
0.8547061630167765,0.6779044945818896,0.640691230976617
0.45947909029628925,0.6516319792052848,0.6373251389151695
0.9189248067440997,0.6919686914276187,0.7427124891248982
0.27565742328934945,0.6001260056310436,0.4378584369425912
0.7387805106168558,0.8019965858086033,0.8673553738464707
0.7140403106733484,0.3220102555615534,0.17167201062813767
0.7554909580053689,0.8031362211004508,0.47995442646837905
0.6834801703967455,0.44346235715752874,0.7834647191516476
0.8004396001633708,0.7939423664381684,0.4168966012479098
0.5910233726185936,0.4860032564421997,0.7708288099060281
0.8943445588574058,0.7944093399122397,0.47491339411967537
0.3496217649283645,0.4664512169885835,0.7577643794203339
0.8413296297419377,0.7993614844304665,0.576861623998513
0.49392811028285744,0.4217982265694727,0.7138910110010771
0.9248635889744726,0.8014361593885144,0.6187680285314537
0.2571164438258025,0.40317376511806546,0.648615850239253
0.7067280391186492,0.8049593335193783,0.7811296637654835
0.7668750160159854,0.3419482171050429,0.4151754429739591
0.6614775855579299,0.793786815227385,0.7758787658422103
0.8285224606408114,0.3723926473943432,0.44158360730746093
0.5256700735616742,0.8176708588320197,0.7709608184790135
0.9225618750963516,0.3113852743683152,0.4947700615737484
0.26433340834570496,0.7488989097901146,0.7473158513090886
0.7195066530387768,0.486960867100306,0.6234494968165686
0.746722268305342,0.8229191252047688,0.6938776005396586
0.6997740525923871,0.3224317826068982,0.5829171484329257
0.7773342132700123,0.7506344103769974,0.7412599388503953
0.6404172163546422,0.4849833561721825,0.4829896633320213
0.8520471197994903,0.8504508323751067,0.8051976539331007
0.46643245413126827,0.2068439232455533,0.3090718016042783
0.9208309134980972,0.5945731158187767,0.7367282462033715
0.2697349663041209,0.7359758758464243,0.45016936573152977
0.728818652751032,0.6019866418605822,0.8721923298661587
0.7312754893668498,0.6956639273688906,0.16041105935320307
0.7270930976670593,0.7556481970332567,0.4540853168008895
0.734186282470324,0.5607028171808317,0.7900927319050636
0.7220801048800997,0.7538684467429462,0.3849177913949073
0.7425175799608428,0.5853111173996226,0.7695560455045146
0.7073853266167641,0.7373173265191922,0.43113952557402174
0.7658679073250149,0.6049575821565037,0.7903679247837744
0.6634627466620839,0.7121035369664154,0.3742266904867776
0.8261357426786433,0.6683504387428038,0.7718394103865716
0.5314512661855643,0.6315240471215577,0.4000467562423911
0.9213400260647017,0.7785557279927179,0.8077926364564967
0.2681485550124473,0.4001327165438316,0.2798802622574699
0.7261061575915801,0.8625045672697896,0.7197361647685763
0.7358412203469347,0.19996156658143543,0.5413416421292808
0.719201999505494,0.5614138182967779,0.7643054334613132
0.7472167886273354,0.7591064835481591,0.4502546143840019
0.6988702798569134,0.5545087992823535,0.7862193525790251
0.7786672636216418,0.7593826095585514,0.4054658182320567
0.6376748578868175,0.5675226253711521,0.7704662494662252
0.8548688439716251,0.7528630158753161,0.4613518069328003
0.4590519832394968,0.5643740307664397,0.7666853855394772
0.9187960617165116,0.7562566915890374,0.5246501484184827
0.27605647715573733,0.5380688061060152,0.7349210210222079
0.7394424047315745,0.7813466649408314,0.6435491804201708
0.7128691388205352,0.444656522260136,0.6629972926054236
0.7573409000298739,0.8154998078437387,0.6421144796762932
0.6799699463357135,0.35928061941125194,0.6603491025746684
0.8051600281389055,0.7752483975627216,0.6547449573928008
0.580446221737171,0.45558485662358555,0.6300510858335036
0.9010551000103916,0.8227264818048662,0.7207982711641358
0.3298727849959227,0.314096065529846,0.4888514359130081
0.8179099036453389,0.7529436435618365,0.8650341255643775
0.5510531847075821,0.4426249813035767,0.15130233296911907
0.9153562176254901,0.905768568407174,0.44433471269233377
0.2866730861754319,0.1616442977711767,0.7557833011470071
0.7566190230009157,0.46338105855529077,0.5999535460502755
0.6813427050260056,0.8287283771207217,0.7112600473675511
0.8033248463352491,0.3007477784993924,0.5701286578167546
0.5845779391040807,0.7263425564994436,0.728505526859706
0.8985323172025537,0.5396891713820783,0.5654137301967617
0.33733637093710367,0.8169865623563389,0.710865279645758
0.8271000119863273,0.332876830452725,0.668673016420133
0.5291206539866147,0.7503897169117083,0.6029400343796385
0.92186235379215,0.5270368602480769,0.7629692493552718
0.26651897147590353,0.7813916838919462,0.39141043565124056
0.7233004544815212,0.5233568187312385,0.844407577540232
0.7405065560048804,0.766167269693295,0.24444217054127684
0.710979407119084,0.6022924054157783,0.6146431164447763
0.7603044521552152,0.7573691247119704,0.7063084363609125
0.674293891096241,0.48064260428874045,0.556861224697097
0.8126000662481673,0.8365231091478976,0.7677772513878706
0.5634404347520735,0.26001793931005013,0.413700340201017
0.9101086515823312,0.6842767438873056,0.8090566118171401
0.30270030742009146,0.5951916191015739,0.28014875096078107
0.7809694758391323,0.8440508648982105,0.7162749480450574
0.632907768492728,0.2557286331704181,0.5322419979823808
0.8596414427748487,0.6650092600684748,0.7913888491694516
0.44643472076365337,0.6315655834614063,0.34201998267811184
0.9143838151832292,0.7931668596329529,0.7760815703673535
0.2896583987425079,0.3738961945260469,0.36260318451064844
0.7612987198876067,0.8306594180014295,0.8177618450256772
0.6723750222448629,0.25999860900357175,0.3053575463102744
0.8150613513125073,0.6955124612530007,0.706939337827309
0.5577244761638064,0.6038349894067856,0.5402155581154948
0.9126711739509723,0.7737647326802742,0.8034671013877074
0.2948992581027274,0.41302205014202065,0.29409620729447417
0.769354636990797,0.867816393591238,0.7375939953792784
0.6565578942667571,0.17756949588708512,0.4930140830734799
0.8343116152482077,0.5170080897874816,0.8003415374180363
0.5114722524674968,0.778393320277902,0.32734355821970723
0.9245130334662915,0.5501184462074716,0.7521350227544349
0.2582181323438147,0.769999834279694,0.4153684481331324
0.7087036553489415,0.5415048837771744,0.8604532356298189
0.7638383017027639,0.752112510931424,0.20275074817818783
0.6674405970520251,0.6437439356021943,0.5393640072609506
0.8212654918977871,0.7280115105927646,0.7802383927345299
0.5431173897479898,0.5212716265537828,0.3815420218810856
0.9181212955948838,0.8637348055383702,0.794911028801031
0.27814595402920667,0.17025769773435814,0.31453234708225924
0.7428888944596399,0.5125800319740906,0.7670441490619099
0.7067184443082436,0.7871331819864293,0.4367857795613628
0.7668896936962845,0.49583271312785204,0.7916609132326996
0.661448598175203,0.7879218040678964,0.37070751339109753
0.8285570955448689,0.5148064982327933,0.7697328587859082
0.5255858693783435,0.7856659105235947,0.40424131906675415
0.9225778441661711,0.5094936033883264,0.810903213048301
0.2642834727935236,0.7793993142439251,0.2711732594238138
0.7194195595663584,0.565377266721608,0.7065479165141713
0.7468637104549095,0.7690571211862725,0.5679754480787352
0.6995157413036079,0.4966370185356857,0.7431310388258524
0.7777158351966655,0.7973306961429159,0.5021680046052036
0.6396334850597685,0.4506694620787927,0.7737649114482068
0.8528592124452345,0.796316475980245,0.4532259377556586
0.46431439191235685,0.46873843148624145,0.7672461694827069
0.920288188289036,0.7974507537638847,0.5218183083639925
0.27142400350346313,0.4441073642093575,0.7361398462347583
0.7316861511547761,0.8024212794190159,0.6426428499538512
0.7263896512434191,0.39301825852447675,0.6662240751882526
0.7353665854965674,0.7970022580984402,0.6336394419490681
0.7200295105972421,0.4095600834056789,0.6771797492018005
0.7458719535254512,0.8031436313931477,0.6181835303171138
0.7013238351374401,0.39903682229650195,0.6936071668038817
0.7750342396005455,0.7957584110020846,0.5959832103386021
0.6451178180751942,0.42464845659816636,0.7109655131033278
0.8470810298452511,0.8027735446147741,0.5809734062695329
0.4792786072697716,0.4119244907045474,0.7087564832966464
0.9234113083682828,0.7988957622574634,0.6320083900524802
0.26167459659967823,0.4053362722814876,0.6317330022921614
0.7148437077480735,0.8087008632232467,0.7993212765049855
0.7542160705919235,0.3262155547100246,0.3681572831734059
0.6858845009753681,0.7828006407140866,0.7542690368436532
0.797153723499412,0.40651304084743023,0.48255521890300324
0.5982887590586095,0.8334975166453508,0.7749996523413766
0.8892554834180588,0.2662020419084123,0.4632062792010236
0.3643766239272015,0.6890570029752875,0.7602004567550585
0.8569433094916803,0.6003645802294538,0.5673403765964572
0.4535884530937681,0.7706794480966608,0.7186594021175026
0.9170300827609513,0.4465069529518122,0.6217493624169846
0.28151786726785816,0.8231373416831355,0.6467936373244083
0.7483825634042146,0.3373409386917238,0.7770064701759857
0.6967325781279797,0.7401424357394094,0.4119555480151977
0.7817962830015379,0.6050511748162702,0.786354068628767
0.6311861630801133,0.712971086313391,0.3790575370618327
0.8613237052803762,0.6654489103814865,0.7798849158875718
0.44194716600910144,0.6339393404423911,0.36989834777619435
0.9125305133228131,0.7833905108014322,0.8016434329252704
0.29532872963718043,0.3902275701455422,0.2989121731281117
0.7700057830258576,0.8527935431710632,0.7442659705430565
0.6552584453905961,0.22064670045750606,0.47880734398992775
0.8358108159991128,0.6077564504087679,0.802832219006432
0.5077550546746372,0.7059381252753869,0.32044230649844463
0.9247774787698756,0.6942032903060901,0.7449811287578998
0.25738714606065904,0.5955702697697388,0.43116468918177325
0.7072143114826097,0.807759154866137,0.8679830244103051
0.7661302477321156,0.30652617011885785,0.180729189939772
0.6629463575955584,0.7813472850628757,0.4954212377933745
0.8267593928214594,0.4909507899647541,0.7985469279361171
0.5299447070509195,0.7878715645577838,0.3343529330580913
0.9216822637226482,0.5263803901728379,0.757051676209945
0.2670810533084493,0.7829705408724063,0.40509445994480336
0.7242704278067646,0.515455792570909,0.853216509076023
0.7389002682820719,0.7681788710711528,0.21870192908795552
0.71382864871459,0.60594187156444,0.5710020248895653
0.7558260432589023,0.7641768747793541,0.7482073688209981
0.6828462316848286,0.4524908804672492,0.4746164936289484
0.8012988455670346,0.8505642458268454,0.7979670870200386
0.5891103209418975,0.2089668926645548,0.34395804574453054
0.8956195975960385,0.5960826434325894,0.758369685777495
0.34589499579240995,0.7292831120862456,0.4099874912309778
0.8371310964092611,0.6266838006469905,0.8431345749244851
0.5044677081853911,0.6729840794425106,0.20967655973714572
0.9249261464592097,0.7754456066064845,0.574139734705942
0.2569197492047071,0.480124679346108,0.6971375340840931
0.7063743691912009,0.8096216187523562,0.713785508510275
0.7674155930414556,0.3514697615635997,0.5583002983010253
0.6604089322136606,0.7831182749707992,0.7459766580046416
0.8297952055244711,0.40833529875314184,0.5078633401590833
0.5225699529283658,0.8302874505294745,0.761200958629078
0.923115209731802,0.2798343147736653,0.5170872006179229
0.2626020213863692,0.7038928315792743,0.7379814387199418
0.7164761390755997,0.5800728181902031,0.6417990185268151
0.75161090048041,0.7718478733597349,0.6712686295001342
0.6907602326099176,0.45840630792109155,0.6190683227296837
0.7903589745220575,0.8249465371961789,0.7062094609790293
0.6130591638836471,0.31283482755679054,0.5485532943633219
0.8777052142091434,0.7439409391887242,0.7867121391008641
0.3971534532891331,0.4859559056960468,0.34800113673882604
0.8858635749697031,0.8766091626745187,0.7887704642286494
0.374104415592921,0.13228836939273286,0.340298013330872
0.8663561167591602,0.415892244670576,0.7841996289268023
0.4283978241386495,0.7878028295875447,0.35777926570206914
0.9060305751241049,0.5191570210885647,0.7934477937975413
0.31501493663823793,0.7788431750856962,0.322109635034988
0.7983879474322659,0.5507425520661849,0.771692928647282
0.5955691414604894,0.7652655779152306,0.4089564500455151
0.8912061950418685,0.5538330569605721,0.8017404511441344
0.3587435379551951,0.756433421499456,0.3054976217830772
0.8511724641431629,0.6039989387558232,0.7454299094386717
0.4687082315821901,0.7240208047012413,0.45212690839171094
0.9213770533483588,0.6243597716342709,0.8367081401382949
0.26803310197238117,0.6775782050919796,0.19988530524706766
0.7259080254119439,0.7716262379270264,0.5735136010136507
0.7361725870015631,0.48909326942706927,0.7433689414700565
0.7186232838512598,0.7991196450129799,0.49077106228375844
0.7481542811049384,0.4499197966864913,0.7886113503970925
0.6971519752463775,0.7935949154582457,0.3841357937587035
0.7811850650288714,0.4972323717235381,0.7729403958962303
0.6324593490574246,0.7912386515825088,0.41134937249873843
0.8600817271349483,0.49419037164615454,0.7967000638800202
0.44526225419899684,0.7873838180017619,0.32843408140798136
0.9139139829831118,0.529370373157393,0.7620065845715599
0.29109829435690826,0.780385816853436,0.39606809555900246
0.7635322863038062,0.524196370501132,0.8436992535435087
0.6680377160793082,0.7658813101734733,0.2328828139783658
0.8205243061069443,0.6064367093689984,0.6023422799609154
0.544877426020249,0.7560642496077563,0.693342342243012
0.9175482615450492,0.48746501519154806,0.6398270716321788
0.27991776233861654,0.8196487390318625,0.6224391240379967
0.7457860920640459,0.35470472688484983,0.804539511848796
0.7014800287071722,0.7510519049199298,0.34498539950804563
0.7748014527189814,0.6031169405283294,0.7438100147394859
0.6455913978590885,0.7253651008879667,0.4783488053845297
0.8465716360169154,0.6142249477296847,0.8047290102978403
0.48058597410166704,0.6979672060603491,0.312057354733137
0.9236054537141498,0.7097356445217438,0.7386123758551445
0.2610661524594283,0.5690336143447294,0.4453240114019687
0.7137692810479978,0.8256241484370795,0.8723755844256759
0.755919969576822,0.25610075514499,0.1651015402601908
0.6826683859356544,0.7032266869431149,0.46285462007349265
0.8015393648847524,0.6586852054351545,0.7984767346270568
0.5885738422721306,0.639437916284085,0.34258708275800576
0.8959722955210614,0.7838804470210434,0.7571676471208861
0.34486198236519067,0.40296538552272426,0.41261656678635095
0.835949123292064,0.8429005144192216,0.844676277559776
0.5074112902693863,0.21575348910856595,0.2056149834409551
0.9247967692732088,0.621845961517899,0.5658828131163774
0.2573265078156638,0.7481236862700006,0.7045225334185414
0.707105431906918,0.5014549273540087,0.7018774546846941
0.7662971582762012,0.8042080352244395,0.5798726907426893
0.6626175469278736,0.4086539306114747,0.7285257961462656
0.8271554736952951,0.7943733133366581,0.5426329826776158
0.5289863953154662,0.4450203879036991,0.74370189835964
0.9218912188804774,0.8011889728020484,0.5517036366565626
0.2664288578967168,0.425290518086439,0.7166111550948844
0.7231447298333011,0.8019947329534136,0.6790857832138801
0.7407637893262055,0.38241161665010825,0.6142622878781618
0.7105213516723603,0.7987734207205078,0.6994228579925902
0.7610188138131568,0.3841040392847108,0.583275598420874
0.6729159616916185,0.8046121120278811,0.7266489682978756
0.8143702597113722,0.3603910989243396,0.5433150363048169
0.5593339572933161,0.7930029997204835,0.7460367214950151
0.9119740815940852,0.3838403921262648,0.5378997971466867
0.2970262175504273,0.8114091863602149,0.728436342602615
0.7725660814610201,0.3420079484722132,0.6493327584196187
0.6501186055768429,0.7618147882191169,0.6463819995229627
0.8416182957607579,0.4889230565816706,0.6821990083223167
0.49319867800560696,0.8111190692682643,0.5768486327813126
0.9248288454707758,0.39195744505621355,0.7942303567806379
0.25722567260708024,0.7763535273222778,0.31414315183359537
0.706924316047987,0.5587621339960425,0.7691786295913762
0.7665746114838693,0.7600325468812621,0.4429590285242239
0.6620705130952292,0.5547427104007128,0.7820718804942393
0.8278126505046819,0.7601327609017557,0.4269051972736617
0.5273938048256527,0.5594091280485063,0.7687655881618259
0.922223443991544,0.7596369048681494,0.4991091346426249
0.2653912443725024,0.5385285141507055,0.7458809896240597
0.7213473075967933,0.77871752016774,0.6259181312663051
0.7437198668527071,0.4563911701337523,0.6904162585864675
0.7052223180548055,0.8117715067858352,0.5897284171297166
0.7691700606371855,0.38608854385640545,0.7336937209725477
0.6569256702893232,0.7826431048551981,0.501106453034348
0.8338850358157125,0.4861516644438242,0.7983195688151022
0.5125268965758595,0.7890333303617678,0.3326575207930275
0.9244193843900577,0.5242266456926594,0.7576285894067861
0.2585122887696687,0.7839137655912309,0.4029477152171114
0.7092296357015236,0.513954936306621,0.8532940025024128
0.7630249503135685,0.7688420159823437,0.22360949598403698
0.6690261393964156,0.6030284579987709,0.5775749863329184
0.819291607542751,0.7655581559094546,0.7530483866357649
0.5477956166052338,0.4478291791638991,0.4450089428605391
0.9165476424233043,0.8549964207726947,0.8212410798213736
0.283005827888872,0.18777183234630596,0.24502887709435656
0.7507800582982829,0.5580974911113651,0.6604239424338475
0.6923046407316666,0.7848089180335324,0.6359294199407852
0.7881700230663392,0.4387478351846217,0.6851635217546485
0.6177447398819985,0.8105724865475951,0.5864476896882369
0.8737038520514461,0.39025573684237913,0.7572896944366031
0.40827809455907055,0.7812597644588868,0.4190847196093471
0.8938722406304552,0.5150097199767624,0.8372028644130329
0.3509992348247557,0.7716813522914686,0.20767356891167685
0.8428554563156092,0.6018922096513749,0.5829510530837196
0.4900655034760771,0.7654064763910593,0.7078657464447459
0.9246348313816198,0.4620125299573184,0.6305053796425178
0.25783546191676204,0.8230247247725434,0.6334473525334423
0.7080184450312484,0.34203886957096036,0.7984234349625884
0.7648948081490915,0.7414457635607054,0.37259023933079466
0.6653737402779273,0.6141387237191076,0.7556153848842619
0.8238106462980082,0.7101344223684455,0.48583142909815585
0.537042661773045,0.6400862742372034,0.7691599745078952
0.9199230124724408,0.6738891622618252,0.4952681302016194
0.27255925530546027,0.6972001438143688,0.7476732868718788
0.7336016183153349,0.5894925811435646,0.6202934381360635
0.7230920505056895,0.7684629225732946,0.6941503900992271
0.7408507669043174,0.45919501679645386,0.5890030772359932
0.710366359901928,0.8305192124691485,0.7259864897504733
0.7612601800999662,0.29088335862124337,0.5337334439701554
0.6724495376882929,0.717599799812002,0.7632428366265958
0.814966280719048,0.5469370738118401,0.4669190202956122
0.5579460954370364,0.8345221948984622,0.7737197105213695
0.912576325087327,0.2637242178105932,0.47861081808897454
0.2951888711165142,0.6834882875034822,0.7535905501700285
0.769793885496247,0.6117070169135611,0.6017930007402941
0.6556816595907002,0.7505830296542711,0.706151419279339
0.8353239172082159,0.4956366803713638,0.5867017096581427
0.5089641210281091,0.8286116791528071,0.7060016782398022
0.9247026847765157,0.3028138027097354,0.6284036984081959
0.25762222931139234,0.7219088161804754,0.6362318288579409
0.7076361602212766,0.5751389376443461,0.7953971215146983
0.765482732383688,0.7406731071984531,0.38025410506720275
0.6642199995825372,0.6133914058720132,0.7602274442671032
0.8252176294273127,0.7098714383725179,0.4761045302852962
0.5336639259858127,0.6433168388718846,0.7707199635442084
0.9208069383227204,0.6690330201289258,0.492841632347418
0.2698096264399951,0.7051062977471707,0.7482845810899686
0.72894585010513,0.574932648786961,0.6199219791520042
0.7310600515626657,0.7812103167849634,0.6957458127317856
0.7274616345158755,0.428670941526984,0.5840101177963753
0.7335664578464551,0.8256287184547717,0.7338073744547776
0.7231528261455223,0.30185026770665774,0.5113243047719366
0.7407504198780852,0.7348473126659185,0.7816167012226402
0.710545170715545,0.5067731032216911,0.40338120511826125
0.7609817050269395,0.8630574947353539,0.780624860627555
0.6729876336725567,0.1772657312357854,0.3994323428929776
0.8142785308065665,0.522962730335702,0.7848512534973642
0.5595473187740443,0.7788276734241509,0.3725233095374367
0.9118802322592429,0.5350718008689448,0.7861710917930055
0.29731229481406707,0.7720872892520833,0.33859716403395396
0.7729954684159033,0.5605903299528056,0.7928231033540896
0.6492518546302117,0.7533433230018839,0.36588775766928033
0.8425783703909359,0.592133227726259,0.7680704099188301
0.49076822251907565,0.730993345979735,0.40381050407857294
0.9246846648528081,0.6252339235402028,0.816310055524231
0.2576788611237747,0.6815623398757724,0.2558746133968793
0.7077377229187979,0.75063494118416,0.6819250081028243
0.7653266423630972,0.5027977419140675,0.6138306231332186
0.6645265595536028,0.821517352088254,0.6938860600491461
0.8248447414453827,0.3262327434362658,0.6057162015905969
0.534560807634545,0.7518208919895867,0.6885768656869633
0.9205805371298975,0.498221391645944,0.6504777263309387
0.2705144436138494,0.8153552749488646,0.6062391545484606
0.730144603817514,0.3713628541074295,0.8224146813560385
0.7290238069346143,0.7602846868219069,0.30310877979846856
0.730927954671553,0.5967325277379429,0.6974005057304995
0.7276874350794885,0.7431652256805659,0.5811430999587158
0.7331861980556177,0.5487370068011305,0.736350553334974
0.7238095290345551,0.7743962623179356,0.506242082235968
0.7396643904393233,0.5035785023094455,0.7832859181945416
0.7124756258347862,0.787173214708422,0.3997191289275242
0.7579602011766289,0.5074099624909036,0.7786746838403278
0.6787891780529786,0.7867495326352244,0.4050245965758501
0.8067273903012193,0.5067272220918275,0.786473857408858
0.5768977397443128,0.7854178489404109,0.37092175094816354
0.903120929202199,0.5205371171915778,0.7824267890151696
0.3237260108248762,0.7804928233030287,0.3506242014180516
0.8100316787390668,0.5381400044121166,0.8015926897590898
0.5693573252594734,0.7669537479983464,0.3319094912198163
0.9072013773015511,0.5737972411891169,0.7493035207321718
0.31149204179776335,0.7524346787853036,0.4268859725179711
0.7935195738693681,0.5756445266941945,0.85692550774775
0.606231161095515,0.7260566917691244,0.1840926912404057
0.8832452795255052,0.6983711544098352,0.514112478468898
0.38155530616924427,0.6526362556369227,0.7476241492783247
0.8730921616623526,0.6617635655347309,0.5877940997114071
0.4099682839526178,0.6904947470214361,0.6960476008760487
0.8950088733905851,0.6155835352976498,0.6728800818773774
0.3476815627879928,0.7288153274180272,0.5779249579158509
0.8391566466355799,0.57861237667724,0.8270375064568368
0.4993992454587613,0.7302263013164453,0.2545272578341707
0.9249986646477304,0.670299314459539,0.6550001660109195
0.2566916996762901,0.6597545175104282,0.5982770969944482
0.7059639626762733,0.6906423008442941,0.8326416914456385
0.7680417304911409,0.5775948102032795,0.28325414782435177
0.6591684336466641,0.8567983414228152,0.6682185939549821
0.8312620160027296,0.23477545344556291,0.6485458757254964
0.5189822639890871,0.6181943920193931,0.6322703159840641
0.9236667925192399,0.7358473384950563,0.7336621442382482
0.26087386099089954,0.5187960699788211,0.4558317049174088
0.7134291516776213,0.8490710764745089,0.8751770508297818
0.7564575896924323,0.18716966162901458,0.15663018319759706
0.6816491673498479,0.5633519707559523,0.44400783199989813
0.8029132460040956,0.8297760002137655,0.7972743153044353
0.5855011919624704,0.26929300803118666,0.345199247649528
0.8979513208400881,0.7066228954704755,0.7600107963214888
0.3390485610940281,0.5688039690805556,0.4055260357982635
0.8291501469621597,0.8348396048194978,0.8418005651579669
0.5241426687927181,0.24008823912621644,0.21620960508120057
0.9228433867111909,0.668881660048421,0.5850725319464625
0.2634528401640581,0.6806528483524814,0.6871049844853055
0.7179681323421326,0.6345660069616275,0.7273613123229894
0.7492126051481456,0.6919282159004567,0.5288125240320335
0.6952043865105157,0.6593981340582706,0.7684345955611185
0.7840124157020969,0.6462769123825136,0.44825982797788283
0.6265467065901196,0.7482395943082442,0.7794648828706744
0.8657479448894185,0.47877485733615355,0.4441172286744289
0.4300452309939173,0.8582442196257885,0.7645854398266348
0.9068934220852308,0.19739846535930317,0.5380571786841634
0.3124196493359499,0.5563894719219755,0.729427935858476
0.7948103645655823,0.77064205017007,0.6430346507868143
0.6034213410954212,0.4699060723243237,0.6494566077803061
0.8854248969622908,0.8195032223716044,0.6901469363937599
0.37535630056594815,0.33289781626609805,0.5510708983797366
0.8675166083081569,0.7660704120519812,0.8375581861137658
0.4252467076853743,0.42074928753777485,0.2154843773225552
0.9043241975660593,0.8849930875969938,0.5922155920775533
0.3201311900714804,0.17508693691725827,0.6841442225927082
0.805294681495123,0.4980371888990008,0.7162518059992522
0.5801420825679282,0.8022974226668791,0.52531727382268
0.9012358124261991,0.4309852160329465,0.8057121497060589
0.3293363444587455,0.7880956973046737,0.2918744457334132
0.8172334917059954,0.539253287621062,0.730413618420255
0.552642773438082,0.7816245201508188,0.4937361910324465
0.9147463320975631,0.4908327147175918,0.8207101494900807
0.28854627604298655,0.7835497758602836,0.24708276046774869
0.7595630937114314,0.5636455463908454,0.6635243520413192
0.6757199014169175,0.7800911255450442,0.6289309611610654
0.8107533101103065,0.4522056895047358,0.6981692561556712
0.5676998069453046,0.8100789167342335,0.5574944646245293
0.9080419237164034,0.40091122240502564,0.7911073179434757
0.3089566174123224,0.7810202247487813,0.3274108451752858
0.7899589760869956,0.5441986570529099,0.7787300002374475
0.6139180310903499,0.7681021614072262,0.3949257620652729
0.8769839241122429,0.5519609207892716,0.7919481663138759
0.3991675475554585,0.7599444614081705,0.33512019341681626
0.8873814211758714,0.5877120610392992,0.7753628534006612
0.36976184775272,0.7336428863861747,0.37271507584634805
0.8622406876870928,0.6292776805860751,0.8146042728174043
0.4394922314807335,0.6767810083650192,0.28085586431835063
0.9114535968106298,0.7508380697844286,0.7019765655889066
0.2986119693849041,0.4963351013667168,0.5223167108317129
0.774938586162401,0.841251581951594,0.8657592989680304
0.6453124632043742,0.21348046060425716,0.1639747881728091
0.8468718657386664,0.6206846070753794,0.467637862317664
0.4798156624082136,0.7738429036944476,0.7676922748256212
0.923492592309129,0.42390875464566935,0.5160876361666552
0.2614198897593876,0.8356046357438405,0.738395975627864
0.714394264691036,0.27245397750648714,0.6413700169335481
0.754929867290083,0.6793846880403237,0.6723775834645672
0.6845398222248044,0.6406426714584816,0.6164246356928753
0.7989966998489791,0.7122670651425397,0.7107896474251902
0.5942236018738519,0.5721745573087248,0.5375445022508956
0.8921510775446961,0.8022816347444967,0.7969876743867194
0.3560048698079749,0.3438421445483392,0.3174763900984277
0.8482819891796325,0.8091589522772269,0.7608594340323764
0.4761887272483899,0.3374479166287304,0.4186934214410373
0.9229021861728092,0.7886054912159008,0.8256571388675784
0.2632688414419572,0.36970486883427534,0.23068412040901795
0.7176459267007373,0.8467135988520483,0.6358917435928491
0.7497319271851359,0.27523771712348805,0.6787663267218437
0.6942456688142725,0.6793128055305184,0.6075613591043928
0.7853938945435149,0.6583716646270317,0.718242924143876
0.6236362023419547,0.661043296057458,0.5271750539787323
0.8684421310406993,0.7075717005723628,0.7957466617083766
0.42272646547449627,0.556915751419349,0.32820218230364784
0.9029065631891625,0.8596426715785594,0.764710197190853
0.3243653149546605,0.19313301562917692,0.3931493203993088
0.8108640924133902,0.5586753862174216,0.8365189067859851
0.5674450093775972,0.7450492030867194,0.23740743674204007
0.9081693316272066,0.6472622682710039,0.619601676017046
0.3085718478602981,0.7026083415217828,0.6517057374359594
0.7894144715030029,0.6066729156590523,0.7639463560672148
0.6150852756331588,0.7166007353679691,0.42960811098950324
0.8759949035300276,0.644514983733799,0.8058690835520186
0.4019229803219475,0.6582984059100266,0.2995971818230267
0.8894093233809623,0.771389564630688,0.7324340060504775
0.36393340179673017,0.4405975422929625,0.46845143663550975
0.8564977591575427,0.8491022748433291,0.8581033899521182
0.4547645865479077,0.1928753182393777,0.1589690467820681
0.9174289022683275,0.5761848626506691,0.4684387497503349
0.2802865127389186,0.8150974494628976,0.7543907622502033
0.7463861390076261,0.3237366034692672,0.6046832427067236
0.7003873208681847,0.7492567531967768,0.7087032012120342
0.7764262100505034,0.49775238451821197,0.5694211679952778
0.6422776364693256,0.831608606623244,0.735226801579476
0.850101174394599,0.2847666926051878,0.5352783758105792
0.47148792044383353,0.7089182953251629,0.7433539123027805
0.9219921268817165,0.5692240160872668,0.5695044528188117
0.26611378594442753,0.7972161298304721,0.7019977187734805
0.7225997838365785,0.3872269609931269,0.703488040123488
0.7416625440728615,0.7879630591757116,0.5726284149093901
0.7089170947312596,0.45106809032644923,0.7404986028495848
0.7635084958574846,0.8023433095846375,0.5048559226680455
0.6680841086604263,0.4374375087620083,0.7757275679995475
0.8204666099385711,0.7944718991990702,0.4398839223394851
0.545014262083575,0.4774320501170351,0.772192104597636
0.9175027499735636,0.7956070954390474,0.4860483404547024
0.2800583789286946,0.4600087592197658,0.7508956308539568
0.7460150282859475,0.8007872215169719,0.6117132973477901
0.7010634416726186,0.40707136236728936,0.7010359926784248
0.7754219219642176,0.7982082635599685,0.5830661679844105
0.6443282301356849,0.4226882298434322,0.7234831282150418
0.847926639347833,0.8000834038233534,0.5577414426056446
0.4771040984388549,0.42611494509289816,0.7284277131762004
0.9230603774592988,0.800207400938307,0.5968789621043775
0.2627736929887839,0.4132786668985363,0.67470368810684
0.7167776132687349,0.8050359149467685,0.7455427195473543
0.75112762562639,0.3532072162948993,0.49196130266070265
0.6916591878948313,0.7940423884099267,0.7819493210966846
0.789086996073327,0.36981733641708947,0.4179400658773423
0.6157862221948109,0.8191137593293973,0.7730337135791043
0.8753961377744593,0.30678800404591505,0.4622742354013968
0.403587637052871,0.7471612150612198,0.7628363399646674
0.890607228202519,0.4861001509842224,0.5498629308638373
0.3604761751209974,0.8373543005805244,0.7248661595283034
0.8529724784771936,0.27201812841521394,0.6373801900476852
0.4640185889193682,0.679180139790197,0.6423241580078627
0.9202097508095924,0.6491396003974531,0.7354269228851011
0.2716679317007987,0.6699649993253635,0.4531170798300662
0.732098526368973,0.7143739446032997,0.8725844575240875
0.7256820140121992,0.5219449685199318,0.1580655396883692
0.7365502256401707,0.9101790161334791,0.4491785407723925
0.7179627657734621,0.14549384753245947,0.7880548847055017
0.7492212611246168,0.42408711122383735,0.39501308039617694
0.6951884231127854,0.8562087594764093,0.7706163384669562
0.7840354740861538,0.2014525246847913,0.4432830632941081
0.6264982430044194,0.5723661539351756,0.77901360474374
0.8657933197121411,0.7468522599861624,0.44518297726920586
0.4299224148396938,0.5816674103038071,0.7646471706427295
0.90682978861497,0.7418809050587833,0.5379625920221441
0.31261123545334557,0.5642042430999648,0.7295026893354112
0.7950761684102104,0.7647827362645413,0.6428417831947947
0.602841202894492,0.483330868563515,0.6496546841516785
0.8858676418526916,0.8183504243130842,0.6900294843986206
0.3740928029928588,0.33603399920552757,0.5511564007589893
0.8663452976446783,0.7692923533915984,0.8377913871614004
0.42842715470643883,0.41307795221795657,0.21521010951582947
0.9060461129213606,0.8808810072292814,0.5914076100406416
0.3149682504713788,0.18825021600872566,0.6845810671433938
0.798324031165597,0.5260806193395774,0.7170104458966126
0.5957102579876993,0.7915467291144915,0.5258493870805123
0.8911063221089337,0.4572081629870083,0.8022127805615679
0.3590326257837652,0.7913669931394005,0.30430010701271365
0.851474337804346,0.5277727163881994,0.7438283064325024
0.46792342250048713,0.7850554818033837,0.45549737011010144
0.9211930447508957,0.49481366432993434,0.8373774439255678
0.2686067504978391,0.779160004683942,0.19802192155832485
0.7268915071138737,0.5887071304152135,0.5694943633724575
0.7345249027985016,0.7811491931715682,0.7464501380353147
0.7214928588792076,0.4129748266288936,0.4847413795663053
0.7434813798224073,0.8362982257004767,0.789238911645015
0.7056522254151737,0.2534796022318879,0.38407419538856663
0.7685165000726103,0.6763386916606213,0.7715985688295197
0.6582258899983969,0.6187148502007828,0.41839679613313563
0.8323689006165963,0.7881803203944252,0.7950683702785417
0.5162643814407862,0.38041605197459916,0.3414008494100239
0.9240212386164899,0.8389950427268738,0.7659270317499438
0.25976216004790975,0.25356773151348233,0.38383892945197773
0.7114573869440693,0.6765132314005853,0.839921841393622
0.7595573619751086,0.599939543533127,0.2611382478800149
0.6757309106247331,0.8445788267802443,0.6384158442836969
0.8107389940887078,0.2805063315641387,0.6861697931445486
0.5677327269451309,0.6858991729705872,0.5785459630610923
0.9080254274921326,0.6556391814722293,0.7756657869662081
0.3090064269234911,0.6500122101556588,0.3655814477738354
0.7900293836608325,0.7648831911761801,0.8175989417103655
0.6137669394692752,0.42963638816710475,0.2963961182745003
0.8771112088900388,0.8753480537618736,0.7030218534147032
0.39881240367912596,0.16629478521506585,0.5300181734842642
0.8871159602979743,0.48880663265592994,0.8420968137453355
0.3705225631455354,0.7798773950750945,0.19583253505825274
0.862971695378713,0.5878173263593296,0.55680946103296
0.4375307289094402,0.7849281835119646,0.7257900668739696
0.9105610836268325,0.4102469847883982,0.61332792321006
0.3013265074612957,0.8139034453910271,0.6588342130230297
0.7789567204411516,0.35804531558443675,0.7567410121543837
0.6370776480466537,0.7604496896189653,0.44900527714150773
0.8554759581021917,0.552008956234699,0.8059057918862392
0.4574563198819169,0.756828472820757,0.3061153131628902
0.9183031305434378,0.6029972183863007,0.7341467150938837
0.2775832166169708,0.7278247751220872,0.45638448411640836
0.7419638655373227,0.6159352217488621,0.8722495255540107
0.7083779047646749,0.6792934300964197,0.15564962961904788
0.7643410005817711,0.7811949048748396,0.44478939599404865
0.6664581910222839,0.507126344328622,0.7826723470508076
0.8224791813738789,0.7860425270516159,0.42411104184011217
0.5402265570476017,0.5023714368423606,0.7690470206276818
0.9190127491999555,0.7904398396651781,0.4945391169073246
0.2753847692292124,0.46977559613275033,0.7480939636053877
0.7383275929914076,0.800972399766673,0.6186262396162603
0.7148398461500112,0.40439000562582056,0.6949519438382812
0.7542222098730864,0.7980333473370331,0.5899049750424704
0.6858729516268043,0.4209402115102503,0.7219638215642556
0.7971696096580967,0.7998118569093514,0.5486530874241021
0.5982538254539215,0.42969887686513375,0.7462464757370296
0.8892808873995803,0.7980537938894843,0.52585122071951
0.3643034456099626,0.44133665319711185,0.7404622014401582
0.8568698469686851,0.8012743084632957,0.6070007258727812
0.45378247560082496,0.4073540954624874,0.67936089450984
0.9170965796221233,0.8018590864175137,0.6870135432019172
0.28131264008984513,0.3802153067170161,0.5478733686818988
0.7480506028774477,0.8074392146580941,0.859824801412766
0.6973423241248985,0.31001616375925584,0.19108015328601993
0.780907226303239,0.7848700421993003,0.5216956140244592
0.6330371817792971,0.4744641397990273,0.7652906472664561
0.8595141005776222,0.7972939495489423,0.47440667176430984
0.44677356249769445,0.4596130149734798,0.7644596418495216
0.9145177014980087,0.7982921693185655,0.5332111409081717
0.28924777803578877,0.4383990235616231,0.7308445040462397
0.760658953467447,0.8024955016932496,0.6472061720661044
0.6736105669158446,0.39136464540075755,0.6524676078004074
0.8134796729040885,0.7982486981986313,0.6677198682125677
0.5614028303009991,0.39555775278144867,0.6080859544070949
0.9110498619947989,0.8075538227953563,0.7499883560826845
0.29984064053001,0.34518985659474793,0.42421094185911185
0.7767640540212843,0.7958345120311272,0.8577541172272055
0.6415861360863032,0.34112960710665113,0.18737558259763556
0.850827454452158,0.8240258058808665,0.5183423915407611
0.46960435964969044,0.3772765047612674,0.7523404558102356
0.9215815886764701,0.7745330562245156,0.5518054318289862
0.2673951671293873,0.48915083290898453,0.7166027631047006
0.724811469383367,0.8043443418925523,0.6788232177750163
0.7380012719646584,0.3764726457441473,0.6142352536678494
0.7154149598098576,0.7948238441740103,0.7001325819713619
0.7533066618334346,0.39384541733283335,0.5806485234394857
0.6875922197619674,0.8109296492926246,0.7308418739250695
0.7947938886136776,0.3424954692569251,0.5307602742282219
0.6034572839732988,0.7785137844927347,0.7577421476591809
0.8853973844536125,0.41582058876616007,0.4999706180391214
0.3754347674083634,0.8350550343144215,0.7529309257823278
0.8675889604687484,0.26915460462030333,0.5789459432341072
0.425049917723568,0.681234938393846,0.7059003979111518
0.9042151951169974,0.6284881254250542,0.6522735348196416
0.3204572813351524,0.7186167616763076,0.6078252499852985
0.8057283250454109,0.5896240043997311,0.8088374106772019
0.5791617076802321,0.7238733118209285,0.3145030831546654
0.9018136689374532,0.6644850428089405,0.7291388680038335
0.32761936918358436,0.6489301064486171,0.4716638514243334
0.8150541970415381,0.7387281831012065,0.8652025877959637
0.5577411558280931,0.47391365608349434,0.15177789971600872
0.9126640480174527,0.9136558723120087,0.44505677972385116
0.2949210188532431,0.13554824083798275,0.7562952933978014
0.7693876625196903,0.40191538099158025,0.5964243766124249
0.6564920629440567,0.812749308179279,0.7118600804964087
0.8343878666713996,0.34384463430462453,0.5760967422974017
0.5112835921049158,0.7735914871982403,0.7161832904988602
0.9245289180320766,0.440444980220019,0.6096758937130876
0.25816823169170333,0.8241816197810096,0.6597876600723162
0.7086143645964647,0.330231783601519,0.7668861163244934
0.7639761734708495,0.734755617204089,0.4476604921823591
0.6671713454068456,0.6051150202299268,0.7830085624950123
0.8215988427170009,0.7137100500796445,0.4230905407808141
0.5423244821434171,0.6515743063713734,0.7689516790393073
0.9183719613817788,0.657743705308324,0.4941052505006858
0.2773701371393845,0.7209441232759228,0.7483617739608861
0.7416129934018552,0.5446635555849937,0.6175078336048447
0.709005697251762,0.8029259256123529,0.6954531684628521
0.7633714885103279,0.37477268837414757,0.5906566758039542
0.6683511984474608,0.7971776990799208,0.7190704994088869
0.8201341337308236,0.3818800828629416,0.5592335405748586
0.5458023047555363,0.8068361896377348,0.7334893559949625
0.9172379508525995,0.3523965664617683,0.5670596483635728
0.28087622176279775,0.7827140465962635,0.7052197212977571
0.7473436483008977,0.4220809097815038,0.6940999211522608
0.6986381426872467,0.804863635654906,0.5823573537205939
0.779008686598116,0.4061925558305598,0.7420254065984383
0.636970365370339,0.79117453916257,0.48087847855972854
0.8555847403381687,0.4723382022032211,0.8061177107194811
0.4571701220229577,0.789803562185051,0.3055252386408037
0.9182127257441451,0.5310105556771753,0.7334371857105314
0.27786302929491424,0.7855797907349396,0.45790579583712177
0.7424241151100812,0.4928303964999024,0.8725144134451249
0.7075530291284483,0.7728050461177459,0.15467650727624518
0.7656104383685405,0.6158686836164049,0.44261953708448243
0.6639690516097856,0.7852132093746163,0.782202179682143
0.8255223554224939,0.39183175369410006,0.4260031630271847
0.5329302256447088,0.8340039766771112,0.7689609675751756
0.9209877208842577,0.26678167672458,0.4969741754814894
0.26924655379930956,0.6863693862134073,0.7468830958298455
0.7279855341460687,0.6086521112924548,0.6228230217584554
0.7326836060144876,0.7487430178682636,0.6925194997438546
0.7246758561207504,0.5037120677452276,0.5891637473292879
0.7382268108027094,0.8262403579274422,0.7296442561269155
0.7150175504746493,0.3015395125516333,0.518363097247411
0.753939576055162,0.7335960017367447,0.780490118753155
0.6864043593378208,0.509710619931513,0.4019531353092497
0.7964376348334694,0.8626916478801055,0.7838779881161375
0.5998614960210529,0.17726102782734993,0.38049345850956495
0.8881024219660179,0.524294856463963,0.7855743038333924
0.36769308723721095,0.7780198658606723,0.34755584245559085
0.860231059090165,0.5446625868555995,0.79243254496981
0.44486426104707905,0.7648165136669542,0.33920749374326803
0.9137521860734269,0.5761443721477051,0.773461747727553
0.2915937755220033,0.7448334375411731,0.3691125166787366
0.7642973287156594,0.6084429642625812,0.8232183312282402
0.6665436115249368,0.700195106162228,0.28969783792887505
0.8223739342028544,0.7123668522382335,0.6882370650793111
0.5404776722223226,0.5784123012085121,0.5717932341194176
0.9189377647904102,0.7894658155075336,0.7872095308412547
0.27561725215993527,0.37968206175031344,0.3337811229882927
0.7387138151454452,0.8395869023397907,0.7904228455445207
0.7141581434972128,0.24364171379829264,0.3826764929991387
0.7553042714231607,0.6592856393479825,0.7694783107825545
0.6838329972744296,0.6461717616330942,0.4273828549055285
0.7999600877184684,0.7537707319636399,0.793480111425082
0.5920885993709364,0.4623287372078634,0.3556932902008805
0.893622852503827,0.8738568192507078,0.7682923566455924
0.35172588495097673,0.14812247147185156,0.3876060233588531
0.8436547111837874,0.45400346973104966,0.8284750211037276
0.48803532608039435,0.7865505129215234,0.2490487352396701
0.9244703323385908,0.5562639132197889,0.6471094490154691
0.2583522667681553,0.7890484726652226,0.6102013782822491
0.7089435801884716,0.4365933198799007,0.821764277450148
0.763467547102688,0.7862921436027698,0.3118262255253811
0.6681639510076638,0.5371045316528661,0.7030494644222473
0.8203672766515208,0.7887514777755813,0.5887268806310831
0.5452497897882854,0.4440896889899498,0.7075255441289897
0.9174240891392291,0.8075019407861554,0.6154800508638867
0.28030138028325413,0.3887723290050863,0.6545289211923367
0.7464103110298597,0.796450278437826,0.7677832785380848
0.7003432468872212,0.36820265613680614,0.4340141282408126
0.7764915586787382,0.8154172974416276,0.792219071281991
0.642143946523787,0.3105394359994719,0.36628124490030706
0.8502418643265783,0.7638178374395045,0.7694016620134972
0.4711233549502581,0.446839476451645,0.39834160814570957
0.9219147156714835,0.8631196617692309,0.8164887115416752
0.26635549898944944,0.1646937562566472,0.25629262779612
0.7230179144458642,0.5031296343583621,0.6817510059429627
0.7409731363940038,0.8077593226321882,0.6099483710447424
0.7101482058848164,0.3898976802643689,0.7042481002085661
0.7615996067845536,0.7893429910930246,0.5747634845032713
0.6717928892016175,0.44706658343864775,0.7341109100352119
0.815802651913115,0.8031300593283266,0.5288463486064504
0.5559941346651828,0.42777103202472067,0.7543308425410357
0.9133992304674604,0.7962072967794122,0.5216134502004605
0.29267398212097295,0.4472225030657573,0.7376857050201769
0.7659589125485738,0.8025070863996251,0.6334799158033195
0.6632836702931263,0.39574132031327613,0.6696333419549271
0.826352239157741,0.7979112495953148,0.6452925046645878
0.5309285991878957,0.4035663347374647,0.6381755652319259
0.9214606604834158,0.8068296026993824,0.7234456854491447
0.2677723731600668,0.3556551907635356,0.4776172397783437
0.7254602185294832,0.798295277245599,0.8769792441038355
0.7369204524843597,0.32861997070162824,0.14685291456607522
0.7173141870200433,0.8146736672152043,0.4227805796039585
0.7502658132433251,0.43293494426451523,0.7865116362443714
0.6932579840701315,0.7917952634106222,0.388592109186363
0.7868100008946507,0.5000797250882526,0.7760705756397397
0.6206380865311988,0.7897611119279797,0.4022323025039409
0.8711518726889366,0.5005585503023604,0.7945860210270733
0.41531126337813296,0.7859040900111627,0.33029292342935024
0.8984629261907505,0.5321870342003324,0.7679924218363381
0.33754099687056666,0.7775976567489168,0.3868247425922954
0.8273461675181059,0.5333938594922814,0.8301241796402818
0.5285246004614702,0.7636714775457554,0.24986703334681137
0.9219894845234999,0.605877859672635,0.6444282666677359
0.26612203732088596,0.7464478144132386,0.6147401357700113
0.7226140647203477,0.5318673623230961,0.8155867296841298
0.7416390192981338,0.7676477161410616,0.3237648829482568
0.7089591621047536,0.5748036169833475,0.7184145345768931
0.7634434537181735,0.7586697942025861,0.548807112247276
0.6682109227642502,0.5255346124417622,0.7535451818743213
0.8203088162123582,0.7841297478394856,0.48944835905382245
0.5453883703495597,0.48632527521816404,0.7689863042838269
0.9173776145969417,0.7947021567621607,0.4930860144349554
0.2804449292834573,0.4599668070066958,0.7488837434240347
0.7466436124138197,0.8011572925613261,0.6155633426179362
0.6999176352852077,0.40490497342964404,0.6964772483751338
0.7771218746772917,0.7980143770845108,0.5914050065548131
0.6408528263287706,0.42050861020831914,0.7150823572144133
0.8515937808662297,0.8008353143404823,0.574606216296662
0.4676127090479016,0.4188368896406341,0.7135617223642867
0.9211189345237013,0.8005530482288103,0.6268677615287133
0.26883771904680354,0.40280817152612725,0.6391570986004255
0.7272867994987073,0.806310088364409,0.7892315085017702
0.7338606298624475,0.3357920795721752,0.3892048371493047
0.7226440614612555,0.7907984078655814,0.7700860438523032
0.741589601015336,0.3817560340559841,0.4360398850066843
0.7090475193206278,0.8255650750012472,0.7854368079874036
0.7633067982637995,0.2849762248131097,0.40415127444834686
0.6684772609558471,0.7241614518962688,0.7724278750083001
0.8199770264010169,0.5313162157881365,0.44737276878808124
0.546174399529583,0.8462143710728693,0.7729628362126219
0.9171113218639051,0.23027569888934818,0.4839585938031073
0.28126713713989954,0.6254229078869935,0.751505182352416
0.7479769584085906,0.697533753414108,0.6101424484151212
0.6974774839641695,0.6272679926067588,0.70232234762789
0.7807097803105703,0.7075570717948926,0.5817826740771381
0.6334474711805683,0.6175000560467656,0.7234377610344451
0.8591095580113921,0.7141231820195995,0.5609771809178403
0.4478492037759916,0.6114490500534363,0.7233918910940833
0.9149370894768473,0.721122119085131,0.6147691613576848
0.28796068357298654,0.5828474757913411,0.6560102644395751
0.75864551466991,0.7661136272651853,0.7638961006173508
0.6774792416422081,0.4432212863115599,0.4391243746908452
0.8084541395085949,0.8549622435192351,0.7972152093239112
0.5729673621340454,0.19609126388199966,0.34358202954629163
0.9053003270338366,0.5689278610518335,0.760239801232891
0.3172070861531811,0.7540323892889366,0.40276577830575705
0.801370977395341,0.5795879439704597,0.8437252192338004
0.5889494757399745,0.7254513836431203,0.22003830058895849
0.8957255658326596,0.6890180904119655,0.5865952056200869
0.3455847232217593,0.6482788870902465,0.6919333967651363
0.8367769125007475,0.6824642198534,0.6973124003234633
0.5053508514639165,0.628795430716695,0.5517743110879061
0.9248940630378611,0.7435150997206029,0.808492397876631
0.25702063022215893,0.48039697533424774,0.2768687509597182
0.7065557956907438,0.8903446627722977,0.7163259056662169
0.7671384020862856,0.11393456848060543,0.5534658533394562
0.6609571742839083,0.35638060690651857,0.7495320532632023
0.8291433157721966,0.7601842411106674,0.5002061311625868
0.5241593074251912,0.5370102000748841,0.7641028138722992
0.9228404130995199,0.7756899244596384,0.5103242570932316
0.2634621446843614,0.4993599940106112,0.7412243448493097
0.7179844191099087,0.7969433379212326,0.6354224112470153
0.7491863341936681,0.4091389293990014,0.6792887100477626
0.6952528321491497,0.8026239426774203,0.6068571500158711
0.7839424266896233,0.40399164106836305,0.7187557032012083
0.6266937838047492,0.7940089347322595,0.5265976693532102
0.8656101350373714,0.45100275921468225,0.7953621436442253
0.43041814788443367,0.7924410335513287,0.33008226623362696
0.9070859536678196,0.5170994614802716,0.7657666660836142
0.31183979740753864,0.7855037475560281,0.3894027799829457
0.7940042311933464,0.5145322291027974,0.8359253947112119
0.6051775945495144,0.7721574954376501,0.24472204043472512
0.8840693923376786,0.589430942091271,0.628339249394492
0.3792155969166554,0.7666229246459969,0.6465298185236327
0.8710211734956606,0.4780303445421795,0.7520582492720218
0.41567016862624095,0.7993728578175472,0.4316324334557915
0.8986873742997517,0.46820677102482544,0.840845567583093
0.3368789970236879,0.7837033051837888,0.19556347437019447
0.8265486920356074,0.5794515063982024,0.5588719640882048
0.530454021400386,0.7916029111455402,0.7323328652881668
0.9215684445480159,0.39169133432339953,0.5738121903516946
0.2674361722770557,0.8107547955148044,0.6982096661763644
0.7248820443289549,0.3535401736530955,0.7091614848038065
0.7378838447121908,0.7636303530328726,0.5616321098361853
0.7156217227723012,0.5107346291843824,0.7501018126902648
0.7529769088742082,0.7913232335811567,0.4825949292544294
0.688209929232867,0.4714388921456012,0.783519941038564
0.7939349833911892,0.7941638053956461,0.4152826868147037
0.605328234493639,0.48598674659939894,0.7714184926460398
0.8839520631682761,0.7942980511930489,0.46917048919740767
0.37954900879864917,0.46854464160310394,0.7605746047393759
0.8713187672588647,0.7987146561822909,0.5619451214189933
0.41485278040102114,0.428175393028571,0.7198722910037044
0.8981748186798841,0.8022071931978954,0.6307045648308545
0.33839021094619315,0.39739337531829677,0.6398555149814312
0.8283644215033409,0.8034939714341991,0.770630080861056
0.5260541847558723,0.3491508774946254,0.40219980026905783
0.9224883639898155,0.8028130043879332,0.8097870946534212
0.26456325448487383,0.3383471507827169,0.2741912074178747
0.7199072937866092,0.8091136614451474,0.7113022805222382
0.7460708939159648,0.35360649644909203,0.5590783281014939
0.7009617261193728,0.7849131096701472,0.7501714470669941
0.7755732231499523,0.4026289240447241,0.4868444101407318
0.6440197751261627,0.8307542856715784,0.7783227859561377
0.8482557261786552,0.2728360614597995,0.44133340152670797
0.476256411979977,0.7017742733764158,0.7674511824321202
0.9229140955033611,0.5756744006796564,0.5177064792522933
0.26323157095092364,0.8041412487404932,0.7377142649899119
0.7175806307208403,0.35805223297402256,0.642114099025058
0.7498370757999488,0.7768719880373508,0.6705618721636032
0.6940513115562035,0.4468560965762118,0.6206553083358156
0.7856731273882739,0.8233867991382787,0.7035386909319311
0.6230461978663513,0.31797750906236133,0.554787267395366
0.8689806428053485,0.7491963830186432,0.7805706428024788
0.42125715536932185,0.47634611405854727,0.3658417139833497
0.9020583883520349,0.8731781545833089,0.8014004060710125
0.326891493716328,0.13868375441782846,0.30290301472921743
0.8141237466932728,0.43472006624151605,0.7458817680630633
0.5599072055245081,0.7991917356909988,0.4622007969768755
0.911721168887104,0.4588758511426196,0.8211691166824288
0.29779701263387626,0.7878814096193847,0.246812575614396
0.7737216220307963,0.5539462153084574,0.6621335775753249
0.6477829524414705,0.7872849103971173,0.6272884289871152
0.8441927361804237,0.4354848115323866,0.7071885795224325
0.4866660333343431,0.8060788938189428,0.5315097753805373
0.9243421597319489,0.4194978619503242,0.8228394370611918
0.25875480645389304,0.7824315999782177,0.23804780315990232
0.7096627993863351,0.5689759898424718,0.6500990879494397
0.762353589047896,0.7790596336547615,0.6616489258708154
0.6703311989606445,0.4444496369489042,0.6310308307941789
0.8176529458443285,0.8211509446232743,0.6969311661838032
0.5516574421867546,0.3262243533217548,0.5577922622896486
0.9151265820668718,0.7580654850481604,0.794491301365825
0.28737870718746417,0.45234976301895086,0.3165584854815824
0.7577310876180857,0.8791392772254638,0.7684301966716562
0.6792263399582348,0.1314150169174657,0.42905087432207795
0.8061483005411486,0.4089150255670654,0.7947052822151366
0.5782109068803363,0.7836525613769314,0.35065339840480514
0.902367299966335,0.5309496547976966,0.7659269566451884
0.3259720568958652,0.7787117480282695,0.39047323993773214
0.8129428175700929,0.5297422588196106,0.834461120374458
0.5626471338457786,0.7648364770706383,0.2425173535832845
0.9104787454973639,0.6056825534231807,0.6287933173139909
0.30157663813116836,0.7504422712669275,0.639292506574691
0.7793242270192816,0.5160125196677297,0.7807047891510623
0.6363185119402991,0.782889426881905,0.3935130728791253
0.8562438742188155,0.5192692131201051,0.7876573266053553
0.4554341177018044,0.7799939961914073,0.3524114319592053
0.9176513638994385,0.5387091882788173,0.7847694504182959
0.27959915146187353,0.7702310377994237,0.3402737569942928
0.7452668240655932,0.5641304402789704,0.797037500050309
0.7024234845472761,0.7496006971310917,0.3641774091280994
0.773391511743833,0.6003090238237969,0.7590515666836374
0.6484512008337598,0.7246998150042628,0.44554168771176794
0.8434602915927543,0.6249941825934873,0.8034027501012303
0.4885296039663747,0.6850941792840798,0.31650666183263687
0.9245131910548777,0.7287629986352084,0.7428991751721686
0.25821763729549807,0.5306241416886794,0.43579193057834703
0.7087027696146061,0.8489582845080486,0.8696519795481026
0.7638396696342127,0.18938297617422103,0.17515967353752301
0.6674379262910451,0.56702559973425,0.48394343290269987
0.8212688011056118,0.8182552846337561,0.7998400538298467
0.5431095225138025,0.30034796861094853,0.33280343184981603
0.9181238055539382,0.7543429369680735,0.753709059082376
0.2781381879476419,0.4730485120675811,0.4137506817809962
0.7428761445055233,0.8639646156339253,0.8562951790400691
0.7067413601914891,0.14833899328976258,0.2033114283956537
0.7668546369488399,0.46548094239406407,0.5450748781245388
0.6615178301339407,0.8390070958444567,0.7552446308372053
0.8284743650306469,0.2571181925473289,0.4877995479903621
0.5257869886155394,0.6718430011183448,0.7677945058578084
0.9225396155071256,0.6270415895908265,0.5017457573482114
0.2644030113102346,0.7581462595605819,0.7448365274458258
0.7196280180051638,0.4672247118841906,0.6282300700449481
0.7465250747163565,0.8235296048586447,0.6879954387238393
0.7001339338835509,0.3227082435497174,0.5930843613516653
0.7768017114806897,0.7496283680868036,0.7316719274037378
0.6415090063290357,0.4900590490932508,0.5029949969774592
0.850908244172745,0.8460275509643885,0.8008963032945562
0.46939459543492423,0.22136931519907063,0.320600755668529
0.9215342440822097,0.6231510109283815,0.7500798846146015
0.26754285994434795,0.7007066564078075,0.42086167108963385
0.7250656087374439,0.6747694181744335,0.8616626905681507
0.7375782455254822,0.5969729058293515,0.19351957218848656
0.7161593358362248,0.8632434693846589,0.5234851295988644
0.752118023664116,0.2654867599902375,0.7779887240248702
0.6898150579316912,0.6544950999231461,0.40847110523327024
0.7916899019948384,0.7478392435628594,0.786127748844781
0.6101929039746937,0.477657308927775,0.3764992300132476
0.8800728384804084,0.8711779960997583,0.7813660591007592
0.39051515856294794,0.1519340968638645,0.3604356655142998
0.8806483571333632,0.46514849341284314,0.8012388466991534
0.388895264383185,0.7913306910445461,0.31018531532361804
0.8793262295770152,0.5259942355910534,0.7477179939058614
0.3926129627530765,0.7851277110697433,0.43872994149509864
0.8823316896559132,0.4999106581793636,0.8471346204710484
0.38414317261396136,0.7756033195537048,0.1827494171874705
0.8753356235277541,0.601185400901856,0.5275089154983117
0.40375572793081876,0.7794462618183076,0.7424859874076916
0.8907270483473316,0.4183278230018654,0.5913528426589206
0.3601297826521932,0.8208343588883883,0.6882617394445067
0.852614392506586,0.3299273340545029,0.6990085447025545
0.46495343372968184,0.7434157795131506,0.544277730504189
0.9204554313128428,0.5591804449957716,0.8214813553225936
0.27090375203426603,0.7480186873057802,0.24308223593784134
0.7308051639216849,0.6397478202106732,0.6581141806272237
0.7278972123362114,0.7027678216988612,0.6446183532296583
0.7328325842547199,0.6083792812571001,0.6645118177673565
0.7244192545242946,0.7388897718379934,0.6345310408784527
0.7386531933354118,0.5417423403167819,0.6788066029871181
0.7142652172499991,0.7913183300641482,0.6105038332874912
0.7551345417041995,0.4309639740075166,0.7101500572770068
0.6841535528287359,0.8045649861650185,0.5512099315292381
0.7995236352280497,0.4169741552107649,0.7693995664314223
0.5930566901771647,0.7906154666938795,0.41395555449795507
0.8929596739291036,0.49483935339519897,0.8042587902290697
0.35365597026247053,0.7857077701188817,0.29835864264320966
0.8457586723526701,0.5426735634314146,0.7365411122722463
0.48266847982379996,0.7782359391955587,0.4726852709032184
0.9238885881110133,0.5052261345909597,0.8359644162798713
0.26017832001623165,0.7759563305380895,0.2011806351895154
0.7121965786961231,0.5947028767611096,0.5768928565636791
0.7583986643617422,0.7738666236508415,0.7436610101397021
0.6779514819474505,0.43129115983829985,0.4835444344211024
0.807833099269013,0.8437356041902034,0.7978648110634092
0.5743834970794058,0.22910247470746897,0.34213214086057775
0.9045282528402807,0.6362495983283967,0.7586831670564311
0.31952050281976285,0.6817435133719572,0.40656868716100103
0.8044804590610044,0.7092737103276151,0.8455637814450121
0.581979105185,0.5395585993127356,0.21368288776184022
0.9001338773583469,0.8929669672460148,0.5753001514861228
0.3326036567036488,0.15579130621862056,0.701768317931722
0.8213203177287375,0.4534152568083257,0.6851928271887494
0.542987037634402,0.8125261245514707,0.5773123381263111
0.9181628240030485,0.3881651104659221,0.7823755783216094
0.2780174547006432,0.7762470181713453,0.34604293372612127
0.7426778734549504,0.5490931529307784,0.8033432746282749
0.7070975640209175,0.7594455630069411,0.3490461208424921
0.7663092162134273,0.5845280282766766,0.7465082213748871
0.6625937850312232,0.743449955513748,0.4751269000684057
0.8271840659561153,0.5796741813384418,0.8017720910726389
0.5289171718423705,0.7350980216450086,0.3259477714792458
0.9219060495387638,0.6402338936367225,0.7483459075150378
0.26638255584159864,0.6790176745231474,0.42460458630610426
0.7230646922041162,0.7085354934332927,0.8636108755604921
0.7408959294399668,0.5358593602190109,0.18838951519926242
0.7102858593632418,0.899759207721444,0.5129531194514465
0.7613854722018927,0.15631421974011966,0.7836385072058424
0.6722072492106365,0.449509182485377,0.39206262375795103
0.8152752542814313,0.8648692605751416,0.7812412897192798
0.5572256019397818,0.17150156713006753,0.3809897370277589
0.9128833527857297,0.510959452111261,0.7923930989638055
0.2942511468719342,0.782593688266295,0.3226183579608917
0.7683694149149969,0.5421406155271447,0.7749806726783629
0.6585180714112745,0.7702279574539196,0.4105259638959589
0.8320264778333853,0.5424930669575136,0.7920836499276916
0.517106146664959,0.7662946469903872,0.3490223384155941
0.9239173050612246,0.5699678886773472,0.7730127354060847
0.2600882383376259,0.7502580147262072,0.367046314948886
0.7120366824794081,0.5981103247003758,0.8260569698111955
0.7586496475475688,0.7109858156536532,0.2992419453383107
0.6774713313470182,0.6916305341077409,0.6892619584321064
0.8084645282346923,0.6155040045626416,0.6099671826061096
0.5729436488375103,0.7443954608170333,0.6877601215390723
0.9053131291487989,0.5144376409652104,0.6412365113220238
0.31716868915655355,0.8122615968241943,0.6235864290390918
0.8013190335684882,0.3738162642188044,0.7940693516437419
0.5890653080346034,0.7660791576110147,0.3537852109184371
0.8956492723473946,0.5689721229830956,0.7671099581891603
0.34580811717661575,0.7524322862406098,0.3897618549335839
0.8370319941041051,0.5868228550245979,0.8308797658242756
0.5047149093157786,0.7214738786302592,0.24453994081377195
0.9249177476315328,0.689016761867723,0.6378642067365526
0.25694615866665654,0.6341510168161159,0.6233069029075334
0.7064218717884919,0.7188649652106978,0.8093763908777093
0.7673430401351411,0.531197987644284,0.3452403714049381
0.6605524858978111,0.8679644752255127,0.7349368628999807
0.8296247273065226,0.17803647258186303,0.5304876253700539
0.5229858948479722,0.5153848026794534,0.7505000168665321
0.9230450999607405,0.7893867824183503,0.5395686694037612
0.2628215205770665,0.45807364647692145,0.7249571853398196
0.7168615649249129,0.8055219311560721,0.6655329250003156
0.7509929281357758,0.37772045462479,0.637229735106012
0.6919094350955683,0.7922024722212337,0.6685229494011903
0.7887318442688096,0.41041275026017915,0.6393291232460204
0.616545511788988,0.8097066617885965,0.6560814155566044
0.8747434316228185,0.3699357450326775,0.6775739403385532
0.40539923368554964,0.7807913064380785,0.5756177425510441
0.8918875715470593,0.46719566393870604,0.8153868833923209
0.35676928568770944,0.7885541629831284,0.2690823723567313
0.8490943611670867,0.5453895412319905,0.6932384928754635
0.4740925699049715,0.7859783950492306,0.5556410936231262
0.9225165787437235,0.4611690736002287,0.813113009957333
0.2644750405407858,0.7893073321919295,0.2652480111119676
0.7197535758454213,0.5448739112931555,0.6969358024159007
0.7463209538416575,0.7854914806492259,0.5850757834142988
0.7005061544845833,0.4530808253595324,0.7284133265054034
0.7762499434510763,0.8046666297026163,0.5318145431717686
0.6426380843501254,0.4229603987062075,0.7611063419896926
0.8497211945038282,0.793798184620512,0.4807369701614785
0.4724718186248177,0.4660770753000953,0.7652226837238525
0.9221961371516477,0.7979890088263402,0.5237053110897516
0.26547656056464003,0.4421812084932282,0.7347259706441254
0.7214953985150135,0.8024106051337606,0.6470208241255967
0.7434772172156987,0.39164023350364596,0.662862724517157
0.7056597253785282,0.7967743637140493,0.634200393093784
0.7685050862217452,0.4099505673494183,0.6839918766255172
0.6582485690902968,0.802187213633776,0.5938063058808255
0.8323423444092322,0.40928378594236053,0.7409165418892747
0.5163296946165287,0.7925946980239379,0.46740981322502173
0.9240133619728045,0.4732013194550959,0.8295138861313183
0.25978687481352214,0.7852744939561116,0.21949186181855815
0.7115013216061384,0.5684332462239379,0.6144840440884719
0.7594886065477703,0.7875805832929302,0.7063609777849008
0.675862953366017,0.4098577263070758,0.556995100378264
0.8105672200435139,0.8229696223032298,0.7673348563214606
0.5681276067874415,0.298113244447198,0.4153487249631825
0.9078269280156385,0.7414053869940204,0.8089546504426456
0.30960562810571063,0.48480926564359345,0.28115860308176466
0.7908749376586226,0.8896044148533359,0.7170240935791549
0.6119495513757419,0.11608063204157434,0.5279594651152063
0.8786290024030495,0.36333602610504134,0.7978581349862235
0.3945682905953045,0.7584445404797301,0.31955505801096534
0.8838713722124143,0.5955743500432757,0.7584408800311471
0.3797782475043048,0.7297885811918643,0.41338924633681323
0.8715229018393961,0.6247307454398305,0.8392962103372406
0.41429171361268746,0.6764580126653279,0.20916011624655975
0.8978201316848365,0.7707052990902487,0.5806719215163351
0.33943482845715967,0.48898569236983236,0.6972548163967743
0.8296096550434476,0.808162377742087,0.6905877715609554
0.523022658617916,0.36279306480789314,0.5657085277761531
0.9230388416036027,0.7917446389830656,0.7955871372041404
0.2628411124303233,0.37130480777103686,0.311233937060539
0.7168959495728399,0.8361688666703934,0.7647245996570634
0.7509377441179157,0.26204850312414696,0.4500145099582918
0.6920119197349426,0.6838026903210779,0.7855322445499165
0.7885862639148973,0.6024390136332992,0.409274304213032
0.6168564826346726,0.8067084960222414,0.7702808772308809
0.8744748811251342,0.3408581650139418,0.4681863793125401
0.40614368460337175,0.7854331925756838,0.7624680726066704
0.892406670622624,0.39748834093568475,0.5498624634467978
0.3552629179482097,0.817851772541922,0.7244707211071779
0.8474893551927933,0.32610368225071024,0.6396089378206878
0.47822924770247804,0.747261535215323,0.6406700549520743
0.9232463270742798,0.5223981159752057,0.7338335372178888
0.26219142248708743,0.789762363322059,0.4555937347963363
0.7157541977067547,0.483698467308626,0.8748833632706797
0.752765466836084,0.7747236061654901,0.15671978996153554
0.6886055894680052,0.6111460256797208,0.44444105597178624
0.7933833469992773,0.7896566464853567,0.7960992797746138
0.6065269833029562,0.376396287600628,0.3512050409905538
0.8830124067649752,0.8343727127763444,0.7624332902318466
0.3822155361771746,0.26791526716052766,0.40450379578034024
0.8736692343032872,0.6980475412335252,0.8342323128482956
0.40837382234022146,0.5638041820143985,0.2228969486999618
0.8939371811995973,0.8793436268971349,0.607945592560545
0.3508099398935077,0.18721476720162647,0.6692675587194036
0.8426466060720585,0.5250664969010487,0.7295021112436331
0.49059522238500824,0.7894100681581092,0.48817807381240064
0.9246727355846465,0.47424497644753955,0.8336809681935278
0.2577163503088958,0.7843450412693694,0.20745125806565284
0.7078049424417258,0.5742937063433128,0.5902392365263189
0.7652232918181268,0.7885478113380053,0.7325978947765233
0.6647294402654802,0.39920242035559406,0.5045009869174011
0.82459758258634,0.826035419185311,0.7957819734955877
0.5351547147026857,0.2802517841279525,0.3420684932127071
0.9204273403264392,0.7241204055208479,0.7639905909320808
0.27099115057233486,0.5338422950663249,0.38947022952709454
0.730953303470123,0.8575044899880524,0.8423361975565621
0.7276441149800781,0.1729574112394001,0.24775468107958162
0.733259180585267,0.5235626853121852,0.62119405832925
0.7236835722889523,0.8128077317625877,0.6931621423615761
0.7398729401057963,0.3497689812786367,0.5905487765969493
0.7121055986385039,0.7770655654384344,0.724726995044614
0.7585414955969471,0.4295629049773646,0.5356988727750797
0.6776782917016271,0.8341994215442937,0.7627192669374669
0.8081925712345687,0.2683106337851875,0.4664890268745648
0.5735641544325538,0.6920241554818388,0.7750173081773067
0.9049767661757064,0.5910867363593356,0.4708307275406945
0.3181771297741087,0.8023174011686621,0.7563985034940316
0.8026796422924293,0.35677516160488837,0.5891790016275337
0.5860246263243902,0.7833777472121558,0.7112464369785851
0.8976191255632713,0.41858500540997945,0.5972716164715604
0.340026414649308,0.8199410657945381,0.6803532549395306
0.830311272363166,0.33493073131224343,0.7164632255808759
0.5213095143943574,0.7460168552610287,0.5177394627591868
0.9233198470062237,0.5617212258449947,0.8208683554694625
0.2619611363833214,0.746160381702454,0.24383219651123456
0.7153487478098972,0.6431759813667178,0.6603365463013877
0.7534121922218243,0.6976273705196985,0.6454185853310079
0.6873943650833179,0.6172614685255499,0.6568282858400444
0.7950684021595746,0.7308501305223969,0.6579061611834481
0.6028581607738834,0.55122473964989,0.6280120365111163
0.8858547354201916,0.7966110699315527,0.7175991843408082
0.3741296556691116,0.38378369906564863,0.4995847590712911
0.8663796287466875,0.8172534611478948,0.8552355690233413
0.42833408026592584,0.28496622090054896,0.16418113874990445
0.9059967850100762,0.7515001596775845,0.48234982500934226
0.3151164590774835,0.5609118031925349,0.7540381570373581
0.798526882295023,0.761795702500412,0.5948844333189434
0.5952622920246898,0.5046580164610479,0.706496148101517
0.8914228541573501,0.8023024070010987,0.6031565412773499
0.35811615220026133,0.4059925249005628,0.6753474579174511
0.8505152028141002,0.8019201998340874,0.7188810274759722
0.4704146426059037,0.3698369623993209,0.5072111792639794
0.9217614145230953,0.8059234894353056,0.8343667296366032
0.2668340441120678,0.32225859586534383,0.20646504844075872
0.7238444569550073,0.7989681598662746,0.5874377422954871
0.7396065386349161,0.41939856808060677,0.7314738439201361
0.7125782145805595,0.7977312535808051,0.5142807425192121
0.757798859937244,0.4458229318548176,0.7826552433433301
0.6790970669157119,0.7943348530980391,0.39555626943535216
0.8063196903020993,0.4918455858020611,0.7819719656326826
0.5778225151329363,0.7909048670929958,0.38202177816019023
0.9025915277120206,0.5042579209071061,0.789925523841211
0.3253042287136551,0.7856009880846443,0.3321166349894633
0.8120811337302757,0.5323087831443551,0.7819368754849001
0.5646398540876155,0.7745614720959169,0.38030467171982557
0.9095402502750676,0.5422207340442722,0.7908095958635046
0.3044240985971496,0.766744464528018,0.3276895146111363
0.7834752471247114,0.5755414880682534,0.7796472054031087
0.62767460179006,0.7439416428276558,0.39475276392874475
0.8646870254136738,0.6025923472182144,0.7896831182318245
0.4329124819312277,0.7148719813951672,0.34469983195342263
0.9083472802016771,0.6719110187487205,0.7805905671246086
0.30803424538200413,0.6234931928989623,0.35350150570387945
0.7886518514995906,0.7991905373484414,0.8066058433282082
0.6167164019156758,0.34878068158200515,0.32584095072516145
0.8745959416382761,0.8131028614941047,0.736786703575944
0.40580815788009295,0.3348003901141256,0.46367098775562793
0.8921732184488165,0.7797454649835631,0.8498257669125537
0.3559406169065386,0.38412743971337454,0.1714768741961996
0.8482135083281059,0.8679004290784972,0.5040956738663733
0.476365204685979,0.25837231613488615,0.7589052946694718
0.922933166866718,0.6458766683498147,0.5360347096056657
0.2631718845471288,0.7260766661017908,0.727279894062788
0.7174760418048537,0.5405773248258625,0.6612792729623891
0.750005433591306,0.7957871249473912,0.6434582514222716
0.6937399477468456,0.4094653952148448,0.6604025220254296
0.7861198807940835,0.8058523826987668,0.6510291906029968
0.6221010311132043,0.38154395980895156,0.6404326870550712
0.8698379513440416,0.7942183801656988,0.697271082721928
0.41891359205887657,0.3962721552983845,0.5426277860582784
0.9006724794546612,0.8183179064804057,0.8323146213000114
0.3310077875683203,0.28954744199055893,0.219332062528196
0.8193340389085504,0.7521799296665082,0.6079186447121017
0.5476953548991039,0.52170628864843,0.6874398905795205
0.9165830665478796,0.7997623183919099,0.6486995352635785
0.2828966300625902,0.3978166706404596,0.6099102236300823
0.7506046690187347,0.8084784021981396,0.816044824236429
0.6926300095042387,0.321397418677837,0.31341946687274214
0.7877066139220688,0.784129342785814,0.7136647700000152
0.6187321459303413,0.4160003577996226,0.5353088179654534
0.8728399068342718,0.8292530832938197,0.792877119560763
0.41066449432570246,0.2722209805673648,0.33408761688920396
0.8954709194758951,0.7125029317318439,0.7727206929053333
0.34633018184089337,0.5540783614983387,0.376539572270198
0.8376266718517044,0.8504925347936332,0.8211351773455084
0.5032304526810636,0.20129810058834952,0.27124268578500915
0.924961387449259,0.5858974676093551,0.6807337074168884
0.2568089309556429,0.7575736806036201,0.5566264586541282
0.7061749845671321,0.5255446984463638,0.8608929540352505
0.7677199402333486,0.7615583393120328,0.2023169182951651
0.6598063243253735,0.6247692942906954,0.538222299295467
0.8305091732107702,0.7516494092633852,0.7825162969247947
0.5208256397670724,0.47035116788073383,0.37313171102228654
0.923395283094681,0.8714760043089147,0.7923898817327207
0.2617248067367471,0.14716157848684458,0.3192947125988325
0.7149322494188302,0.4556139170260973,0.7750986898927749
0.7540752741911187,0.7962946298389865,0.42681582429306547
0.6861492936654191,0.4772034214760774,0.7813354604119184
0.7967892297311026,0.7938932124970765,0.42111822470815485
0.5990897665277896,0.4847800669681512,0.7726359294033456
0.8886705072270321,0.7943009777142913,0.46833978657105857
0.3660603762039617,0.46880151232168044,0.759791284619877
0.8586226555562901,0.7988442321942417,0.5676797835864839
0.4491422264104917,0.42602114372186994,0.7179912531290558
0.9154299014024178,0.801960765017752,0.6242328304508558
0.28644658897687647,0.40009435705077306,0.6440097189052767
0.7562612803694387,0.8042054385081456,0.7790619123029129
0.6820215778786387,0.34458488274478927,0.4046332069447442
0.8024121371903115,0.7979262197540343,0.7857798188853451
0.5866235273359565,0.35868934928713037,0.37397950430531457
0.8972365486939443,0.8158613279630993,0.7831679945665262
0.34115156021237725,0.3122929372340272,0.35064031969682785
0.8316385407550406,0.7680147033214545,0.7991644746918354
0.5180587496577088,0.4279674623030796,0.33121590452397787
0.9237933617749607,0.8686869130255013,0.7553886573595733
0.2604769901072657,0.16870595306041983,0.40823986644296745
0.7127262926081229,0.5025742835696463,0.8561430530881529
0.757565840402852,0.7728647575667462,0.21408484207393547
0.6795414000730186,0.5973759831877193,0.5610260382600815
0.805730076941335,0.7751003371754795,0.7636498924672485
0.5791577441977478,0.42216674530269027,0.42529981658591953
0.9018159906740386,0.8502817255326219,0.8107156903115513
0.3276124656629714,0.20546955979502945,0.2784088770691645
0.8150453906192393,0.5942100590505065,0.7108541446946598
0.5577616868434125,0.7424918035264618,0.5328594127397249
0.9126552738721132,0.5644699027845211,0.8070999374991299
0.29494781229846573,0.7470554782771166,0.28452381180329994
0.7694283211796146,0.6292603437461651,0.723712575495938
0.6564110050614373,0.6996814165488772,0.5210860020695381
0.8344817107339828,0.6484436376967057,0.7915273809854465
0.5110513451825327,0.6564014009903557,0.34963779523404104
0.9245481107477291,0.7607348192316783,0.7744221452134571
0.25810793614397554,0.4523736420128599,0.3634598362138507
0.70850644894085,0.8706580795606664,0.8231224879859421
0.764142724775284,0.13901228499997184,0.30832667445641104
0.6668458975086676,0.4352756689429897,0.6990899368872188
0.8220010519927506,0.8074459404917025,0.596076990391371
0.5413666933075791,0.3951830576473426,0.6996711030643396
0.9186685477337477,0.792871418149692,0.630177543648457
0.2764515944125041,0.42091563150167904,0.6353904469871339
0.7400966083293673,0.8143802963543689,0.7915483870787751
0.7117083890743174,0.3135552465992316,0.3794693706871318
0.7591643645835626,0.7660071330117911,0.7679285929125783
0.6764851788809934,0.4422324636803853,0.42976347213796484
0.8097560320507718,0.8563636627724208,0.7953571604421473
0.5699894422501965,0.19251268420210016,0.3478645264039312
0.9068754685019738,0.5608195278697765,0.7645882043927213
0.3124737065858078,0.759499325091326,0.3922197509701034
0.7948853903298368,0.5712989245879005,0.8377629709061626
0.603257644309073,0.7343389977375593,0.23923795434981968
0.8855500778994415,0.6671494811995542,0.6193228887316423
0.3749992084974178,0.6741183949683113,0.6576582464515331
0.8671867678577935,0.6530651169229987,0.738886694899629
0.42614334678754345,0.6634221942105084,0.4614102009344908
0.9048172206721433,0.7216043375669897,0.8458095230508162
0.3186551660349407,0.5152340081846791,0.17902546966865698
0.8033219894184848,0.9072267523578873,0.5239293489635948
0.5845843517202868,0.1280197980900113,0.7595162901107575
0.8985283035430177,0.38307090824045376,0.5018622827916372
0.33734820771795987,0.8164187445588392,0.7496121124508324
0.8271142595295282,0.32174434128575125,0.5970687900947541
0.5290861664860594,0.7480487962868734,0.6974112138781254
0.9218697812008374,0.503744336193794,0.6374309327567472
0.2664957845253629,0.816506115361273,0.6246880622399476
0.7232603910156247,0.36230961318426413,0.8055740460495253
0.7405727518731365,0.7565894424846603,0.34958722904190476
0.7108615789078894,0.5903342205722256,0.7422808033051651
0.7604883597997464,0.7388766702978878,0.5005724844090602
0.6739395133127001,0.581360867335187,0.777726961761505
0.8130566691216018,0.7391219386113904,0.4334116010840061
0.5623834310984054,0.6007246311105301,0.7725501875884637
0.910600737840245,0.7210142234579276,0.47987722023654794
0.30120602611467195,0.6219579347291118,0.7537030539646303
0.7787795370034541,0.7012686330148383,0.5997533480194827
0.637443288068117,0.6236404590325207,0.7061530288843691
0.855104567490591,0.7110610398127989,0.591850451251773
0.45843276074508504,0.6082765187361656,0.6961785902753225
0.9186070090966812,0.7312963832290943,0.6591715046248092
0.27664223615998496,0.5499576012335078,0.5935438617315024
0.7404118445298359,0.8049964365687047,0.8317685904009957
0.7111479365361194,0.32554541598285175,0.27419759451849823
0.7600412309171938,0.7942524528886173,0.6623313566670159
0.6748006654253618,0.4072872453398118,0.6306128781521418
0.8119454912573477,0.8097721917587901,0.6963226310250801
0.5649530387915846,0.3567306139864007,0.5604712110277849
0.9093900801814339,0.7874363821656049,0.7897408598788807
0.30487912032144476,0.3839493588439808,0.3304338693588023
0.7841330165598271,0.8433439511256473,0.7827431027366558
0.6262931869322682,0.23534577564080994,0.38709969268392097
0.8659851144576173,0.6438008640089915,0.785607936584912
0.4294031151831458,0.6645245301705363,0.35442264484919817
0.9065594954603764,0.748472729894696,0.7902868341264679
0.3134246936087155,0.475024465789611,0.32995200718426915
0.7962017236664938,0.8799480113920565,0.7810652474154249
0.6003787939188929,0.12439861816399912,0.38737445679127513
0.8877191616061373,0.3924556765649658,0.7897850480376827
0.3687932513767058,0.7772990957708757,0.3371686801964985
0.8613037197281037,0.5495053353163957,0.7816295624698816
0.44200060180935274,0.7639322123830103,0.36565923725814226
0.9125534582952342,0.5699488478290252,0.7982148800431824
0.29525868297997737,0.7445283993581031,0.3078070336950401
0.7698996744881544,0.6273097267665825,0.7562370532224816
0.6554704131313965,0.6939766988278323,0.4528637054630482
0.8355671173707857,0.6770593486443429,0.8029992873780201
0.5083604260360068,0.6090256812882694,0.3200882065539937
0.924741382123037,0.8220918798706419,0.744502026452879
0.25750060575518546,0.3080311548852169,0.43222505053064586
0.7074179620263227,0.75244378567591,0.868393104221184
0.7658178194067338,0.44274187266024834,0.17941910522533627
0.6635612814776415,0.9008327556510026,0.4927268112789409
0.8260165166451494,0.16013334507448948,0.7990214409758213
0.5317389542358831,0.45719469251575334,0.3333786185928313
0.9212727635008464,0.8771063533539066,0.7558146535535744
0.26835825730973156,0.14227728358731928,0.40803438863193026
0.7264657812606373,0.43806864208371254,0.8547376949493108
0.7352390246966339,0.7807283235614341,0.2135044692155178
0.720251624661173,0.5804286850350602,0.5618728292409704
0.7455101207862211,0.7900971936636413,0.7538829939208784
0.7019816881886801,0.38863254176460166,0.46541058173705613
0.7740525712548678,0.8257682744127406,0.7948654060290781
0.6471121962978037,0.2812977647488237,0.36045529492224077
0.8449246062916151,0.7236419685780042,0.7642594570335902
0.48479995910592494,0.5347204529894402,0.41192436611462097
0.9241451474002282,0.8523374192866272,0.821262413363521
0.2593733075663032,0.19574746204291293,0.2424742481257883
0.7107655410871507,0.5761013986218628,0.6581348729980184
0.7606381807538902,0.7714474532166778,0.6498634707779661
0.673650633313219,0.46594133114935343,0.6487279100097555
0.8134281929346964,0.8197075683702676,0.6729072457065507
0.5615222411326558,0.33800026250045284,0.599838783946592
0.9109955512302569,0.764699734916534,0.7581907207466537
0.30000583041506784,0.44823541299828396,0.4057323429658978
0.7770086288885236,0.8621257743465757,0.8482537974836651
0.6410850122288108,0.15678882623450424,0.2151955601892214
0.8513515715002664,0.4862429172483124,0.5730740642241381
0.46824267085588495,0.8328233253932602,0.7149808717671858
0.9212684465688397,0.28810313791328224,0.624159774957247
0.26837171492426376,0.703347985097121,0.642646300536897
0.7264888489456319,0.6078938842521387,0.7853183266425423
0.7352003648221461,0.7100405956380773,0.39895764036128606
0.7203189170338586,0.6649270958969307,0.7746949215012637
0.7454004267490024,0.636134162743463,0.42608788162229416
0.7021809330402078,0.7665274880626619,0.782635199858208
0.7737546201654668,0.4365159533177959,0.413015912993514
0.6477161093708257,0.8576505385893861,0.7740244308682149
0.8442658188196811,0.19594844068642203,0.45012823682097425
0.48647987017193367,0.5602682438289517,0.7687364891497769
0.9243236625308993,0.7589905955129539,0.5117542707907563
0.258812888840545,0.5360855625299866,0.740275401322364
0.7097664764190598,0.7813374236506565,0.6385988351905483
0.7621926938717086,0.44622571286901247,0.6772377318884181
0.670643467737097,0.8131891165671534,0.6066685848857433
0.8172589855990359,0.376895025820576,0.7249298149403465
0.5525829234096818,0.7784257484280123,0.5048103093898959
0.9147696338130586,0.4947880707140962,0.8183341000236876
0.2884747582063506,0.7829365390778782,0.25359297682888216
0.7594511667113112,0.5629804551053654,0.6748728445574311
0.6759348407409158,0.7780303989315674,0.6112273085670114
0.8104736477098338,0.46258121699151994,0.718718033894556
0.5683426220876753,0.8067211899663825,0.5190433978932513
0.9077183582228706,0.4218962589077366,0.8106531439732683
0.3099332393617736,0.7851366537858977,0.27666210542477937
0.7913361180518174,0.5507879712911835,0.7101483746125722
0.610956085378441,0.7787933268271998,0.5409296744067336
0.8794483643347207,0.4826878135805221,0.7915744031847776
0.39227007357370874,0.7910337622173792,0.3352823211036456
0.8820587729230878,0.5187436858164434,0.7764607925765544
0.38491504792026654,0.782558335261567,0.3717246586555639
0.8759951790777802,0.5268492834972519,0.811556058987222
0.4019222136479915,0.7712479671099776,0.28454242015339676
0.8894087669498723,0.5791036572403591,0.7115647086323937
0.3639350052235462,0.7565191810814592,0.5103454354640872
0.8564993736269895,0.5418336544446041,0.8553088282214432
0.45476032743318756,0.7530107502153771,0.16734237785528652
0.9174274764963762,0.652621174044555,0.4879004620972058
0.28029091690370894,0.7295859489854252,0.7504100805097424
0.7463932995784521,0.5267618435808133,0.6126033728663233
0.7003742651145198,0.8132143452624744,0.6999349660365217
0.7764455693553196,0.34649094337172126,0.5852101798179125
0.6422380345801088,0.7748161739247653,0.7212363774455853
0.8501428636195147,0.4359893024894562,0.5626404374891548
0.471379907708406,0.8313898589266239,0.7240734721130757
0.9219692941737164,0.2890883413611986,0.6066973396506027
0.26618508466578167,0.7066958580547305,0.663907793880825
0.7227231658588336,0.5958340329278777,0.7593704136612743
0.7414592481423286,0.7293003737187393,0.4602185615155843
0.7092804965002034,0.6119976323928011,0.7876195427648559
0.7629461930031248,0.7047771665198214,0.3988057227272068
0.6691794084651046,0.6740629927303602,0.7701992287186888
0.8190998126801701,0.6228087229999232,0.4522510559856507
0.5482486453256773,0.7753237452968684,0.7733430405484119
0.916386652429677,0.41862754830326004,0.4824612159824645
0.2835019760101073,0.8391821987171176,0.7520072872687641
0.7515758407513458,0.2577030968449353,0.6084732362821136
0.6908255064959381,0.6603623815922741,0.7033033184256346
0.7902668164611042,0.6620191450998829,0.5819001213990399
0.6132571484676819,0.6916826228669255,0.7211050742526
0.8775394277875872,0.6066040388547608,0.5712495350071882
0.39761672772353857,0.7634335781897373,0.7105978379622321
0.8862153625644668,0.46568069451877353,0.6519943735785707
0.3730994667610308,0.8190993832413015,0.612936510621333
0.8654161422555615,0.35928133893837544,0.791078167687006
0.43094285902253415,0.7564615675451075,0.34097269466011315
0.9073551117360682,0.5932067196902503,0.7771464769473854
0.3110287078872328,0.7277578730658069,0.3622070374038722
0.7928724478017555,0.6434779984895169,0.814306015254858
0.6076351984788498,0.6575899597872232,0.304251309611635
0.8821342569791489,0.7710961867096178,0.7135091928244867
0.38470161567907685,0.44712223443699756,0.5086550667714942
0.8758132455200435,0.8434585044112343,0.8514491637232163
0.40242829661925883,0.21183223143944915,0.17223438319359416
0.8897751219877084,0.6165123769865094,0.502634489855854
0.36287881083402823,0.7697338398752706,0.751081515392413
0.8554317840823262,0.4387278747058808,0.5864634033190806
0.4575725133970021,0.8278897097697565,0.7015178030176195
0.9183396610080441,0.30629417036302653,0.650534833521255
0.27747013370239665,0.7234650240641268,0.606737286299895
0.7417776968406118,0.58065830564225,0.820278013992859
0.708711117648662,0.7298877219186096,0.3050242423649332
0.7638267766684316,0.6561798017199758,0.7021125399502747
0.6674630980771585,0.668512919941328,0.5635229955453555
0.82123760989488,0.6869718748901198,0.764536842239665
0.5431836725593919,0.6027708148658956,0.4185288002450713
0.918100130569848,0.8041654649451764,0.8143730859154344
0.27821143902466144,0.33333085384349853,0.2632803592048533
0.7429963866158077,0.8048930890459783,0.6922463363414334
0.7065251975391453,0.370738255257117,0.5867791971075765
0.767185168291243,0.7948248987852433,0.7361563446723188
0.6608647176271668,0.38238973797498826,0.49662898116971366
0.8292534077041079,0.8167520528949137,0.7986758982207345
0.5238911160063603,0.3048174860225329,0.333226988997706
0.9228880939310914,0.7603669467530519,0.756704893960792
0.2633129420419151,0.45860086455988136,0.4055200874873506
0.7177231754020408,0.8641327567033454,0.8540821166922041
0.7496074899035532,0.14858359459414686,0.21841036771764832
0.6944755736409761,0.4652137288311108,0.5695422588413593
0.785063229650949,0.8344423287932689,0.7537963373864457
0.62433413387359,0.27060085404701345,0.45367408430965467
0.8678017856694455,0.6969755624709568,0.8087188568765329
0.42447083189595897,0.5728754609824094,0.29473365552010683
0.9038927756323926,0.8573867804561082,0.7232181715262234
0.3214213154302588,0.21416724514583332,0.4831612980103724
0.8070057176441612,0.5947816953719797,0.8668258882003388
0.5762657105350362,0.7048132376902743,0.14961883682338037
0.9034791031673685,0.7442534776602312,0.4388188285019361
0.3226570692368473,0.5888491264301957,0.7574900783741895
0.8086330941608417,0.7367410993571215,0.5855959460188536
0.5725587687982084,0.5605717636685845,0.7133318978706032
0.9055203327608061,0.7711819242380186,0.5973311717497339
0.3165470609549909,0.4827597748186938,0.6784009034171758
0.8004765708762683,0.8128746211747482,0.7257056728445931
0.590941172311424,0.33901071242641895,0.5081276958086247
0.8943999017609086,0.7781273654392914,0.8096448283883135
0.34946025471664705,0.4005960183824214,0.2836681965501293
0.841149804833086,0.8621947070659209,0.7162537449474227
0.494382199450685,0.20210060285164716,0.5150409830925236
0.924883229172856,0.5679114506247676,0.827307582427301
0.25705469380029133,0.739631792124207,0.22541029358459538
0.7066170393234602,0.6612513161257412,0.6263367248474823
0.7670447765264684,0.6810460958630539,0.6935931180193868
0.6611422231207357,0.6321527821751451,0.5777739500339875
0.8289227805325162,0.73288816338461,0.7547022097148445
0.5246962764530052,0.5187396041311095,0.43843569618257144
0.92274334753862,0.8526989831660173,0.8238823608627377
0.26376582981381397,0.19377149455199544,0.2356800176615618
0.7185156422948432,0.5722598795617592,0.6452362684325663
0.7483283820681469,0.777565635360782,0.6660869652163335
0.6968321542398411,0.4466081285667838,0.6280035339462414
0.7816512813120226,0.8220357912735438,0.6940029323338599
0.631488456220595,0.32478924789385955,0.5730025350373883
0.8610299077586813,0.7545164821109669,0.7654369486420882
0.44273240110390494,0.4691228245551104,0.4042751597057945
0.9128655618317011,0.8655342662106815,0.8243184435511294
0.2943055030575572,0.15454382318841128,0.2377245078417573
0.768452163532103,0.47919937130930346,0.6461215739651325
0.6583537128112521,0.8195161011247636,0.6519669579463532
0.8322191760638985,0.3453787952659255,0.672400535578521
0.5166325505050704,0.7617356751503763,0.5956005179542974
0.9239764255756763,0.5045729043509878,0.7729185665276087
0.25990276505747006,0.7889234483272564,0.36725408274109433
0.7117072757599209,0.5135637080579306,0.8262679591648394
0.7591661087441574,0.7745680828303972,0.2987787267134009
0.676481833890123,0.5674649644110134,0.688648123604323
0.8097604005350826,0.7714817758400029,0.6112690356889755
0.5699794287632773,0.47777193109421223,0.6859508466425859
0.9068806543348719,0.8120411267068245,0.6449797427027975
0.3124580925736983,0.3674426364335811,0.61784099160767
0.7948637219479466,0.7877714523359063,0.8011224554919165
0.6033049262723148,0.37952853470871684,0.33797672180713656
0.885513941169125,0.8388307224739119,0.7507830527512881
0.37510230430771924,0.2591203866752972,0.43010969688229794
0.8672820927598062,0.6810930285359931,0.8472950300097726
0.42588429805051553,0.590201395538062,0.18737900040075836
0.9046753920807803,0.8700082781460654,0.5345166618455703
0.31907996006378714,0.24148127586573223,0.7321423639532029
0.8038913748530728,0.6216558329830144,0.6360841305320956
0.5833051194726641,0.730885300373287,0.6565727085461766
0.8993229511576872,0.5515439405893399,0.6856112625308649
0.3350023685112468,0.7836994848931331,0.5552058907182357
0.824270391931476,0.4667193683595762,0.8442644764628211
0.5359402377914457,0.7831994370545201,0.2107520449511678
0.9202207074377291,0.5758123848750333,0.5735883078257908
0.2716338610499775,0.7911626825060948,0.6987241753767887
0.7320409543499184,0.4034260277847483,0.7071735136628096
0.7257808833662026,0.7956288279977178,0.56326239354709
0.7363850730135958,0.43538247388108564,0.7515900437509909
0.7182517598485211,0.798325241665986,0.4731492378760471
0.7487548264951869,0.4574969578304505,0.7913819069427271
0.6960478342927929,0.7933494715525972,0.3771388846501492
0.7827914126756907,0.5000350369648368,0.768844462810831
0.6291073625924825,0.7912203276069842,0.4203903386467263
0.8633257690203292,0.4913723719937078,0.8006354998853266
0.4365792265934097,0.7873545661798351,0.3172963584389731
0.9101178803518868,0.5329455007976994,0.7504140917131872
0.30267229959799924,0.7809252396682793,0.4235430385233525
0.7809285810200155,0.5143840371839968,0.8569762207359066
0.632992789754498,0.767891960735686,0.1882579879134115
0.8595577961312688,0.615899413885463,0.5208125550036121
0.44665730759253236,0.7659172328062371,0.7493212389111444
0.9144718615168725,0.44814151570551986,0.56488485892188
0.2893883812397321,0.8335750942027073,0.7077101095152035
0.7608781603597644,0.28841873319159833,0.6875849855154383
0.6731875661550286,0.6964571730915718,0.5898328087901299
0.8140224476384009,0.6347919929098276,0.741152602054214
0.5601426388029948,0.6881305335638409,0.4723390297045363
0.9116165930919063,0.6812017274354776,0.8213228268836681
0.29811558707822433,0.5970926190410899,0.246423497326455
0.7741979301311509,0.8505109676140966,0.6614150468955573
0.6468173319136323,0.255580692168963,0.6282496152991675
0.8452452828841207,0.6549523947933014,0.7062684785958605
0.48398107019117487,0.6692123826454106,0.5329382908312682
0.9240505573847858,0.6941083395707044,0.822791238932318
0.2596701616921143,0.57413447621696,0.23827735459627508
0.7112938046299504,0.8695041225980216,0.6504352679260654
0.7598132340625015,0.20268168001004536,0.6607533056546753
0.6752392086021404,0.5572858307168543,0.6330495115276847
0.8113775131434335,0.7914794918378801,0.6931639777659793
0.5662629639418604,0.40440005891436354,0.5662310952281342
0.908754112555667,0.8188597064717574,0.7854277250285889
0.30680427923466796,0.3034196365367788,0.34143110118622705
0.7868990298684663,0.7574875271988134,0.7945629549407376
0.6204491026439717,0.4536380440372759,0.35712918857996584
0.8713204505873693,0.8720721963381795,0.7654349103953897
0.4148481550096943,0.15469961970670465,0.4011291906290107
0.8981719041905639,0.4694798937585487,0.8270722927009001
0.3383987984390636,0.7861614925315965,0.23490698267687246
0.828374691120028,0.5615919190831591,0.6367826785863346
0.5260292302577569,0.7876155236013249,0.649402793806325
0.9224931729370981,0.42771634541699205,0.7103232146533855
0.26454821963971037,0.8037230372243119,0.5033352943670688
0.7198810987631288,0.4344868883595669,0.8766960356160692
0.746113518904861,0.7764111887072536,0.14968559775399984
0.7008841025053866,0.6097090818293192,0.428807949606137
0.7756886362342397,0.7949243671423656,0.7909280241311208
0.6437843706498287,0.364722971161215,0.369736939204518
0.8485064026002808,0.8218858522652308,0.7716649650862466
0.4756101631824607,0.29966409586416537,0.39355204047504
0.9227990026820512,0.7461183198894333,0.812977114639808
0.26359171232493256,0.4733985729305085,0.26552282341049593
0.7182111496186075,0.8920458859411321,0.6974802413363969
0.748820408473865,0.11514033621312791,0.5845505475414017
0.6959270960095263,0.35819574950666083,0.7283171303534414
0.7829665202823134,0.7646380360146479,0.5333389411119264
0.6287408090774809,0.5171496672157095,0.7588306618792088
0.8636754750888799,0.7869166503908318,0.4899417593916613
0.43563855062984685,0.47960866777891875,0.760363381557227
0.909673134189401,0.7975575043129289,0.5453271429065593
0.3040213155567022,0.43634512749802956,0.723929293932709
0.782891714402335,0.803330448217294,0.6554271227813476
0.6288974283132786,0.38659479038955236,0.6348823778265207
0.8635261760046258,0.7982095089663895,0.7026107303663259
0.4360402616299793,0.38451648908836517,0.5346007751331568
0.9098638619102626,0.8123631266671861,0.8323033805172266
0.30344297439001905,0.3057296368200266,0.2163038962328345
0.782051742028422,0.7758869135866937,0.6043470979732498
0.6306532148293102,0.469728631413263,0.7004431809938463
0.8618400285826346,0.8099288885254922,0.6038451184785985
0.44056563674667704,0.38627999547642833,0.6817170742219452
0.9119299589192866,0.7907826676203178,0.6870250796084547
0.29716072309559277,0.40806875392995834,0.5492729238529753
0.7727680426561196,0.8233974348232562,0.8556795700953294
0.6497111011505324,0.2678395495671444,0.1948936709011434
0.8420703689114918,0.7203836722521356,0.5330558433396307
0.49205509203719683,0.6078074295014422,0.7463869854819419
0.9247664502186116,0.7196033477617784,0.5572662398579782
0.25742181224411514,0.6023028565653097,0.7116641003297517
0.7072765444527616,0.7339840663183873,0.6900585631431553
0.7660348062429727,0.5354537102909905,0.6004003079785968
0.6631342829088768,0.8116540411057601,0.7085305613107846
0.8265326612372844,0.3478225704101256,0.5802954563202615
0.5304927582375982,0.7767269302246712,0.7141625605363581
0.9215597092717346,0.43365222168354667,0.6078367326843969
0.26746342261930345,0.8229244355213567,0.6626778723293831
0.724928938666264,0.3326873521976851,0.760656747927394
0.7378057984367319,0.7379601346470241,0.4566871467211488
0.7157590882505132,0.5961506396105892,0.7882426979069863
0.7527576585980369,0.7220895506091034,0.39525131731467106
0.6886201942741416,0.644393416669769,0.7701717116577279
0.7933629625543449,0.6676716135417761,0.44632463845567555
0.6065712371449509,0.7195306328380233,0.7776435397242034
0.8829775142295603,0.5390124794048231,0.4545618396605071
0.38231442729982384,0.8412411382883105,0.7617724364372405
0.8737553921194567,0.24850223072200958,0.5585930753530467
0.4081355553880353,0.650386086225736,0.7219992030207748
0.8937754181197005,0.6716803203991737,0.6287954180664429
0.35128140431322386,0.6646479763323078,0.6434909187829009
0.8431662833987269,0.6714501711200656,0.7629879677186954
0.4892765371717274,0.6289629301556551,0.41538457165918036
0.9245745271763914,0.7776285678677396,0.8220704830201365
0.25802494222989153,0.39794039302910006,0.24010047550029054
0.7083578642434648,0.8674086314074699,0.6539415577250158
0.7643719015092371,0.20784737216166577,0.6565535700472731
0.6663977414618438,0.5677798892511744,0.6380860041924024
0.8225536290546704,0.7827172910802778,0.6889803614388823
0.5400488786195496,0.42715739112040624,0.5704561748648169
0.9190655230888714,0.8274733188119905,0.7883039630001795
0.2752211232255272,0.2787172336639031,0.3309954710532991
0.7380554892572236,0.7230066262606931,0.7873086072769333
0.7153194609276644,0.5293214727643328,0.3904970270305906
0.7534588600595341,0.8590707650848669,0.7736617988006511
0.6873068431520896,0.19178564843492849,0.4182373631447752
0.7951897420810745,0.5538300234334648,0.7901483602173522
0.6025931598294023,0.759003648079601,0.3655006678082274
0.8860561811580093,0.5804601407671223,0.7746056573269514
0.3735543124618689,0.740677822970033,0.3749435943723994
0.8658425059811344,0.6149554592184094,0.8157978122876934
0.4297892650245415,0.6943764889425428,0.27646991045997976
0.906760674968562,0.7253935281758929,0.6965980726940594
0.31281928720674335,0.5508444297164506,0.5335599204331448
0.795364508805371,0.8176647061583173,0.8590471484779449
0.6022112856711992,0.282591914569359,0.17713449471594025
0.88634555640133,0.7463107677926467,0.4995503029314861
0.372727310881103,0.5665432933775814,0.7528895712329688
0.8650661516364451,0.7576443077080536,0.5798453348027348
0.4318888082386175,0.5183547655615659,0.7056421388092307
0.9078352025603236,0.7974173415837319,0.6507824990256833
0.30958065594454526,0.4030541560885934,0.6091031485834819
0.7908397516151144,0.8112730604473054,0.8102923701347702
0.6120252838576965,0.31580498096378923,0.3155087928412646
0.8785662423734293,0.7768971976304473,0.7261425960704291
0.39474412050046953,0.429524361362965,0.4845716887994462
0.8840084393738873,0.8429712988094316,0.8526017879883899
0.37938881841163685,0.21287366673430594,0.16601689187669175
0.871175888640678,0.6192347620521532,0.4898596735982677
0.4152453008596711,0.7699247549715975,0.7589159118808535
0.8984215716024396,0.43586830975075197,0.5545661816761881
0.3376629297428157,0.832766207734976,0.7196301301606522
0.8274926997951618,0.2867144789547155,0.6533599268107878
0.5281695668492412,0.6981140026228504,0.6262480982869029
0.9220639593630467,0.62176115601476,0.738402399040717
0.26588945256511726,0.7053145832562369,0.44622948574460386
0.7222113308450362,0.659764719280921,0.8717853968105435
0.7423018604430881,0.6184470872683087,0.16395998497582323
0.7077722911755274,0.8514074567619895,0.46124372213118014
0.765273497572786,0.3211358437123698,0.7938301670425624
0.6646308944963543,0.7220978512080259,0.36583058315637235
0.8247176737361221,0.6528760269662208,0.765777748324951
0.5348661997445849,0.6566741454864952,0.4146071639236109
0.9205020880268716,0.7433084198415226,0.8141702531323304
0.27075857767065215,0.4791559867782507,0.2630468664069041
0.7305589700671451,0.8929415001495769,0.6926450722635121
0.7283174768898361,0.11395996284027934,0.5895356709672549
0.7321231800626391,0.3548048938401682,0.7284304597167587
0.7256396683271481,0.7619312039646491,0.5225683034248266
0.7366209382856941,0.5263974891599024,0.7764267825013642
0.7178389667897517,0.7788823487695918,0.4169753401527908
0.749420882827502,0.5210992294322945,0.7846292308481556
0.6948201258753335,0.7797693540816225,0.39342165517225347
0.7845669386495012,0.526424770219165,0.7784018162717071
0.6253801324823086,0.7784525462337014,0.39738850273880466
0.8668353428012593,0.5281753617743523,0.7914241261470185
0.4270977757059657,0.774794953520122,0.3396539992860063
0.9053354830640347,0.5542987508692337,0.7763294883628284
0.31710164082620906,0.7617278343072877,0.36481283861790476
0.8012283037826794,0.5749092466353636,0.8157417849104371
0.5892675833007763,0.7361979280202757,0.29770434331366713
0.8955158047150642,0.6464481083758867,0.707593450734309
0.3461988184162024,0.6809611777802667,0.5162220008912884
0.8374772272106825,0.6806056803863043,0.8575348909763443
0.5036037481225009,0.5882451562709364,0.16720156535995137
0.9249519480980375,0.8762221508744702,0.4843108170693275
0.25683861468842656,0.24022150993374117,0.7498986267916699
0.7062284005654191,0.6178505022837683,0.6206473461540418
0.7676384331608475,0.739113649616387,0.7005249774256547
0.6599677756522643,0.5217701954187526,0.5653178499293723
0.8303181497856075,0.8252220994630598,0.7648922863660835
0.5212927037121882,0.292709207791526,0.41493374584003767
0.9233224968439124,0.7339934226075815,0.8165603108477251
0.26195283556359245,0.49829399657690027,0.25563779688286403
0.715334125764008,0.8940358867138205,0.6810820446101129
0.7534354928413666,0.11453630565950354,0.6131380788238391
0.6873506685825383,0.35526843034246325,0.6975991672072097
0.7951289898322008,0.7666854965173138,0.592952895529745
0.6027258536343113,0.49431868363260584,0.7092686895347492
0.8859553762818776,0.8046360856145246,0.5960907794167523
0.3738422558207227,0.4023496526223962,0.6844076787426909
0.8661116272593054,0.7988069917858969,0.701152761628248
0.4290604226265109,0.38346607135482813,0.5365691236078257
0.9063800325396618,0.8113645867976145,0.8329370110412225
0.3139644958663344,0.30821067813720526,0.2156659715772324
0.7969459274464118,0.779371493612992,0.602168893028169
0.5987455298400643,0.4622516213167075,0.6992104255728373
0.8889224852454383,0.810329265302603,0.6149129209045692
0.3653354117408938,0.38165714985703164,0.6622335079221422
0.8579021600753199,0.7909625246503916,0.7353157342209268
0.4510523621096543,0.3923453831396693,0.471679016758205
0.9161352763563356,0.8271671936919411,0.8419154956320318
0.28427629755579403,0.26183300032609363,0.18658551900591852
0.7528141515539256,0.711043396903237,0.5433727345357316
0.6885145176640544,0.6220967498974366,0.7593784842930605
0.7935104235305892,0.6996864554434431,0.47059157868030577
0.6062510357319085,0.6625670862976567,0.7774150093269829
0.8832296544018179,0.6390661034416311,0.4551887330332033
0.38159961835213374,0.7555388633620378,0.7617155803667225
0.8731309936148667,0.46796329207981924,0.5589302826707858
0.4098610679347345,0.8364968524778179,0.721873523809837
0.8949373998266938,0.27545212984853196,0.6285252173348013
0.34789046580708144,0.6851543562481082,0.6435540293627908
0.8393919515481695,0.6390399886101022,0.7637846108129718
0.49880848193000243,0.6766890287266069,0.4147079042323824
0.9249947470533488,0.7147408157744075,0.8201940331845804
0.25670402041512225,0.5362000631645892,0.2451398368362349
0.7059861453759886,0.8874689211153068,0.6632008730316498
0.7680079192786258,0.1420723516327667,0.6436353159705093
0.6592354942545839,0.42415876528613067,0.6555254852254124
0.831183012267144,0.8120390927318254,0.6671617163172677
0.5191759058269448,0.3602429074853626,0.6042384994088973
0.9236394531521498,0.7840998167105507,0.7640972989899992
0.26095957081190563,0.40025455103338503,0.3882395694405523
0.7135807908902151,0.8452343338275657,0.8430098023541786
0.7562180093220278,0.20945777146111078,0.25169846422204467
0.682103627286512,0.6048240270283257,0.6245128474433863
0.8023015950376522,0.7523769201629408,0.7019341776448641
0.5868708588594578,0.49298863494565953,0.5530428628495131
0.8970777793597746,0.8357566396640341,0.7897077155240725
0.3416181774132277,0.2548696836660662,0.33440661767061564
0.8321862336141412,0.6837720203483971,0.7822975023333943
0.5167135329298294,0.6033759948765143,0.37313932224290636
0.923966433922913,0.8145473420084948,0.7930092356046508
0.2599341127547464,0.3126292592017955,0.3175360206075814
0.711762968190252,0.7725841164055536,0.7731342764406113
0.7590788476220409,0.42521355531657895,0.43236398240014423
0.6766491576448906,0.8503196030154194,0.7817030317329918
0.8095417778823971,0.2152249796613305,0.42321797593404603
0.5704803846579977,0.6020192177453114,0.7710237642350725
0.9066203069003046,0.7199896100530617,0.48080999005733627
0.31324172626031777,0.6235940012512937,0.7542652455898439
0.7959489846021635,0.6991165833898837,0.5949920287380174
0.6009325344979092,0.628745258198132,0.7069993134034344
0.887306706875365,0.7045362227571581,0.6006592216951622
0.36997600479463255,0.6175889772463395,0.6791203400636725
0.8624469144820881,0.7249664120871603,0.7101438699681526
0.4389392664749317,0.5477624473847402,0.5207385847661256
0.9112048712391082,0.8222804531272557,0.8369710243300865
0.2993690493161453,0.2771015047750921,0.2025351372121636
0.7760647200224627,0.7347463494075349,0.5765814175204746
0.6430166003280011,0.5672434557788221,0.7291974672015907
0.8493211325132969,0.7624550442393656,0.5470284676944555
0.4735065616046223,0.5177897362530544,0.7359314273221716
0.9224029615713643,0.7913806297123043,0.5835439212671674
0.26483023080624,0.4393457598647033,0.6887308807022949
0.7203721647322087,0.8100572218708704,0.7245373321300209
0.7453136033415892,0.3468412030836228,0.5336740991550285
0.702338573257592,0.7822901408223442,0.7666798984309577
0.7735186765567037,0.40387395448752844,0.4500528677913073
0.6481938742262764,0.8373661285768961,0.7814699369511614
0.8437427298746843,0.2530252979109508,0.43266417907538335
0.48781146193570935,0.6706432237535576,0.7671101982310963
0.9244503262974648,0.6291468623804614,0.5149039093375524
0.25841510587210986,0.7523736408080647,0.7387724545700476
0.7090559340380996,0.48190935315813505,0.6415503147463248
0.7632937808407936,0.8200952748389465,0.6735062281682481
0.6685026243910727,0.3367617666792932,0.6123783441596539
0.8199454026212881,0.7617851500870861,0.7192699088054407
0.5462492755635567,0.4667794088598821,0.5152402083963862
0.9170857166864309,0.844626955027415,0.8165561418675924
0.28134616826381537,0.2201838187772277,0.25768622781902645
0.7481048569082118,0.6263416447889228,0.6825770000940136
0.6972427259206563,0.7136522812602827,0.6017405096227473
0.7810526361641388,0.6006798212848078,0.723670114279838
0.6327348381091966,0.7328066941893957,0.5178048693297362
0.8598114121828638,0.5883475932600092,0.7977674381897201
0.4459822663530009,0.7277501555562698,0.3257927171952607
0.9142037124710749,0.6540926156674983,0.7589856703877594
0.29021055292816267,0.6566668917524783,0.4029392847934116
0.7621570352199831,0.7463829783240709,0.8481797962819886
0.6707126488732734,0.46230993280906474,0.22044900604793455
0.8171716086042808,0.8988640483273015,0.5801434447079774
0.5527880315728797,0.13504220607009054,0.7164758443923638
0.9146896677738444,0.40282416524722564,0.597250428039492
0.28872017393398863,0.813070157942161,0.6762980395551326
0.7598350898608092,0.3545600465241199,0.7362743296017138
0.6751971864849934,0.7606211071232504,0.4985500925990397
0.811431999636647,0.5365666042569656,0.7953443317610448
0.5661374055285823,0.769243616529553,0.34736368298321874
0.908815621282807,0.5640968490419542,0.764669785882907
0.3066182148420643,0.7569310983944817,0.3914361059060438
0.786632895125781,0.5769525677242151,0.8381470609378051
0.6210138586977081,0.7291875431966289,0.24091680283167435
0.8708158902114373,0.6761787921357586,0.6204532672948981
0.4162336295967872,0.6598577691595322,0.6599063329628992
0.8990378222010456,0.674226237667438,0.725009385338272
0.33584462087627287,0.6347307843891007,0.48093494506812257
0.825296142567558,0.7542783015199656,0.8640401023742318
0.5334749526334679,0.4399041411761502,0.15177068496644214
0.9208538819208922,0.9046426625730547,0.4465128566532352
0.26966343726682795,0.16450528125912892,0.7548883078966745
0.7286967511125898,0.4698624048106906,0.606892545506978
0.7314818453130207,0.82750432548902,0.71059896894579
0.7267397745747713,0.30435117725474053,0.5570947382849705
0.7347795761153928,0.7324864384629486,0.7559283481926309
0.7210506373645831,0.5192083060181555,0.46416624729654
0.744205478166633,0.8472057465162143,0.7913483574794179
0.7043456324036027,0.2211401306544354,0.37866170758010864
0.7704985913150153,0.6175615951599733,0.7685470219515489
0.6542728947573917,0.7029075957454746,0.4248571297343428
0.8369395335897465,0.669917637246874,0.7978062008076056
0.5049454776059994,0.6220780489578476,0.33299243650963917
0.9249095063296197,0.8058075567701448,0.7589863123446706
0.25697207229365987,0.34686220809122165,0.3996875926827053
0.7064684775126191,0.8008999187077329,0.8514837863054425
0.7672718408363982,0.32997460503075665,0.22980944877237633
0.660693323454915,0.8053928471113893,0.5878985581011322
0.829457326448952,0.40306337235879397,0.7458904368770439
0.5233941191817022,0.7892239910783254,0.45760724711664
0.9229750461945355,0.4843391985159556,0.8275110419367389
0.263040808097903,0.783754500616299,0.2254710279001635
0.7172462630804891,0.5699616160262457,0.6259146651848333
0.7503750263569827,0.7837993736044158,0.6914472673355369
0.6930556808539389,0.4237685467405504,0.5861164464661437
0.7870991651330816,0.8236824478224625,0.7399277893046092
0.6200240567055839,0.3051819507503569,0.48289830193200933
0.8716986355041586,0.7425848683361524,0.8091485930982226
0.4138084601480824,0.48221215806528245,0.29233549846411716
0.8975127682944347,0.8874168876903861,0.7211883308764709
0.34033931645871157,0.12165494479006529,0.4890913927741469
0.8306813246851757,0.38011181801506966,0.8629745163917816
0.5204044875664924,0.759458669110374,0.15314541589621683
0.9234595304824508,0.6440118868139714,0.45057483397558157
0.2615234963612545,0.7505347594129355,0.7544775591719468
0.7145771416852859,0.48123357040968107,0.6101717157054434
0.7546396059848393,0.8262147185104588,0.7104414539592896
0.6850870829363777,0.3079564847141431,0.5508066438180069
0.798248255401379,0.7377411184195849,0.7694573012413928
0.5958775191551252,0.5042871111180701,0.41421389831594574
0.8909877548864368,0.8613774340971468,0.803895270447982
0.3593757294567953,0.17437310533734335,0.2999449754374652
0.8518318137765087,0.5232747995665566,0.738000934449999
0.4669931868145085,0.7884813959837144,0.4678215955229291
0.9209690360483509,0.48287522028376717,0.8387603279597929
0.2693047615475322,0.7818848532048066,0.194109241259442
0.7280849157348284,0.5839362833942695,0.5610129214550892
0.7325159034926743,0.7873304471309786,0.7527659968482049
0.7249645121050459,0.39585755393931765,0.4717615593949491
0.737746582685353,0.8293032957318489,0.7902294810618955
0.7158632809593156,0.272958337796499,0.383457036083606
0.7525912625538744,0.7082817580239323,0.7696728589459874
0.688931320101327,0.562960622802431,0.4277691353631347
0.7929283382536488,0.8336890571666523,0.7927102301112453
0.607514057997437,0.2597535598818102,0.35984812062867405
0.882230691131818,0.6894358973397992,0.7694845998259585
0.38442888540050324,0.5971469519923994,0.38830117557081384
0.875580274639851,0.8165769901573859,0.8238772709008758
0.40307599201538014,0.29706096631239814,0.25123679497497053
0.8902412257019301,0.7594704716950644,0.6592877401653913
0.36153360732182466,0.490227952520855,0.6008439365407331
0.8540601149651653,0.8268188396749133,0.8052793513962365
0.4611733094661596,0.2749280504325523,0.30821001534024905
0.9194222059781008,0.7196208627611806,0.7363104655232392
0.2741145485901155,0.550732288715363,0.45147331665073126
0.7362103225130052,0.8358147946636407,0.8717378371739267
0.7185573290917175,0.22727888897814294,0.15922388943625185
0.7482609674310902,0.6493803879034148,0.4522379128964808
0.6969560205856629,0.7431814163826006,0.786157081606944
0.7814708060337219,0.48775844582171135,0.4062177792230466
0.6318644857976895,0.8651790845843219,0.770303275504186
0.8606635023256504,0.17433509966734548,0.4635115247824628
0.44371080093372356,0.5117796376252323,0.7654761782608022
0.9132766464533654,0.7877734392710164,0.5319633041861497
0.2930489299361624,0.464338147435615,0.7318675865367225
0.7665336420179005,0.8042591022666808,0.644214005770905
0.6621513253888927,0.38782579586058935,0.6551079491739699
0.8277157063961141,0.7958089584539101,0.6669902309359906
0.527628938390795,0.4019201667799593,0.6054337414482373
0.9221755745245713,0.8113032969378635,0.7608697164244016
0.26554080181693823,0.3317627288629121,0.39618061956305856
0.7216068722332163,0.7854365284817718,0.8478232670807231
0.7432944584623405,0.3706636899624955,0.23523254815765926
0.7059888839816107,0.8468917437444765,0.5992824709768537
0.7680037448012389,0.28712697576440976,0.72409722120916
0.6592437732582959,0.690546447475481,0.5207394688648359
0.8311732565103037,0.6639180380059583,0.7910822319484906
0.519199814437734,0.6333492090308814,0.3517980614288263
0.9236360583645593,0.788659586766351,0.7752332144165749
0.26097021319735686,0.38547588780685405,0.36178430078593626
0.713599615778007,0.8396387309896688,0.82116871378263
0.7561882553161048,0.23316608980878298,0.3118901736507431
0.6821600380009342,0.6467738464304373,0.7040275843134941
0.8022255660553433,0.6814304641753473,0.5830428173342247
0.587040916723351,0.661652434549201,0.7172537309516237
0.896968351619047,0.6563938228188597,0.5859961218654363
0.3419396729075698,0.6986871810205978,0.6922413711357531
0.8325626520979057,0.6023143986169042,0.6978389942250068
0.5157877049895473,0.7373026776435753,0.5520003308864977
0.9240777689733032,0.5693419913033544,0.8060549984576576
0.2595847696917152,0.7432561983863212,0.28360585520117687
0.7111419130325132,0.6370071510475082,0.726357791397796
0.7600506424755914,0.688967730387987,0.5327778112891844
0.6747825543877191,0.6631940363982138,0.7640280410171435
0.8119689171223049,0.6416503943323092,0.4644546827741793
0.5648989605732848,0.7499479145285789,0.7744507868449212
0.9094160621910768,0.4765293302864914,0.4748029902312141
0.3048004056738234,0.852414682185732,0.75492082552216
0.7840193379871155,0.21813647270298858,0.5962171169518647
0.6265321579026343,0.5926674789404065,0.7085829312966778
0.8657615681610604,0.7445585271462926,0.5905745608713568
0.4300083584485393,0.543035529219158,0.6949633428190083
0.906874329417848,0.7870433107275919,0.6690641587484323
0.3124771362248733,0.42291821252131795,0.5809695499222675
0.7948901495778284,0.824259703154789,0.8329955465082084
0.6032472588232742,0.2729124730020326,0.25264797171657283
0.8855580131182753,0.7224898311057141,0.6414354651130446
0.3749765685250651,0.5725112393643067,0.6283738278430733
0.8671658238542596,0.7812247826419089,0.774444811722469
0.42620025383566473,0.40404351787146603,0.38118093931047214
0.904848310624495,0.8485896213059906,0.8124973894021368
0.3185620279226218,0.20988360217513416,0.27265006353974514
0.8031969704672596,0.6039568472080089,0.7029782809146661
0.5848649092680602,0.7343220229334262,0.5508833108001914
0.8983524045472185,0.5756419576936783,0.7914915788617044
0.3378668386283618,0.7411256474314873,0.32950614794436955
0.8277375005394618,0.6275426528386494,0.7773347884439568
0.5275760837385414,0.6883859609384491,0.38650608229414524
0.9221863705408864,0.704424413999059,0.8005186198997007
0.2655070735591998,0.5614743469858414,0.29875049557383293
0.721548349562149,0.8636187238592654,0.7476067816001188
0.743390416583265,0.1869548955612551,0.48615630419093336
0.7058160889270715,0.5382147221480308,0.7847254947623759
0.7682670288934262,0.7705394946917392,0.40687602875441514
0.6587213644721666,0.5429300634096839,0.7727041095479152
0.8317878553023467,0.7702237800208118,0.4497541011748634
0.5176922305733157,0.5304165093738712,0.7709683010107958
0.9238418444161604,0.7779291538953645,0.49721366925140115
0.260324936411057,0.4982965532583446,0.7462324019547125
0.7124566964064537,0.7962510179280782,0.6267497666920274
0.7579899629626072,0.4136295080575779,0.6916235002135148
0.6787323623390445,0.802371366837988,0.5837057465728622
0.8068025478150066,0.41206097254892904,0.745463262412419
0.5767271276206161,0.7928977030009644,0.46528510315103877
0.9032179071822318,0.4731479406685384,0.8181799220587853
0.32343668151204985,0.7874264368311297,0.2577950156188519
0.809653959888734,0.5515213998592878,0.6784205476674079
0.5702233729633374,0.7853007813905855,0.5918635692371111
0.9067541081917125,0.45140472508193297,0.7636094585731066
0.31283905323590905,0.7981947600994468,0.3945349930188669
0.7953918860235657,0.4829156598446896,0.8392525506914034
0.602151444584331,0.7817814339977187,0.23484280182187242
0.8863908047665372,0.5714267677078972,0.6118886031991808
0.3725979401699105,0.7858554490217887,0.6664801259969092
0.8649442460588862,0.42662076788824516,0.7275661988065059
0.43221807989349126,0.80048860558418,0.4856330066841699
0.9080007618346969,0.44819346477669836,0.8452724066786199
0.30908089986653575,0.783316565941061,0.17952431480442196
0.7901346196556446,0.5853361667813086,0.5257436322310706
0.6135410391659155,0.794378347095768,0.7613713293306215
0.8773011999729589,0.3755036902692912,0.4890152822832135
0.3982820766461718,0.8129617110656154,0.7579456522523876
0.8867178170537637,0.3282954590580769,0.5617357632552086
0.3716625209007353,0.7597902212364274,0.716581503489429
0.8640591183962495,0.47210352716266235,0.6489733275209933
0.43460554575641874,0.8195053153333705,0.6231413169006531
0.9091771918104813,0.35485676756910617,0.7652624549417466
0.30552389509772776,0.7567449866195027,0.3899416196808208
0.7850624651015495,0.5777954584698403,0.8372856158658099
0.6243357466638432,0.7286110053889913,0.2438782937534068
0.867800301775715,0.6763689275311423,0.625069443662067
0.42447487065066414,0.6583083056008454,0.6548362187185791
0.9038950328960347,0.6778338071917667,0.7296311650921327
0.3214145688870709,0.6276305497423302,0.4700386498393884
0.8069968020385743,0.7654212272004035,0.8662297130878229
0.5762859650909271,0.41349269872075817,0.1514401224589268
0.9034676706615398,0.8916645662278883,0.4431332369291213
0.3226912033045199,0.20709323718752026,0.7578275357347424
0.8086778852732833,0.5579208919270782,0.5848951461976374
0.572456463629891,0.8017886549920833,0.713992560672259
0.905575225249526,0.37174278321599624,0.5961588618579814
0.3163823256560458,0.7941722245574768,0.6796562423799638
0.8002528337735151,0.40198337071175383,0.7239194315706227
0.5914384725006037,0.7922831293570303,0.5117520973588907
0.8940643212629986,0.45989574200831823,0.8084182726281528
0.3504392496178692,0.7902051827583775,0.28703561540016914
0.8422368531969956,0.5359251858124863,0.7210483374485217
0.491633564361127,0.7855502745812456,0.5053145998476023
0.9247410101923923,0.4780027247311759,0.8305230815671535
0.2575017747647607,0.7843740147727329,0.2163992109164293
0.7074200598037089,0.5714215994052332,0.6085133314965051
0.7658145995267954,0.78663098596589,0.7140066526781653
0.6635676151101148,0.4097814195293864,0.5409096001952132
0.8260088505626006,0.8255712157271119,0.780202187799467
0.5317574486129523,0.28668780211426437,0.3801490853626333
0.9212684184931041,0.7294084432579881,0.7957061776393899
0.2683718024471798,0.5139073543630729,0.3114916374583405
0.7264889989641974,0.8802377558446884,0.7643700729001605
0.7352001133883244,0.12935380229234608,0.44788090850395035
0.7203193546498415,0.4025348379563114,0.7881821552354222
0.7453997132767062,0.7821837390147757,0.39396074434010514
0.7021822286777285,0.5207475602935279,0.7707078253344783
0.7737526817055548,0.782835168547431,0.4409173213048687
0.6477200362583636,0.5045498966801097,0.7805499780229047
0.8442615262849625,0.7873911837979098,0.43497401654602913
0.48649080562380775,0.4957979599325882,0.7673777010487589
0.9243247561690332,0.7927475365369538,0.5147252153322129
0.25880945481773493,0.4578309072596137,0.738884081421922
0.7097603473843225,0.8029646938511372,0.6412238772781967
0.762202207661271,0.3920907966537249,0.6737615245745897
0.6706250085009562,0.7953139053193594,0.6122647806011627
0.81728229395398,0.42056797838884286,0.7188753933378544
0.5525281999902109,0.8002159055478163,0.5167783991375696
0.9147909163614171,0.438896432158707,0.8147389099315335
0.2884094341050071,0.787852417824974,0.26336833549478134
0.7593488999696757,0.5487947734285158,0.6913171288744905
0.676131147912721,0.7842435940821348,0.5838592925246888
0.8102179293193046,0.45644192546083673,0.7459333614233115
0.5689298944167189,0.8016380799570136,0.4632549946681612
0.9074200777260899,0.4525295539785062,0.8195534269675371
0.31083285698296725,0.788133125825217,0.25266276544566046
0.792598430410262,0.551529002768144,0.6710120120445264
0.608228786529369,0.7869301655433185,0.6084709702465466
0.8816601601356071,0.4422670182450853,0.7381948368946728
0.38604143201147195,0.801809200891926,0.45860438595426506
0.876949745693415,0.4535990731603647,0.8528093021203184
0.3992628901201782,0.7821280824665126,0.16780685812727433
0.8874525283643248,0.5916275739479196,0.49268988488979215
0.36955799157714075,0.796669016954931,0.7549056578295312
0.8620440650228597,0.37174874942589314,0.576693385361077
0.44001915143237624,0.7970710933008855,0.7092653795923263
0.9116885018788987,0.3852763610637132,0.6422576231757452
0.29789653645661973,0.7962708076406061,0.6205019432546431
0.7738705030879475,0.41557020688195934,0.8020447759152357
0.6474813058919118,0.7847323205464137,0.3423489887387786
0.8445222783259405,0.5310850447571613,0.7488778820519851
0.4858262790272818,0.7822603241685524,0.4466048332948046
0.9242566908450139,0.5040995368656223,0.832605171219705
0.25902316301098177,0.7770501200729921,0.2106541761570395
0.7101416069286421,0.5893838719066216,0.5967321341117875
0.7616098686385577,0.7741180603369042,0.7256858398866254
0.6717730235343914,0.4362615064943672,0.5194493553542011
0.8158279050276577,0.8389970854787497,0.7890119823761454
0.555935117301611,0.2458145879709735,0.3617969183905395
0.9134236718140836,0.6651993702886412,0.7784934137232512
0.29259921005991535,0.6346993238195492,0.3570443518890354
0.7658441756292469,0.7857697048874385,0.8121885414165732
0.6635094348508228,0.38103159420436133,0.31863858475979817
0.8260792594446289,0.8429352924664202,0.7230740149526486
0.5315875712721571,0.2566527134764778,0.5059587212145132
0.9213082337621677,0.6692140594926771,0.8222833692365785
0.2682476770075497,0.6166523191925822,0.2405857838529487
0.726276184914131,0.8342195410629548,0.6538452327383792
0.7355566261206122,0.3045835998524197,0.6520048285698581
0.7196983807954942,0.721214996368917,0.6522130706133094
0.7464106994606007,0.571867299000415,0.6560533174785974
0.700342538607949,0.7754064697772761,0.6435341007935387
0.7764926087292532,0.45869162269916863,0.6730826959707196
0.6421417980769408,0.8150549182966225,0.6095001595285585
0.8502441241859804,0.3710882650773393,0.728841928688039
0.4711174978508236,0.7739971954521017,0.48731127569758614
0.9219134639575304,0.51034750514212,0.8375687185926919
0.2663594070460235,0.7736148297715767,0.19722982858289592
0.7230246712992229,0.600978048125875,0.5679748225989619
0.7409619851699323,0.7699208196434165,0.7485475316262801
0.7101680903009717,0.43907066760833435,0.47833563721249334
0.7615686831311977,0.8469579311685772,0.7923745556314041
0.6718527488185411,0.2215211675777767,0.37062462474439034
0.8157265410769922,0.6190187809520339,0.7681326165064456
0.5561719796603658,0.7012591162192884,0.4119157629308265
0.9133254221938312,0.676346350016159,0.8094987397803639
0.29289975286267733,0.6084488198827464,0.27792886056653354
0.7663051042519416,0.8329006712124042,0.7139838837649483
0.6626018883626413,0.2882185385328646,0.5408127408655111
0.8271743158333418,0.7131128524311472,0.7804662537417005
0.5289407781182435,0.5506992012735368,0.3791472357170762
0.9219009960390693,0.8517654219932669,0.7954493732858265
0.2663983333025927,0.20625240377938506,0.3119497364967032
0.7230919668699157,0.5930965287169117,0.7652088500836254
0.7408509049770159,0.7307017922772323,0.4470245199255406
0.7103661138154841,0.6131592147308902,0.7870887784069747
0.7612605631852319,0.7035527753026193,0.3997492452256869
0.6724487970593009,0.6758826154182894,0.7708878703205606
0.8149672258533603,0.6196549711492932,0.449672465147204
0.5579438925614818,0.7794238488166407,0.7739904293711196
0.9125772696648469,0.4085597022901583,0.4779994967730077
0.2951859872568309,0.83527764715033,0.753714847364351
0.7697895146809516,0.26826157370315457,0.6015446230322579
0.6556903857424015,0.6774552778278828,0.7064168276944652
0.8353138640133143,0.6345400568152708,0.5862222979713757
0.508989066621704,0.7277855062594489,0.7064726158813377
0.9247010277207011,0.5432058124990639,0.6275781641344632
0.25762743709602703,0.8015820717344649,0.6373237114341339
0.7076455007800309,0.39685549576080703,0.79417214784307
0.7654683802214978,0.7787167459263744,0.3832844815458444
0.664248194679525,0.5319701498486217,0.7619673939361833
0.8251833630147125,0.7789989344877242,0.4722536880624295
0.5337463875482341,0.5036092194934088,0.7712577742821879
0.9207863709115442,0.7895857496671803,0.49161707763963824
0.2698736712038416,0.4727400182501425,0.748668861080068
0.7290549293407689,0.8006207646129684,0.6191509211861369
0.7308752055753729,0.4051086156673363,0.6966293632487891
0.7277775659669584,0.7980792403866741,0.582513592221438
0.7330343076360214,0.4231855351049033,0.7350962766913821
0.7240715424190205,0.7982634090931804,0.5088543192592448
0.7392301923484561,0.4462472751998417,0.7823295831082452
0.7132449857550067,0.7944332585912778,0.40215016490676087
0.7567483313862838,0.48951564618955695,0.7796498888965621
0.6810970890223284,0.791924168403244,0.40308139446613256
0.803654224086264,0.4951854987852767,0.7852422103491212
0.5838382151199052,0.7893761595454487,0.3749039112275871
0.8989932686363815,0.5100921528664678,0.7842323109456677
0.3359761748565681,0.7846027020078766,0.3474607880669615
0.8254558837056725,0.529777452333454,0.7967468358260384
0.5330903307170313,0.7728088830614953,0.33934994800671875
0.9209486110482389,0.5587736226455353,0.7616309357510649
0.2693683873692663,0.7617108888072219,0.39479404189931694
0.7281935192447847,0.5658104441490244,0.846287933970271
0.7323325557663163,0.737093344247561,0.23741040487327272
0.7252798590650386,0.6625164485941751,0.6039483934294511
0.7372212448686547,0.6851138689797381,0.7145917589251547
0.7167864996369735,0.6196395039536121,0.5479705120101651
0.7511133702280495,0.7550768802770388,0.7643285014330169
0.6916856785830291,0.468206555712397,0.4404463065191699
0.7890494223168054,0.8586911494226167,0.7949463292835435
0.6158665963957879,0.1856223413631239,0.3554840090152304
0.8753272478067259,0.5450157700667614,0.764735986778711
0.40377899109916593,0.770622864990435,0.401525570529696
0.8907436145505907,0.5443952272783087,0.8290753307670539
0.3600818824453758,0.7570119998952419,0.23176164450679235
0.8525648054058903,0.6251329262163873,0.6289579791762977
0.4650828145596949,0.7285388811394116,0.653644828487199
0.9204889235954312,0.5570882548690728,0.7205833614243117
0.27079954099415593,0.7721093088482701,0.4836802869781387
0.7306284534885885,0.5157340400311918,0.8766170812361682
0.7281989108334093,0.7632237155941298,0.14616106278457114
0.7323234512494492,0.6384747458090912,0.42167485352776024
0.7252955117983159,0.7648260372742576,0.783657484103758
0.7371951497450793,0.4401532432715423,0.4033296635653196
0.7168323054684148,0.8604506785699823,0.776302958627946
0.7510398798294328,0.18669650243278016,0.42341121536872134
0.6918222213203287,0.5423389143978548,0.7809795846919941
0.788855671008619,0.7688017856668725,0.4201881470741128
0.616280884906794,0.5426618089696437,0.7737167323690289
0.8749713964795838,0.7701736781625707,0.46056370657031215
0.4047668717419579,0.5271977565472693,0.7630225491869069
0.891443409744093,0.7812983556561205,0.5491086955423191
0.3580566107812972,0.47428618033603875,0.7252288788525799
0.8504526747512992,0.8049142480997823,0.6374224641655429
0.47057681421074266,0.38833502954942634,0.6429089909562726
0.9217968217106401,0.7980012991345117,0.7330112896137008
0.26672353242076924,0.3753403686426629,0.4577503579371527
0.7236537317928976,0.817533835213467,0.8745225630391404
0.7399223305439093,0.27789044203284935,0.155065594649341
0.7120179186336029,0.7412860626449509,0.44150075386799364
0.7586790880596173,0.5940209737832289,0.7915269789736893
0.6774149787823858,0.7235115627976063,0.37363872974042683
0.8085385236234887,0.6480281807875333,0.7693587364158446
0.5727747239288804,0.6627448891455099,0.41127616980182946
0.9054042063611784,0.7358548301701178,0.8064890270257661
0.3168954890192535,0.4973445081364627,0.28848042890230796
0.8009491308164562,0.8875836820042332,0.7269979736428598
0.5898895964450322,0.11905558679625812,0.5054001842209428
0.8951034836685123,0.372383232104934,0.8106393931132785
0.3474049776141206,0.7626913639749818,0.28078932499006637
0.838844608829296,0.5984922374608872,0.7122226057925009
0.5001820249490893,0.7378273948602133,0.5234793867350269
0.9249998774075963,0.5767011594890449,0.8232152405721017
0.256687885553054,0.7328623299640828,0.23678910009063298
0.7059570953644182,0.6706164867313728,0.6479661250986024
0.7680521970154921,0.6611495481077494,0.6655799026350351
0.6591476727981209,0.6708173707441444,0.6235298179340667
0.8312864674988864,0.6673951365019353,0.7088349374173857
0.5189223228728046,0.6498509261553773,0.5320652878934238
0.9236751990792602,0.7218137176917522,0.8157349383563429
0.260847505035052,0.523495522751009,0.2577689365352717
0.7133825113625499,0.8889369366800812,0.6848303426527124
0.7565312442250617,0.1296836693234479,0.6074980134182102
0.6815093667244647,0.39511975299077057,0.7031758476712218
0.80310109422775,0.7922850388195584,0.5847484480569182
0.5850799887083805,0.4367575652435213,0.7154369986602351
0.8982171634291128,0.8048924823581634,0.5899081181036887
0.33826543577674356,0.40368832666409915,0.6879832541017171
0.8282151437213995,0.7988446293210248,0.7054553596773373
0.526416831898182,0.38199564472661235,0.5392641892273851
0.9224179586721138,0.8099647660192603,0.8107138647931671
0.2647833523077518,0.31916470334233615,0.27173283522621444
0.720290575999157,0.7866976790273983,0.7073859251111164
0.7454466298660506,0.4117012401917192,0.5661974442240069
0.7020970219833724,0.8222869076895257,0.7448705913127166
0.7738801367101734,0.30737680965490854,0.4977542542883362
0.647461781647782,0.7435487928559105,0.7759003865067674
0.8445435849270689,0.4900175468786443,0.4458834547669992
0.48577195691673336,0.8572270387007102,0.7684784017197706
0.9242509823230767,0.1991256400191612,0.512537871032528
0.2590410847922466,0.5619902890917717,0.7399297703468578
0.71017356437304,0.7641408931225087,0.6391844995685599
0.7615601695033071,0.48589703908592297,0.6763621775567996
0.6718692275987849,0.8127912307754411,0.6082583444237042
0.8157055838370092,0.37741620233351253,0.7229340611896279
0.5562209420362928,0.779059932273028,0.5092369640414389
0.9133050610032417,0.49194414898832367,0.8163832984589732
0.2929620282316947,0.7841086955362535,0.25939118417669965
0.7664005295104457,0.5585305484528436,0.6842428126542353
0.6624138041432505,0.7791821757430446,0.5939614382923846
0.8274004980277562,0.465254975866644,0.7397777406427164
0.5283929813973556,0.8027626109185731,0.4712876941282074
0.9220172028472668,0.4471726934716641,0.8273232010699562
0.26603547785358456,0.786468524411533,0.22631493251323245
0.7224642287941582,0.5636014370807992,0.6272757993786965
0.7418857675559756,0.7882959434304156,0.6884655090644038
0.7085177191792694,0.41374117003103156,0.5935632919910896
0.7641253349166186,0.818641957507668,0.7292147427254329
0.6668798875841812,0.3224200912499965,0.5116688545839237
0.8219590815435969,0.7598101937976348,0.7930048094475397
0.541466694302933,0.4488316917120813,0.3499042337698109
0.9186378990752723,0.872283976305831,0.7704084952575774
0.2765465449940158,0.15230354867754703,0.3749002173709567
0.740253647749788,0.46518567844655007,0.8303112211839605
0.711429283548807,0.7859189446965442,0.2782711653354507
0.7596013348147415,0.5485069174604967,0.6679230225125231
